[2026-03-12 12:53:56] debug: 	z2m: Removing old log directory '/config/zigbee2mqtt/log/2026-03-11.17-40-48'
[2026-03-12 12:53:56] info: 	z2m: Logging to console, file (filename: log.log)
[2026-03-12 12:53:57] debug: 	z2m: Loaded state from file /config/zigbee2mqtt/state.json
[2026-03-12 12:53:57] info: 	z2m: Starting Zigbee2MQTT version 2.9.1 (commit #unknown)
[2026-03-12 12:53:57] info: 	z2m: Starting zigbee-herdsman (9.0.9)
[2026-03-12 12:53:57] debug: 	z2m: Using zigbee-herdsman with settings: '"{\"network\":{\"panID\":14505,\"extendedPanID\":[29,210,64,211,69,80,126,215],\"channelList\":[25],\"networkKey\":\"HIDDEN\"},\"databasePath\":\"/config/zigbee2mqtt/database.db\",\"databaseBackupPath\":\"/config/zigbee2mqtt/database.db.backup\",\"backupPath\":\"/config/zigbee2mqtt/coordinator_backup.json\",\"serialPort\":{\"baudRate\":115200,\"rtscts\":false,\"path\":\"/dev/serial/by-id/usb-Silicon_Labs_Sonoff_Zigbee_3.0_USB_Dongle_Plus_0001-if00-port0\",\"adapter\":\"zstack\"},\"adapter\":{\"disableLED\":false}}"'
[2026-03-12 12:53:58] debug: 	zh:adapter:discovery: Connected devices: [{"path":"/dev/ttyUSB0","manufacturer":"Silicon Labs","serialNumber":"0001","pnpId":"usb-Silicon_Labs_Sonoff_Zigbee_3.0_USB_Dongle_Plus_0001-if00-port0","vendorId":"10c4","productId":"ea60"}]
[2026-03-12 12:53:58] debug: 	zh:adapter:discovery: Unable to match USB adapter: zstack | /dev/serial/by-id/usb-Silicon_Labs_Sonoff_Zigbee_3.0_USB_Dongle_Plus_0001-if00-port0
[2026-03-12 12:53:59] debug: 	zh:controller: Starting with options '{"network":{"networkKeyDistribute":false,"networkKey":"HIDDEN","extendedPanID":[29,210,64,211,69,80,126,215],"panID":14505,"channelList":[25]},"serialPort":{"baudRate":115200,"rtscts":false,"path":"/dev/serial/by-id/usb-Silicon_Labs_Sonoff_Zigbee_3.0_USB_Dongle_Plus_0001-if00-port0","adapter":"zstack"},"adapter":{"disableLED":false},"databasePath":"/config/zigbee2mqtt/database.db","databaseBackupPath":"/config/zigbee2mqtt/database.db.backup","backupPath":"/config/zigbee2mqtt/coordinator_backup.json"}'
[2026-03-12 12:53:59] info: 	zh:zstack:znp: Opening SerialPort with {"path":"/dev/serial/by-id/usb-Silicon_Labs_Sonoff_Zigbee_3.0_USB_Dongle_Plus_0001-if00-port0","baudRate":115200,"rtscts":false,"autoOpen":false}
[2026-03-12 12:53:59] info: 	zh:zstack:znp: Serialport opened
[2026-03-12 12:53:59] debug: 	zh:zstack:znp: --> SREQ: SYS - ping - {"capabilities":1}
[2026-03-12 12:53:59] debug: 	zh:zstack:unpi:writer: --> frame [254,0,33,1,32]
[2026-03-12 12:53:59] debug: 	zh:zstack:unpi:parser: <-- [254,2,97,1,89,6,61]
[2026-03-12 12:53:59] debug: 	zh:zstack:unpi:parser: --- parseNext [254,2,97,1,89,6,61]
[2026-03-12 12:53:59] debug: 	zh:zstack:unpi:parser: --> parsed 2 - 3 - 1 - 1 - [89,6] - 61
[2026-03-12 12:53:59] debug: 	zh:zstack:znp: <-- SRSP: SYS - ping - {"capabilities":1625}
[2026-03-12 12:53:59] debug: 	zh:zstack:unpi:parser: --- parseNext []
[2026-03-12 12:53:59] debug: 	zh:zstack:znp: --> SREQ: SYS - ping - {"capabilities":1}
[2026-03-12 12:53:59] debug: 	zh:zstack:unpi:writer: --> frame [254,0,33,1,32]
[2026-03-12 12:53:59] debug: 	zh:zstack:unpi:parser: <-- [254,2,97,1,89,6,61]
[2026-03-12 12:53:59] debug: 	zh:zstack:unpi:parser: --- parseNext [254,2,97,1,89,6,61]
[2026-03-12 12:53:59] debug: 	zh:zstack:unpi:parser: --> parsed 2 - 3 - 1 - 1 - [89,6] - 61
[2026-03-12 12:53:59] debug: 	zh:zstack:znp: <-- SRSP: SYS - ping - {"capabilities":1625}
[2026-03-12 12:53:59] debug: 	zh:zstack:unpi:parser: --- parseNext []
[2026-03-12 12:53:59] debug: 	zh:zstack:znp: --> SREQ: SYS - version - {}
[2026-03-12 12:53:59] debug: 	zh:zstack:unpi:writer: --> frame [254,0,33,2,35]
[2026-03-12 12:53:59] debug: 	zh:zstack:unpi:parser: <-- [254,10,97,2,2,1,2,7,1,209,254,52,1,0,116]
[2026-03-12 12:53:59] debug: 	zh:zstack:unpi:parser: --- parseNext [254,10,97,2,2,1,2,7,1,209,254,52,1,0,116]
[2026-03-12 12:53:59] debug: 	zh:zstack:unpi:parser: --> parsed 10 - 3 - 1 - 2 - [2,1,2,7,1,209,254,52,1,0] - 116
[2026-03-12 12:53:59] debug: 	zh:zstack:znp: <-- SRSP: SYS - version - {"transportrev":2,"product":1,"majorrel":2,"minorrel":7,"maintrel":1,"revision":20250321}
[2026-03-12 12:53:59] debug: 	zh:zstack:unpi:parser: --- parseNext []
[2026-03-12 12:53:59] debug: 	zh:zstack: Adapter concurrent: 16
[2026-03-12 12:53:59] debug: 	zh:zstack: Detected znp version 'ZStack3x0' ({"transportrev":2,"product":1,"majorrel":2,"minorrel":7,"maintrel":1,"revision":20250321})
[2026-03-12 12:53:59] debug: 	zh:adapter:zstack:manager: beginning znp startup
[2026-03-12 12:53:59] debug: 	zh:zstack:znp: --> SREQ: SYS - osalNvLength - {"id":130}
[2026-03-12 12:53:59] debug: 	zh:zstack:unpi:writer: --> frame [254,2,33,19,130,0,178]
[2026-03-12 12:53:59] debug: 	zh:zstack:unpi:parser: <-- [254,2,97,19,24,0,104]
[2026-03-12 12:53:59] debug: 	zh:zstack:unpi:parser: --- parseNext [254,2,97,19,24,0,104]
[2026-03-12 12:53:59] debug: 	zh:zstack:unpi:parser: --> parsed 2 - 3 - 1 - 19 - [24,0] - 104
[2026-03-12 12:53:59] debug: 	zh:zstack:znp: <-- SRSP: SYS - osalNvLength - {"length":24}
[2026-03-12 12:53:59] debug: 	zh:zstack:unpi:parser: --- parseNext []
[2026-03-12 12:53:59] debug: 	zh:zstack:znp: --> SREQ: SYS - osalNvReadExt - {"id":130,"offset":0}
[2026-03-12 12:53:59] debug: 	zh:zstack:unpi:writer: --> frame [254,4,33,28,130,0,0,0,187]
[2026-03-12 12:53:59] debug: 	zh:zstack:unpi:parser: <-- [254,26,97,28,0,24,0,163,131,110,153,186,210,17,209,113,80,180,174,15,232,231,27,130,0,32,0,174,0,0,44]
[2026-03-12 12:53:59] debug: 	zh:zstack:unpi:parser: --- parseNext [254,26,97,28,0,24,0,163,131,110,153,186,210,17,209,113,80,180,174,15,232,231,27,130,0,32,0,174,0,0,44]
[2026-03-12 12:53:59] debug: 	zh:zstack:unpi:parser: --> parsed 26 - 3 - 1 - 28 - [0,24,0,163,131,110,153,186,210,17,209,113,80,180,174,15,232,231,27,130,0,32,0,174,0,0] - 44
[2026-03-12 12:53:59] debug: 	zh:zstack:znp: <-- SRSP: SYS - osalNvReadExt - {"status":0,"len":24,"value":{"type":"Buffer","data":[0,163,131,110,153,186,210,17,209,113,80,180,174,15,232,231,27,130,0,32,0,174,0,0]}}
[2026-03-12 12:53:59] debug: 	zh:zstack:unpi:parser: --- parseNext []
[2026-03-12 12:53:59] debug: 	zh:adapter:zstack:manager: determining znp startup strategy
[2026-03-12 12:53:59] debug: 	zh:zstack:znp: --> SREQ: SYS - osalNvLength - {"id":96}
[2026-03-12 12:53:59] debug: 	zh:zstack:unpi:writer: --> frame [254,2,33,19,96,0,80]
[2026-03-12 12:53:59] debug: 	zh:zstack:unpi:parser: <-- [254,2,97,19,1,0,113]
[2026-03-12 12:53:59] debug: 	zh:zstack:unpi:parser: --- parseNext [254,2,97,19,1,0,113]
[2026-03-12 12:53:59] debug: 	zh:zstack:unpi:parser: --> parsed 2 - 3 - 1 - 19 - [1,0] - 113
[2026-03-12 12:53:59] debug: 	zh:zstack:znp: <-- SRSP: SYS - osalNvLength - {"length":1}
[2026-03-12 12:53:59] debug: 	zh:zstack:unpi:parser: --- parseNext []
[2026-03-12 12:53:59] debug: 	zh:zstack:znp: --> SREQ: SYS - osalNvReadExt - {"id":96,"offset":0}
[2026-03-12 12:53:59] debug: 	zh:zstack:unpi:writer: --> frame [254,4,33,28,96,0,0,0,89]
[2026-03-12 12:53:59] debug: 	zh:zstack:unpi:parser: <-- [254,3,97,28,0,1,85,42]
[2026-03-12 12:53:59] debug: 	zh:zstack:unpi:parser: --- parseNext [254,3,97,28,0,1,85,42]
[2026-03-12 12:53:59] debug: 	zh:zstack:unpi:parser: --> parsed 3 - 3 - 1 - 28 - [0,1,85] - 42
[2026-03-12 12:53:59] debug: 	zh:zstack:znp: <-- SRSP: SYS - osalNvReadExt - {"status":0,"len":1,"value":{"type":"Buffer","data":[85]}}
[2026-03-12 12:53:59] debug: 	zh:zstack:unpi:parser: --- parseNext []
[2026-03-12 12:53:59] debug: 	zh:zstack:znp: --> SREQ: SYS - osalNvLength - {"id":33}
[2026-03-12 12:53:59] debug: 	zh:zstack:unpi:writer: --> frame [254,2,33,19,33,0,17]
[2026-03-12 12:53:59] debug: 	zh:zstack:unpi:parser: <-- [254,2,97,19,116,0,4]
[2026-03-12 12:53:59] debug: 	zh:zstack:unpi:parser: --- parseNext [254,2,97,19,116,0,4]
[2026-03-12 12:53:59] debug: 	zh:zstack:unpi:parser: --> parsed 2 - 3 - 1 - 19 - [116,0] - 4
[2026-03-12 12:53:59] debug: 	zh:zstack:znp: <-- SRSP: SYS - osalNvLength - {"length":116}
[2026-03-12 12:53:59] debug: 	zh:zstack:unpi:parser: --- parseNext []
[2026-03-12 12:53:59] debug: 	zh:zstack:znp: --> SREQ: SYS - osalNvReadExt - {"id":33,"offset":0}
[2026-03-12 12:53:59] debug: 	zh:zstack:unpi:writer: --> frame [254,4,33,28,33,0,0,0,24]
[2026-03-12 12:53:59] debug: 	zh:zstack:unpi:parser: <-- [254,118,97,28,0,116,80,5,2,76,15,76,0,30,0,0,0,1,5,1,143,0,8,0,2,13,2,0,0,0,25,0,0,0,0,0,0,0,0,0,0,0,169,56,8,0,0,0,0,2,15,15,4,0,1,0,0,0,1,0,0,0,0,215,126,80,69,211,64,210,29,1,0,0,0,0,0,0,0,0,0,0,0,0,0,0,0,0,0,0,0,0,0,0,0,0,0,0,0,0,0,0,0,0,0,0,0,0,15,5,0,1,60,10,1,0,0,0,141,170,0,0,202]
[2026-03-12 12:53:59] debug: 	zh:zstack:unpi:parser: --- parseNext [254,118,97,28,0,116,80,5,2,76,15,76,0,30,0,0,0,1,5,1,143,0,8,0,2,13,2,0,0,0,25,0,0,0,0,0,0,0,0,0,0,0,169,56,8,0,0,0,0,2,15,15,4,0,1,0,0,0,1,0,0,0,0,215,126,80,69,211,64,210,29,1,0,0,0,0,0,0,0,0,0,0,0,0,0,0,0,0,0,0,0,0,0,0,0,0,0,0,0,0,0,0,0,0,0,0,0,0,15,5,0,1,60,10,1,0,0,0,141,170,0,0,202]
[2026-03-12 12:53:59] debug: 	zh:zstack:unpi:parser: --> parsed 118 - 3 - 1 - 28 - [0,116,80,5,2,76,15,76,0,30,0,0,0,1,5,1,143,0,8,0,2,13,2,0,0,0,25,0,0,0,0,0,0,0,0,0,0,0,169,56,8,0,0,0,0,2,15,15,4,0,1,0,0,0,1,0,0,0,0,215,126,80,69,211,64,210,29,1,0,0,0,0,0,0,0,0,0,0,0,0,0,0,0,0,0,0,0,0,0,0,0,0,0,0,0,0,0,0,0,0,0,0,0,0,15,5,0,1,60,10,1,0,0,0,141,170,0,0] - 202
[2026-03-12 12:53:59] debug: 	zh:zstack:znp: <-- SRSP: SYS - osalNvReadExt - {"status":0,"len":116,"value":{"type":"Buffer","data":[80,5,2,76,15,76,0,30,0,0,0,1,5,1,143,0,8,0,2,13,2,0,0,0,25,0,0,0,0,0,0,0,0,0,0,0,169,56,8,0,0,0,0,2,15,15,4,0,1,0,0,0,1,0,0,0,0,215,126,80,69,211,64,210,29,1,0,0,0,0,0,0,0,0,0,0,0,0,0,0,0,0,0,0,0,0,0,0,0,0,0,0,0,0,0,0,0,0,0,0,0,0,15,5,0,1,60,10,1,0,0,0,141,170,0,0]}}
[2026-03-12 12:53:59] debug: 	zh:zstack:unpi:parser: --- parseNext []
[2026-03-12 12:53:59] debug: 	zh:zstack:znp: --> SREQ: SYS - osalNvLength - {"id":98}
[2026-03-12 12:53:59] debug: 	zh:zstack:unpi:writer: --> frame [254,2,33,19,98,0,82]
[2026-03-12 12:53:59] debug: 	zh:zstack:unpi:parser: <-- [254,2,97,19,16,0,96]
[2026-03-12 12:53:59] debug: 	zh:zstack:unpi:parser: --- parseNext [254,2,97,19,16,0,96]
[2026-03-12 12:53:59] debug: 	zh:zstack:unpi:parser: --> parsed 2 - 3 - 1 - 19 - [16,0] - 96
[2026-03-12 12:53:59] debug: 	zh:zstack:znp: <-- SRSP: SYS - osalNvLength - {"length":16}
[2026-03-12 12:53:59] debug: 	zh:zstack:unpi:parser: --- parseNext []
[2026-03-12 12:53:59] debug: 	zh:zstack:znp: --> SREQ: SYS - osalNvReadExt - {"id":98,"offset":0}
[2026-03-12 12:53:59] debug: 	zh:zstack:unpi:writer: --> frame [254,4,33,28,98,0,0,0,91]
[2026-03-12 12:53:59] debug: 	zh:zstack:unpi:parser: <-- [254,18,97,28,0,16,163,131,110,153,186,210,17,209,113,80,180,174,15,232,231,27,32]
[2026-03-12 12:53:59] debug: 	zh:zstack:unpi:parser: --- parseNext [254,18,97,28,0,16,163,131,110,153,186,210,17,209,113,80,180,174,15,232,231,27,32]
[2026-03-12 12:53:59] debug: 	zh:zstack:unpi:parser: --> parsed 18 - 3 - 1 - 28 - [0,16,163,131,110,153,186,210,17,209,113,80,180,174,15,232,231,27] - 32
[2026-03-12 12:53:59] debug: 	zh:zstack:znp: <-- SRSP: SYS - osalNvReadExt - {"status":0,"len":16,"value":{"type":"Buffer","data":[163,131,110,153,186,210,17,209,113,80,180,174,15,232,231,27]}}
[2026-03-12 12:53:59] debug: 	zh:zstack:unpi:parser: --- parseNext []
[2026-03-12 12:53:59] debug: 	zh:zstack:znp: --> SREQ: SYS - osalNvLength - {"id":58}
[2026-03-12 12:53:59] debug: 	zh:zstack:unpi:writer: --> frame [254,2,33,19,58,0,10]
[2026-03-12 12:53:59] debug: 	zh:zstack:unpi:parser: <-- [254,2,97,19,17,0,97]
[2026-03-12 12:53:59] debug: 	zh:zstack:unpi:parser: --- parseNext [254,2,97,19,17,0,97]
[2026-03-12 12:53:59] debug: 	zh:zstack:unpi:parser: --> parsed 2 - 3 - 1 - 19 - [17,0] - 97
[2026-03-12 12:53:59] debug: 	zh:zstack:znp: <-- SRSP: SYS - osalNvLength - {"length":17}
[2026-03-12 12:53:59] debug: 	zh:zstack:unpi:parser: --- parseNext []
[2026-03-12 12:53:59] debug: 	zh:zstack:znp: --> SREQ: SYS - osalNvReadExt - {"id":58,"offset":0}
[2026-03-12 12:53:59] debug: 	zh:zstack:unpi:writer: --> frame [254,4,33,28,58,0,0,0,3]
[2026-03-12 12:53:59] debug: 	zh:zstack:unpi:parser: <-- [254,19,97,28,0,17,0,163,131,110,153,186,210,17,209,113,80,180,174,15,232,231,27,32]
[2026-03-12 12:53:59] debug: 	zh:zstack:unpi:parser: --- parseNext [254,19,97,28,0,17,0,163,131,110,153,186,210,17,209,113,80,180,174,15,232,231,27,32]
[2026-03-12 12:53:59] debug: 	zh:zstack:unpi:parser: --> parsed 19 - 3 - 1 - 28 - [0,17,0,163,131,110,153,186,210,17,209,113,80,180,174,15,232,231,27] - 32
[2026-03-12 12:53:59] debug: 	zh:zstack:znp: <-- SRSP: SYS - osalNvReadExt - {"status":0,"len":17,"value":{"type":"Buffer","data":[0,163,131,110,153,186,210,17,209,113,80,180,174,15,232,231,27]}}
[2026-03-12 12:53:59] debug: 	zh:zstack:unpi:parser: --- parseNext []
[2026-03-12 12:53:59] debug: 	zh:zstack:znp: --> SREQ: SYS - osalNvLength - {"id":59}
[2026-03-12 12:53:59] debug: 	zh:zstack:unpi:writer: --> frame [254,2,33,19,59,0,11]
[2026-03-12 12:53:59] debug: 	zh:zstack:unpi:parser: <-- [254,2,97,19,17,0,97]
[2026-03-12 12:53:59] debug: 	zh:zstack:unpi:parser: --- parseNext [254,2,97,19,17,0,97]
[2026-03-12 12:53:59] debug: 	zh:zstack:unpi:parser: --> parsed 2 - 3 - 1 - 19 - [17,0] - 97
[2026-03-12 12:53:59] debug: 	zh:zstack:znp: <-- SRSP: SYS - osalNvLength - {"length":17}
[2026-03-12 12:53:59] debug: 	zh:zstack:unpi:parser: --- parseNext []
[2026-03-12 12:53:59] debug: 	zh:zstack:znp: --> SREQ: SYS - osalNvReadExt - {"id":59,"offset":0}
[2026-03-12 12:53:59] debug: 	zh:zstack:unpi:writer: --> frame [254,4,33,28,59,0,0,0,2]
[2026-03-12 12:53:59] debug: 	zh:zstack:unpi:parser: <-- [254,19,97,28,0,17,0,163,131,110,153,186,210,17,209,113,80,180,174,15,232,231,27,32]
[2026-03-12 12:53:59] debug: 	zh:zstack:unpi:parser: --- parseNext [254,19,97,28,0,17,0,163,131,110,153,186,210,17,209,113,80,180,174,15,232,231,27,32]
[2026-03-12 12:53:59] debug: 	zh:zstack:unpi:parser: --> parsed 19 - 3 - 1 - 28 - [0,17,0,163,131,110,153,186,210,17,209,113,80,180,174,15,232,231,27] - 32
[2026-03-12 12:53:59] debug: 	zh:zstack:znp: <-- SRSP: SYS - osalNvReadExt - {"status":0,"len":17,"value":{"type":"Buffer","data":[0,163,131,110,153,186,210,17,209,113,80,180,174,15,232,231,27]}}
[2026-03-12 12:53:59] debug: 	zh:zstack:unpi:parser: --- parseNext []
[2026-03-12 12:53:59] debug: 	zh:adapter:zstack:manager: (stage-1) adapter is configured
[2026-03-12 12:53:59] debug: 	zh:adapter:zstack:manager: (stage-2) adapter state matches configuration
[2026-03-12 12:53:59] debug: 	zh:adapter:zstack:manager: determined startup strategy: startup
[2026-03-12 12:53:59] debug: 	zh:zstack:znp: --> SREQ: UTIL - getDeviceInfo - {}
[2026-03-12 12:53:59] debug: 	zh:zstack:unpi:writer: --> frame [254,0,39,0,39]
[2026-03-12 12:53:59] debug: 	zh:zstack:unpi:parser: <-- [254,22,103,0,0,110,106,123,37,0,75,18,0,0,0,7,9,4,140,102,238,18,138,128,148,202,58]
[2026-03-12 12:53:59] debug: 	zh:zstack:unpi:parser: --- parseNext [254,22,103,0,0,110,106,123,37,0,75,18,0,0,0,7,9,4,140,102,238,18,138,128,148,202,58]
[2026-03-12 12:53:59] debug: 	zh:zstack:unpi:parser: --> parsed 22 - 3 - 7 - 0 - [0,110,106,123,37,0,75,18,0,0,0,7,9,4,140,102,238,18,138,128,148,202] - 58
[2026-03-12 12:53:59] debug: 	zh:zstack:znp: <-- SRSP: UTIL - getDeviceInfo - {"status":0,"ieeeaddr":"0x00124b00257b6a6e","shortaddr":0,"devicetype":7,"devicestate":9,"numassocdevices":4,"assocdeviceslist":[26252,4846,32906,51860]}
[2026-03-12 12:53:59] debug: 	zh:zstack:unpi:parser: --- parseNext []
[2026-03-12 12:53:59] debug: 	zh:adapter:zstack:manager: adapter is already running in coordinator mode
[2026-03-12 12:53:59] debug: 	zh:zstack:unpi:writer: --> frame [254,4,37,5,0,0,0,0,36]
[2026-03-12 12:53:59] debug: 	zh:zstack:unpi:parser: <-- [254,1,101,5,0,97,254,21,69,133,0,0,0,0,0,15,242,239,47,13,12,110,11,10,8,6,5,4,3,2,1,137]
[2026-03-12 12:53:59] debug: 	zh:zstack:unpi:parser: --- parseNext [254,1,101,5,0,97,254,21,69,133,0,0,0,0,0,15,242,239,47,13,12,110,11,10,8,6,5,4,3,2,1,137]
[2026-03-12 12:53:59] debug: 	zh:zstack:unpi:parser: --> parsed 1 - 3 - 5 - 5 - [0] - 97
[2026-03-12 12:53:59] debug: 	zh:zstack:znp: <-- SRSP: ZDO - activeEpReq
[2026-03-12 12:53:59] debug: 	zh:zstack:unpi:parser: --- parseNext [254,21,69,133,0,0,0,0,0,15,242,239,47,13,12,110,11,10,8,6,5,4,3,2,1,137]
[2026-03-12 12:53:59] debug: 	zh:zstack:unpi:parser: --> parsed 21 - 2 - 5 - 133 - [0,0,0,0,0,15,242,239,47,13,12,110,11,10,8,6,5,4,3,2,1] - 137
[2026-03-12 12:53:59] debug: 	zh:zstack:znp: <-- AREQ: ZDO - activeEpRsp
[2026-03-12 12:53:59] debug: 	zh:zstack:unpi:parser: --- parseNext []
[2026-03-12 12:53:59] debug: 	zh:adapter:zstack:manager: endpoint '1' already registered
[2026-03-12 12:53:59] debug: 	zh:adapter:zstack:manager: endpoint '2' already registered
[2026-03-12 12:53:59] debug: 	zh:adapter:zstack:manager: endpoint '3' already registered
[2026-03-12 12:53:59] debug: 	zh:adapter:zstack:manager: endpoint '4' already registered
[2026-03-12 12:53:59] debug: 	zh:adapter:zstack:manager: endpoint '5' already registered
[2026-03-12 12:53:59] debug: 	zh:adapter:zstack:manager: endpoint '6' already registered
[2026-03-12 12:53:59] debug: 	zh:adapter:zstack:manager: endpoint '8' already registered
[2026-03-12 12:53:59] debug: 	zh:adapter:zstack:manager: endpoint '10' already registered
[2026-03-12 12:53:59] debug: 	zh:adapter:zstack:manager: endpoint '11' already registered
[2026-03-12 12:53:59] debug: 	zh:adapter:zstack:manager: endpoint '110' already registered
[2026-03-12 12:53:59] debug: 	zh:adapter:zstack:manager: endpoint '12' already registered
[2026-03-12 12:53:59] debug: 	zh:adapter:zstack:manager: endpoint '13' already registered
[2026-03-12 12:53:59] debug: 	zh:adapter:zstack:manager: endpoint '47' already registered
[2026-03-12 12:53:59] debug: 	zh:adapter:zstack:manager: endpoint '239' already registered
[2026-03-12 12:53:59] debug: 	zh:adapter:zstack:manager: endpoint '242' already registered
[2026-03-12 12:53:59] debug: 	zh:zstack:znp: --> SREQ: ZDO - extFindGroup - {"endpoint":242,"groupid":2948}
[2026-03-12 12:53:59] debug: 	zh:zstack:unpi:writer: --> frame [254,3,37,74,242,132,11,17]
[2026-03-12 12:53:59] debug: 	zh:zstack:unpi:parser: <-- [254,19,101,74,0,132,11,0,0,0,0,0,0,0,0,0,0,0,0,0,0,0,0,179]
[2026-03-12 12:53:59] debug: 	zh:zstack:unpi:parser: --- parseNext [254,19,101,74,0,132,11,0,0,0,0,0,0,0,0,0,0,0,0,0,0,0,0,179]
[2026-03-12 12:53:59] debug: 	zh:zstack:unpi:parser: --> parsed 19 - 3 - 5 - 74 - [0,132,11,0,0,0,0,0,0,0,0,0,0,0,0,0,0,0,0] - 179
[2026-03-12 12:53:59] debug: 	zh:zstack:znp: <-- SRSP: ZDO - extFindGroup
[2026-03-12 12:53:59] debug: 	zh:zstack:unpi:parser: --- parseNext []
[2026-03-12 12:53:59] debug: 	zh:controller: Started with result 'resumed'
[2026-03-12 12:53:59] debug: 	zh:zstack:znp: --> SREQ: ZDO - extNwkInfo - {}
[2026-03-12 12:53:59] debug: 	zh:zstack:unpi:writer: --> frame [254,0,37,80,117]
[2026-03-12 12:53:59] debug: 	zh:zstack:unpi:parser: <-- [254,24,101,80,0,0,9,169,56,0,0,215,126,80,69,211,64,210,29,0,0,0,0,0,0,0,0,25,76]
[2026-03-12 12:53:59] debug: 	zh:zstack:unpi:parser: --- parseNext [254,24,101,80,0,0,9,169,56,0,0,215,126,80,69,211,64,210,29,0,0,0,0,0,0,0,0,25,76]
[2026-03-12 12:53:59] debug: 	zh:zstack:unpi:parser: --> parsed 24 - 3 - 5 - 80 - [0,0,9,169,56,0,0,215,126,80,69,211,64,210,29,0,0,0,0,0,0,0,0,25] - 76
[2026-03-12 12:53:59] debug: 	zh:zstack:znp: <-- SRSP: ZDO - extNwkInfo
[2026-03-12 12:53:59] debug: 	zh:zstack:unpi:parser: --- parseNext []
[2026-03-12 12:53:59] debug: 	zh:controller: Injected database: true, adapter: true
[2026-03-12 12:53:59] debug: 	zh:zstack:znp: --> SREQ: UTIL - getDeviceInfo - {}
[2026-03-12 12:53:59] debug: 	zh:zstack:unpi:writer: --> frame [254,0,39,0,39]
[2026-03-12 12:53:59] debug: 	zh:zstack:unpi:parser: <-- [254,22,103,0,0,110,106,123,37,0,75,18,0,0,0,7,9,4,140,102,238,18,138,128,148,202,58]
[2026-03-12 12:53:59] debug: 	zh:zstack:unpi:parser: --- parseNext [254,22,103,0,0,110,106,123,37,0,75,18,0,0,0,7,9,4,140,102,238,18,138,128,148,202,58]
[2026-03-12 12:53:59] debug: 	zh:zstack:unpi:parser: --> parsed 22 - 3 - 7 - 0 - [0,110,106,123,37,0,75,18,0,0,0,7,9,4,140,102,238,18,138,128,148,202] - 58
[2026-03-12 12:53:59] debug: 	zh:zstack:znp: <-- SRSP: UTIL - getDeviceInfo - {"status":0,"ieeeaddr":"0x00124b00257b6a6e","shortaddr":0,"devicetype":7,"devicestate":9,"numassocdevices":4,"assocdeviceslist":[26252,4846,32906,51860]}
[2026-03-12 12:53:59] debug: 	zh:zstack:unpi:parser: --- parseNext []
[2026-03-12 12:53:59] debug: 	zh:controller:device: Request Queue (0x00124b00257b6a6e): default expiration timeout set to 0
[2026-03-12 12:53:59] debug: 	zh:controller:device: Request Queue (0x00158d008c4b0068): default expiration timeout set to 3600000
[2026-03-12 12:53:59] debug: 	zh:controller:device: Request Queue (0x00158d008c4b0072): default expiration timeout set to 3600000
[2026-03-12 12:53:59] debug: 	zh:controller:device: Request Queue (0x00158d008bc381e1): default expiration timeout set to 3600000
[2026-03-12 12:53:59] debug: 	zh:controller:device: Request Queue (0x2c1165fffe38f2c8): default expiration timeout set to 0
[2026-03-12 12:53:59] debug: 	zh:controller:device: Request Queue (0x2c1165fffe2d42b7): default expiration timeout set to 0
[2026-03-12 12:53:59] debug: 	zh:controller:device: Request Queue (0x0c4314fffea75c93): default expiration timeout set to 0
[2026-03-12 12:53:59] debug: 	zh:controller:device: Request Queue (0x0c4314fffef7fae6): default expiration timeout set to 0
[2026-03-12 12:53:59] debug: 	zh:controller:device: Request Queue (0x7cb03eaa0a0b0dc0): default expiration timeout set to 0
[2026-03-12 12:53:59] debug: 	zh:controller:device: Request Queue (0x001788010916738d): default expiration timeout set to 0
[2026-03-12 12:53:59] debug: 	zhc: Getting definitions for: lumi.js,54
[2026-03-12 12:53:59] debug: 	zhc: Getting definitions for: lumi.js,54
[2026-03-12 12:53:59] debug: 	zhc: Getting definitions for: lumi.js,54
[2026-03-12 12:53:59] debug: 	zhc: Getting definitions for: tuya.js,274,tuya.js,273,tuya.js,271,tuya.js,130,tuya.js,129,moes.js,28,lidl.js,2,immax.js,20
[2026-03-12 12:54:00] debug: 	zhc: Candidates for 0x2c1165fffe38f2c8/TS004F: ZG-101Z/D/Tuya,ERS-10TZBVK-AA/Tuya,YSR-MINI-Z/Tuya,TS004F_6_button/Tuya,TS004F/Tuya,ERS-10TZBVB-AA/Moes,HG08164/Lidl,07767L/Immax
[2026-03-12 12:54:00] debug: 	zhc: Getting definitions for: tuya.js,274,tuya.js,273,tuya.js,271,tuya.js,130,tuya.js,129,moes.js,28,lidl.js,2,immax.js,20
[2026-03-12 12:54:00] debug: 	zhc: Candidates for 0x2c1165fffe2d42b7/TS004F: ZG-101Z/D/Tuya,ERS-10TZBVK-AA/Tuya,YSR-MINI-Z/Tuya,TS004F_6_button/Tuya,TS004F/Tuya,ERS-10TZBVB-AA/Moes,HG08164/Lidl,07767L/Immax
[2026-03-12 12:54:00] debug: 	zhc: Getting definitions for: innr.js,70
[2026-03-12 12:54:00] debug: 	zhc: Getting definitions for: innr.js,70
[2026-03-12 12:54:00] debug: 	zhc: Getting definitions for: osram.js,22
[2026-03-12 12:54:01] debug: 	zhc: Getting definitions for: philips.js,364
[2026-03-12 12:54:02] info: 	z2m: zigbee-herdsman started (resumed)
[2026-03-12 12:54:02] info: 	z2m: Coordinator firmware version: '{"meta":{"maintrel":1,"majorrel":2,"minorrel":7,"product":1,"revision":20250321,"transportrev":2},"type":"ZStack3x0"}'
[2026-03-12 12:54:02] debug: 	z2m: Zigbee network parameters: {"channel":25,"extendedPanID":"0x1dd240d345507ed7","nwkUpdateID":0,"panID":14505}
[2026-03-12 12:54:02] info: 	z2m: LuMi.Wetter.PCbereich (0x00158d008c4b0068): WSDCGQ11LM - Aqara Temperature and humidity sensor (EndDevice)
[2026-03-12 12:54:02] info: 	z2m: LuMi.Wetter.Bettbereich (0x00158d008c4b0072): WSDCGQ11LM - Aqara Temperature and humidity sensor (EndDevice)
[2026-03-12 12:54:02] info: 	z2m: LuMi.Wetter.3D-Drucker (0x00158d008bc381e1): WSDCGQ11LM - Aqara Temperature and humidity sensor (EndDevice)
[2026-03-12 12:54:02] info: 	z2m: Smert.Button.01 (0x2c1165fffe38f2c8): HG08164 - Lidl Silvercrest smart button (EndDevice)
[2026-03-12 12:54:02] info: 	z2m: Smert.Button.02 (0x2c1165fffe2d42b7): HG08164 - Lidl Silvercrest smart button (EndDevice)
[2026-03-12 12:54:02] info: 	z2m: PC-Lampe (0x0c4314fffea75c93): RF 263 - Innr E27 filament bulb dimmable (Router)
[2026-03-12 12:54:02] info: 	z2m: Lampe-Bettbereich (0x0c4314fffef7fae6): RF 263 - Innr E27 filament bulb dimmable (Router)
[2026-03-12 12:54:02] info: 	z2m: Steckdose.AVM2Unify (0x7cb03eaa0a0b0dc0): AB3257001NJ - OSRAM Smart+ plug (Router)
[2026-03-12 12:54:02] info: 	z2m: Hue-Motiondetect (0x001788010916738d): 9290012607 - Philips Hue motion sensor (EndDevice)
[2026-03-12 12:54:02] info: 	z2m: Currently 9 devices are joined.
[2026-03-12 12:54:02] info: 	z2m: Connecting to MQTT server at mqtt://core-mosquitto:1883
[2026-03-12 12:54:02] debug: 	z2m: Using MQTT keepalive: 60
[2026-03-12 12:54:02] debug: 	z2m: Using MQTT login with username: addons
[2026-03-12 12:54:13] debug: 	zh:zstack:unpi:parser: <-- [254,5,69,196,17,195,1,53,63,93,254,28,68,129,0,0,0,4,17,195,2,1,0,87,0,18,183,213,0,0,8,8,83,10,0,0,33,127,75,53,63,28,113,254,12,69,202,17,195,141,115,22,9,1,136,23,0,53,63,36,254,12,69,202,17,195,141,115,22,9,1,136,23,0,53,63,36,254,13,69,193,17,195,17,195,141,115,22,9,1,136,23,0,128,118]
[2026-03-12 12:54:13] debug: 	zh:zstack:unpi:parser: --- parseNext [254,5,69,196,17,195,1,53,63,93,254,28,68,129,0,0,0,4,17,195,2,1,0,87,0,18,183,213,0,0,8,8,83,10,0,0,33,127,75,53,63,28,113,254,12,69,202,17,195,141,115,22,9,1,136,23,0,53,63,36,254,12,69,202,17,195,141,115,22,9,1,136,23,0,53,63,36,254,13,69,193,17,195,17,195,141,115,22,9,1,136,23,0,128,118]
[2026-03-12 12:54:13] debug: 	zh:zstack:unpi:parser: --> parsed 5 - 2 - 5 - 196 - [17,195,1,53,63] - 93
[2026-03-12 12:54:13] debug: 	zh:zstack:znp: <-- AREQ: ZDO - srcRtgInd
[2026-03-12 12:54:13] debug: 	zh:zstack:unpi:parser: --- parseNext [254,28,68,129,0,0,0,4,17,195,2,1,0,87,0,18,183,213,0,0,8,8,83,10,0,0,33,127,75,53,63,28,113,254,12,69,202,17,195,141,115,22,9,1,136,23,0,53,63,36,254,12,69,202,17,195,141,115,22,9,1,136,23,0,53,63,36,254,13,69,193,17,195,17,195,141,115,22,9,1,136,23,0,128,118]
[2026-03-12 12:54:13] debug: 	zh:zstack:unpi:parser: --> parsed 28 - 2 - 4 - 129 - [0,0,0,4,17,195,2,1,0,87,0,18,183,213,0,0,8,8,83,10,0,0,33,127,75,53,63,28] - 113
[2026-03-12 12:54:13] debug: 	zh:zstack:znp: <-- AREQ: AF - incomingMsg - {"groupid":0,"clusterid":1024,"srcaddr":49937,"srcendpoint":2,"dstendpoint":1,"wasbroadcast":0,"linkquality":87,"securityuse":0,"timestamp":14006034,"transseqnumber":0,"len":8,"data":{"type":"Buffer","data":[8,83,10,0,0,33,127,75]}}
[2026-03-12 12:54:13] debug: 	zh:controller: Received payload: clusterID=1024, address=49937, groupID=0, endpoint=2, destinationEndpoint=1, wasBroadcast=false, linkQuality=87, frame={"header":{"frameControl":{"frameType":0,"manufacturerSpecific":false,"direction":1,"disableDefaultResponse":false,"reservedBits":0},"transactionSequenceNumber":83,"commandIdentifier":10},"payload":[{"attrId":0,"dataType":33,"attrData":19327}],"command":{"ID":10,"name":"report","parameters":[{"name":"attrId","type":9},{"name":"dataType","type":8},{"name":"attrData","type":1000}]}}
[2026-03-12 12:54:13] debug: 	zh:controller:endpoint: ZCL command 0x001788010916738d/2 msIlluminanceMeasurement.defaultRsp({"cmdId":10,"statusCode":0}, {"timeout":10000,"disableResponse":false,"disableRecovery":false,"disableDefaultResponse":true,"direction":1,"reservedBits":0,"transactionSequenceNumber":83,"writeUndiv":false})
[2026-03-12 12:54:13] debug: 	zh:zstack: sendZclFrameToEndpointInternal 0x001788010916738d:49937/2 (0,0,1)
[2026-03-12 12:54:13] debug: 	zh:zstack:znp: --> SREQ: AF - dataRequest - {"dstaddr":49937,"destendpoint":2,"srcendpoint":1,"clusterid":1024,"transid":1,"options":0,"radius":30,"len":5,"data":{"type":"Buffer","data":[24,83,11,10,0]}}
[2026-03-12 12:54:13] debug: 	zh:zstack:unpi:writer: --> frame [254,15,36,1,17,195,2,1,0,4,1,0,30,5,24,83,11,10,0,175]
[2026-03-12 12:54:13] debug: 	zh:zstack:unpi:parser: --- parseNext [254,12,69,202,17,195,141,115,22,9,1,136,23,0,53,63,36,254,12,69,202,17,195,141,115,22,9,1,136,23,0,53,63,36,254,13,69,193,17,195,17,195,141,115,22,9,1,136,23,0,128,118]
[2026-03-12 12:54:13] debug: 	zh:zstack:unpi:parser: --> parsed 12 - 2 - 5 - 202 - [17,195,141,115,22,9,1,136,23,0,53,63] - 36
[2026-03-12 12:54:13] debug: 	zh:zstack:znp: <-- AREQ: ZDO - tcDeviceInd
[2026-03-12 12:54:13] debug: 	zh:controller: Device '0x001788010916738d' joined
[2026-03-12 12:54:13] debug: 	zh:zstack:unpi:parser: --- parseNext [254,12,69,202,17,195,141,115,22,9,1,136,23,0,53,63,36,254,13,69,193,17,195,17,195,141,115,22,9,1,136,23,0,128,118]
[2026-03-12 12:54:13] debug: 	zh:zstack:unpi:parser: --> parsed 12 - 2 - 5 - 202 - [17,195,141,115,22,9,1,136,23,0,53,63] - 36
[2026-03-12 12:54:13] debug: 	zh:zstack:znp: <-- AREQ: ZDO - tcDeviceInd
[2026-03-12 12:54:13] debug: 	zh:controller: Device '0x001788010916738d' joined
[2026-03-12 12:54:13] debug: 	zh:zstack:unpi:parser: --- parseNext [254,13,69,193,17,195,17,195,141,115,22,9,1,136,23,0,128,118]
[2026-03-12 12:54:13] debug: 	zh:zstack:unpi:parser: --> parsed 13 - 2 - 5 - 193 - [17,195,17,195,141,115,22,9,1,136,23,0,128] - 118
[2026-03-12 12:54:13] debug: 	zh:zstack:znp: <-- AREQ: ZDO - endDeviceAnnceInd
[2026-03-12 12:54:13] debug: 	zh:controller: Received ZDO response: clusterId=END_DEVICE_ANNOUNCE, status=SUCCESS, payload={"nwkAddress":49937,"eui64":"0x001788010916738d","capabilities":{"alternatePANCoordinator":0,"deviceType":0,"powerSource":0,"rxOnWhenIdle":0,"reserved1":0,"reserved2":0,"securityCapability":0,"allocateAddress":1}}
[2026-03-12 12:54:13] debug: 	zh:controller: Device announce from '0x001788010916738d:49937'
[2026-03-12 12:54:13] debug: 	z2m: Device 'Hue-Motiondetect' announced itself
[2026-03-12 12:54:13] debug: 	zh:zstack:unpi:parser: --- parseNext []
[2026-03-12 12:54:13] debug: 	z2m: Received Zigbee message from 'Hue-Motiondetect', type 'attributeReport', cluster 'msIlluminanceMeasurement', data '{"measuredValue":19327}' from endpoint 2 with groupID 0
[2026-03-12 12:54:13] debug: 	zh:controller: Device '0x001788010916738d' accepted by handler
[2026-03-12 12:54:13] debug: 	zh:controller: Not interviewing '0x001788010916738d', interviewState=SUCCESSFUL'
[2026-03-12 12:54:13] debug: 	zh:controller: Device '0x001788010916738d' accepted by handler
[2026-03-12 12:54:13] debug: 	zh:controller: Not interviewing '0x001788010916738d', interviewState=SUCCESSFUL'
[2026-03-12 12:54:13] debug: 	zh:zstack:unpi:parser: <-- [254,1,100,1,0,100,254,3,68,128,0,1,1,199]
[2026-03-12 12:54:13] debug: 	zh:zstack:unpi:parser: --- parseNext [254,1,100,1,0,100,254,3,68,128,0,1,1,199]
[2026-03-12 12:54:13] debug: 	zh:zstack:unpi:parser: --> parsed 1 - 3 - 4 - 1 - [0] - 100
[2026-03-12 12:54:13] debug: 	zh:zstack:znp: <-- SRSP: AF - dataRequest - {"status":0}
[2026-03-12 12:54:13] debug: 	zh:zstack:unpi:parser: --- parseNext [254,3,68,128,0,1,1,199]
[2026-03-12 12:54:13] debug: 	zh:zstack:unpi:parser: --> parsed 3 - 2 - 4 - 128 - [0,1,1] - 199
[2026-03-12 12:54:13] debug: 	zh:zstack:znp: <-- AREQ: AF - dataConfirm - {"status":0,"endpoint":1,"transid":1}
[2026-03-12 12:54:13] debug: 	zh:zstack:unpi:parser: --- parseNext []
[2026-03-12 12:54:13] debug: 	zh:zstack: Discovering route to 49937
[2026-03-12 12:54:13] debug: 	zh:zstack:znp: --> SREQ: ZDO - extRouteDisc - {"dstAddr":49937,"options":0,"radius":30}
[2026-03-12 12:54:13] debug: 	zh:zstack:unpi:writer: --> frame [254,4,37,69,17,195,0,30,168]
[2026-03-12 12:54:13] debug: 	zh:zstack:unpi:parser: <-- [254,1,101,69,0,33]
[2026-03-12 12:54:13] debug: 	zh:zstack:unpi:parser: --- parseNext [254,1,101,69,0,33]
[2026-03-12 12:54:14] debug: 	zh:zstack:unpi:parser: --> parsed 1 - 3 - 5 - 69 - [0] - 33
[2026-03-12 12:54:14] debug: 	zh:zstack:znp: <-- SRSP: ZDO - extRouteDisc
[2026-03-12 12:54:14] debug: 	zh:zstack:unpi:parser: --- parseNext []
[2026-03-12 12:54:15] info: 	z2m: Connected to MQTT server
[2026-03-12 12:54:15] info: 	z2m:mqtt: MQTT publish: topic 'zigbee2mqtt/bridge/state', payload '{"state":"online"}'
[2026-03-12 12:54:27] info: 	z2m:mqtt: MQTT publish: topic 'zigbee2mqtt/bridge/state', payload '{"state":"online"}'
[2026-03-12 12:54:36] debug: 	z2m:mqtt: Received MQTT message on 'zigbee2mqtt/bridge/info' with data '{"commit":"unknown","config":{"advanced":{"cache_state":true,"cache_state_persistent":true,"cache_state_send_on_startup":true,"channel":25,"elapsed":false,"ext_pan_id":[29,210,64,211,69,80,126,215],"last_seen":"disable","log_console_json":false,"log_debug_namespace_ignore":"","log_debug_to_mqtt_frontend":false,"log_directories_to_keep":10,"log_directory":"/config/zigbee2mqtt/log/%TIMESTAMP%","log_file":"log.log","log_level":"debug","log_namespaced_levels":{},"log_output":["console","file"],"log_rotation":true,"log_symlink_current":false,"log_syslog":{},"output":"json","pan_id":14505,"timestamp_format":"YYYY-MM-DD HH:mm:ss"},"availability":{"active":{"backoff":true,"max_jitter":30000,"pause_on_backoff_gt":0,"timeout":10},"enabled":false,"passive":{"timeout":1500}},"blocklist":[],"device_options":{},"devices":{"0x00158d008bc381e1":{"friendly_name":"LuMi.Wetter.3D-Drucker","homeassistant":{"name":"LuMi.Wetter.3D-Drucker"},"humidity_precision":3,"pressure_precision":2,"temperature_precision":3},"0x00158d008c4b0068":{"disable_automatic_update_check":false,"friendly_name":"LuMi.Wetter.PCbereich","homeassistant":{"name":"LuMi.PC-Bereich"}},"0x00158d008c4b0072":{"filtered_attributes":[],"filtered_optimistic":[],"friendly_name":"LuMi.Wetter.Bettbereich","homeassistant":{"name":"LuMi.Wetter.Bettbereich"},"optimistic":false},"0x001788010916738d":{"friendly_name":"Hue-Motiondetect","illuminance_raw":true,"no_occupancy_since":[]},"0x0c4314fffea75c93":{"friendly_name":"PC-Lampe","homeassistant":{"name":"Lampe-PC"}},"0x0c4314fffef7fae6":{"friendly_name":"Lampe-Bettbereich"},"0x2c1165fffe2d42b7":{"friendly_name":"Smert.Button.02"},"0x2c1165fffe38f2c8":{"friendly_name":"Smert.Button.01"},"0x7cb03eaa0a0b0dc0":{"friendly_name":"Steckdose.AVM2Unify","homeassistant":{"name":"Steckdose.AVM2Unify"}}},"frontend":{"base_url":"/","enabled":true,"package":"zigbee2mqtt-windfront","port":8099},"groups":{},"health":{"interval":10,"reset_on_check":false},"homeassistant":{"discovery_topic":"homeassistant","enabled":true,"experimental_event_entities":false,"legacy_action_sensor":false,"status_topic":"homeassistant/status"},"map_options":{"graphviz":{"colors":{"fill":{"coordinator":"#e04e5d","enddevice":"#fff8ce","router":"#4ea3e0"},"font":{"coordinator":"#ffffff","enddevice":"#000000","router":"#ffffff"},"line":{"active":"#009900","inactive":"#994444"}}}},"mqtt":{"base_topic":"zigbee2mqtt","force_disable_retain":false,"include_device_information":false,"keepalive":60,"maximum_packet_size":1048576,"reject_unauthorized":true,"server":"mqtt://core-mosquitto:1883","user":"addons","version":4},"onboarding":false,"ota":{"default_maximum_data_size":50,"disable_automatic_update_check":false,"image_block_request_timeout":150000,"image_block_response_delay":250,"update_check_interval":1440},"passlist":[],"serial":{"adapter":"zstack","baudrate":115200,"disable_led":false,"port":"/dev/serial/by-id/usb-Silicon_Labs_Sonoff_Zigbee_3.0_USB_Dongle_Plus_0001-if00-port0","rtscts":false},"version":5},"config_schema":{"definitions":{"device":{"properties":{"debounce":{"description":"Debounces messages of this device","requiresRestart":true,"title":"Debounce","type":"number"},"debounce_ignore":{"description":"Protects unique payload values of specified payload properties from overriding within debounce time","examples":["action"],"items":{"type":"string"},"title":"Ignore debounce","type":"array"},"disable_automatic_update_check":{"default":false,"description":"Zigbee devices may request a firmware update, and do so frequently, causing Zigbee2MQTT to reach out to third party servers. If you disable these device initiated checks, you can still initiate a firmware update check manually.","title":"Disable automatic update check","type":"boolean"},"disabled":{"description":"Disables the device (excludes device from network scans, availability and group state updates)","requiresRestart":true,"title":"Disabled","type":"boolean"},"filtered_attributes":{"description":"Filter attributes with regex from published payload.","examples":["^temperature$","^battery$","^action$"],"items":{"type":"string"},"title":"Filtered publish attributes","type":"array"},"filtered_cache":{"description":"Filter attributes with regex from being added to the cache, this prevents the attribute from being in the published payload when the value didn't change.","examples":["^input_actions$"],"items":{"type":"string"},"title":"Filtered attributes from cache","type":"array"},"filtered_optimistic":{"description":"Filter attributes with regex from optimistic publish payload when calling /set. (This has no effect if optimistic is set to false).","examples":["^color_(mode|temp)$","color"],"items":{"type":"string"},"title":"Filtered optimistic attributes","type":"array"},"friendly_name":{"description":"Used in the MQTT topic of a device. By default this is the device ID","readOnly":true,"title":"Friendly name","type":"string"},"homeassistant":{"properties":{"name":{"description":"Name of the device in Home Assistant","title":"Home Assistant name","type":["string","null"]}},"title":"Home Assistant","type":["object","null"]},"icon":{"description":"The user-defined device icon for the frontend. It can be a full URL link to an image (e.g. https://SOME.SITE/MODEL123.jpg) or a path to a local file inside the `device_icons` directory (e.g. device_icons/MODEL123.png).","title":"Icon","type":"string"},"optimistic":{"default":true,"description":"Publish optimistic state after set","title":"Optimistic","type":"boolean"},"qos":{"description":"QoS level for MQTT messages of this device","enum":[0,1,2],"title":"QoS","type":["number"]},"retain":{"description":"Retain MQTT messages of this device","title":"Retain","type":"boolean"},"retention":{"description":"Sets the MQTT Message Expiry in seconds, Make sure to set mqtt.version to 5","title":"Retention","type":"number"},"throttle":{"description":"The minimum time between payloads in seconds. Payloads received whilst the device is being throttled will be discarded","requiresRestart":true,"title":"Throttle","type":"number"}},"required":["friendly_name"],"type":"object"},"group":{"properties":{"filtered_attributes":{"items":{"type":"string"},"type":"array"},"friendly_name":{"type":"string"},"homeassistant":{"properties":{"name":{"description":"Name of the group in Home Assistant","title":"Home Assistant name","type":["string","null"]}},"title":"Home Assistant","type":["object","null"]},"off_state":{"default":"all_members_off","description":"Control when to publish state OFF or CLOSE for a group. 'all_members_off': only publish state OFF/CLOSE when all group members are in state OFF/CLOSE,  'last_member_state': publish state OFF whenever one of its members changes to OFF","enum":["all_members_off","last_member_state"],"requiresRestart":true,"title":"Group off state","type":["string"]},"optimistic":{"type":"boolean"},"qos":{"description":"QoS level for MQTT messages of this group","enum":[0,1,2],"title":"QoS","type":["number"]},"retain":{"type":"boolean"}},"required":["friendly_name"],"type":"object"}},"properties":{"advanced":{"properties":{"adapter_concurrent":{"default":null,"description":"Adapter concurrency (e.g. 2 for CC2531 or 16 for CC26X2R1) (default: null, uses recommended value)","maximum":64,"minimum":1,"requiresRestart":true,"title":"Adapter concurrency","type":["number","null"]},"adapter_delay":{"default":null,"description":"Adapter delay","maximum":1000,"minimum":0,"requiresRestart":true,"title":"Adapter delay","type":["number","null"]},"cache_state":{"default":true,"description":"MQTT message payload will contain all attributes, not only changed ones. Has to be true when integrating via Home Assistant","title":"Cache state","type":"boolean"},"cache_state_persistent":{"default":true,"description":"Persist cached state, only used when cache_state: true","title":"Persist cache state","type":"boolean"},"cache_state_send_on_startup":{"default":true,"description":"Send cached state on startup, only used when cache_state: true","title":"Send cached state on startup","type":"boolean"},"channel":{"default":11,"description":"Zigbee channel, changing might require re-pairing some devices! (Note: use a ZLL channel: 11, 15, 20, or 25 to avoid problems)","examples":[15,20,25],"maximum":26,"minimum":11,"requiresRestart":true,"title":"Zigbee channel","type":"number"},"elapsed":{"default":false,"description":"Add an elapsed attribute to MQTT messages, contains milliseconds since the previous msg","title":"Elapsed","type":"boolean"},"ext_pan_id":{"default":[221,221,221,221,221,221,221,221],"description":"Zigbee extended pan ID, changing requires re-pairing all devices!","oneOf":[{"title":"Extended pan ID (string)","type":"string"},{"items":{"type":"number"},"title":"Extended pan ID (array)","type":"array"}],"requiresRestart":true,"title":"Ext Pan ID"},"last_seen":{"default":"disable","description":"Add a last_seen attribute to MQTT messages, contains date/time of last Zigbee message","enum":["disable","ISO_8601","ISO_8601_local","epoch"],"title":"Last seen","type":"string"},"log_console_json":{"default":false,"description":"Console json log","requiresRestart":true,"title":"Console json log","type":"boolean"},"log_debug_namespace_ignore":{"default":"","description":"Do not log these namespaces (regex-based) for debug level","examples":["^zhc:legacy:fz:(tuya|moes)","^zhc:legacy:fz:(tuya|moes)|^zh:ember:uart:|^zh:controller"],"title":"Log debug namespace ignore","type":"string"},"log_debug_to_mqtt_frontend":{"default":false,"description":"Log debug level to MQTT and frontend (may decrease overall performance)","requiresRestart":true,"title":"Log debug to MQTT and frontend","type":"boolean"},"log_directories_to_keep":{"default":10,"description":"Number of log directories to keep before deleting the oldest one","maximum":1000,"minimum":5,"title":"Number of past log folders to keep","type":"number"},"log_directory":{"description":"Location of log directory","examples":["data/log/%TIMESTAMP%"],"requiresRestart":true,"title":"Log directory","type":"string"},"log_file":{"default":"log.log","description":"Log file name, can also contain timestamp","examples":["zigbee2mqtt_%TIMESTAMP%.log"],"requiresRestart":true,"title":"Log file","type":"string"},"log_level":{"default":"info","description":"Logging level","enum":["error","warning","info","debug"],"title":"Log level","type":"string"},"log_namespaced_levels":{"additionalProperties":{"enum":["error","warning","info","debug"],"type":"string"},"default":{},"description":"Set individual log levels for certain namespaces","examples":[{"z2m:mqtt":"warning"},{"zh:ember:uart:ash":"info"}],"propertyNames":{"pattern":"^(z2m|zhc|zh)(:[a-z0-9]{1,})*$"},"title":"Log Namespaced Levels","type":"object"},"log_output":{"default":["console","file"],"description":"Output location of the log, leave empty to suppress logging","items":{"enum":["console","file","syslog"],"type":"string"},"requiresRestart":true,"title":"Log output","type":"array"},"log_rotation":{"default":true,"description":"Log rotation","requiresRestart":true,"title":"Log rotation","type":"boolean"},"log_symlink_current":{"default":false,"description":"Create symlink to current logs in the log directory","requiresRestart":true,"title":"Log symlink current","type":"boolean"},"log_syslog":{"oneOf":[{"title":"syslog (disabled)","type":"null"},{"properties":{"app_name":{"default":"Zigbee2MQTT","description":"The name of the application (Default: Zigbee2MQTT).","title":"Localhost","type":"string"},"eol":{"default":"/n","description":"The end of line character to be added to the end of the message (Default: Message without modifications).","title":"eol","type":"string"},"host":{"default":"localhost","description":"The host running syslogd, defaults to localhost.","title":"Host","type":"string"},"localhost":{"default":"localhost","description":"Host to indicate that log messages are coming from (Default: localhost).","title":"Localhost","type":"string"},"path":{"default":"/dev/log","description":"The path to the syslog dgram socket (i.e. /dev/log or /var/run/syslog for OS X).","examples":["/var/run/syslog"],"title":"Path","type":"string"},"pid":{"default":"process.pid","description":"PID of the process that log messages are coming from (Default process.pid).","title":"PID","type":"string"},"port":{"default":514,"description":"The port on the host that syslog is running on, defaults to syslogd's default port.","title":"Port","type":"number"},"protocol":{"default":"udp4","description":"The network protocol to log over (e.g. tcp4, udp4, tls4, unix, unix-connect, etc).","examples":["udp4","tls4","unix","unix-connect"],"title":"Protocol","type":"string"},"type":{"default":"5424","description":"The type of the syslog protocol to use (Default: BSD, also valid: 5424).","title":"Type","type":"string"}},"title":"syslog (enabled)","type":"object"}],"requiresRestart":true},"network_key":{"default":[1,3,5,7,9,11,13,15,0,2,4,6,8,10,12,13],"description":"Network encryption key, changing requires re-pairing all devices!","oneOf":[{"title":"Network key(string)","type":"string"},{"items":{"type":"number"},"title":"Network key(array)","type":"array"}],"requiresRestart":true,"title":"Network key"},"output":{"default":"json","description":"Examples when 'state' of a device is published json: topic: 'zigbee2mqtt/my_bulb' payload '{\"state\": \"ON\"}' attribute: topic 'zigbee2mqtt/my_bulb/state' payload 'ON' attribute_and_json: both json and attribute (see above)","enum":["attribute_and_json","attribute","json"],"title":"MQTT output type","type":"string"},"pan_id":{"default":6754,"description":"Zigbee pan ID, changing requires re-pairing all devices!","oneOf":[{"title":"Pan ID (string)","type":"string"},{"maximum":65534,"minimum":1,"title":"Pan ID (number)","type":"number"}],"requiresRestart":true,"title":"Pan ID"},"timestamp_format":{"default":"YYYY-MM-DD HH:mm:ss","description":"Log timestamp format (see https://github.com/taylorhakes/fecha?tab=readme-ov-file#formatting-tokens for all supported tokens)","examples":["YYYY-MM-DD HH:mm:ss.SSS"],"requiresRestart":true,"title":"Timestamp format","type":"string"},"transmit_power":{"description":"Transmit power of adapter, only available for Z-Stack (CC253*/CC2652/CC1352) adapters, CC2652 = 5dbm, CC1352 max is = 20dbm (5dbm default)","maximum":127,"minimum":-128,"requiresRestart":true,"title":"Transmit power","type":["number","null"]}},"title":"Advanced","type":"object"},"availability":{"description":"Checks whether devices are online/offline","properties":{"active":{"description":"Options for active devices (routers/mains powered)","properties":{"backoff":{"default":true,"description":"Enable timeout backoff on failed availability pings (x1.5, x3, x6, x12...)","title":"Backoff","type":"boolean"},"max_jitter":{"default":30000,"description":"Maximum jitter (in msec) allowed on timeout to avoid availability pings trying to trigger around the same time","minimum":1000,"title":"Max jitter","type":"number"},"pause_on_backoff_gt":{"default":0,"description":"Pause availability pings when backoff reaches over this limit until a new Zigbee message is received from the device. A value of zero disables pausing.","minimum":0,"title":"Pause on backoff greater than","type":"number"},"timeout":{"default":10,"description":"Time after which an active device will be marked as offline in minutes","minimum":1,"requiresRestart":true,"title":"Timeout","type":"number"}},"required":["timeout"],"requiresRestart":true,"title":"Active","type":"object"},"enabled":{"default":false,"description":"Enable availability checks","requiresRestart":true,"title":"Enabled","type":"boolean"},"passive":{"description":"Options for passive devices (mostly battery powered)","properties":{"timeout":{"default":1500,"description":"Time after which an passive device will be marked as offline in minutes","minimum":1,"requiresRestart":true,"title":"Timeout","type":"number"}},"required":["timeout"],"requiresRestart":true,"title":"Passive","type":"object"}},"required":[],"title":"Availability","type":"object"},"blocklist":{"description":"Block devices from the network (by ieeeAddr)","items":{"type":"string"},"requiresRestart":true,"title":"Blocklist","type":"array"},"device_options":{"title":"Options that are applied to all devices","type":"object"},"devices":{"patternProperties":{"^.*$":{"$ref":"#/definitions/device"}},"propertyNames":{"pattern":"^0x[\\d\\w]{16}$"},"type":"object"},"frontend":{"properties":{"auth_token":{"description":"Enables authentication, disabled by default","requiresRestart":true,"title":"Auth token","type":["string","null"]},"base_url":{"default":"/","description":"Base URL for the frontend. If hosted under a subpath, e.g. 'http://localhost:8080/z2m', set this to '/z2m'","pattern":"^\\/.*","requiresRestart":true,"title":"Base URL","type":"string"},"disable_ui_serving":{"description":"If true, the frontend UI is not served, only the WebSocket is maintained by Zigbee2MQTT (you are required to serve a standalone UI yourself as needed).","requiresRestart":true,"title":"Disable UI serving","type":["boolean","null"]},"enabled":{"default":false,"description":"Enable frontend","requiresRestart":true,"title":"Enabled","type":"boolean"},"host":{"description":"Frontend binding host. Binds to a unix socket when an absolute path is given instead.","examples":["127.0.0.1","::1","/run/zigbee2mqtt/zigbee2mqtt.sock"],"requiresRestart":true,"title":"Bind host","type":["string","null"]},"notification_filter":{"description":"Hide frontend notifications matching specified regex strings. Example: 'z2m: Failed to ping.*'","items":{"type":"string"},"title":"Notification Filter","type":"array"},"package":{"default":"zigbee2mqtt-windfront","description":"Package used for the frontend","enum":["zigbee2mqtt-windfront","zigbee2mqtt-frontend"],"requiresRestart":true,"title":"Package","type":"string"},"port":{"default":8080,"description":"Frontend binding port. Ignored when using a unix domain socket","requiresRestart":true,"title":"Port","type":"number"},"ssl_cert":{"description":"SSL Certificate file path for exposing HTTPS. The sibling property 'ssl_key' must be set for HTTPS to be activated.","requiresRestart":true,"title":"Certificate file path","type":["string","null"]},"ssl_key":{"description":"SSL key file path for exposing HTTPS. The sibling property 'ssl_cert' must be set for HTTPS to be activated.","requiresRestart":true,"title":"key file path","type":["string","null"]},"url":{"description":"URL on which the frontend can be reached, currently only used for the Home Assistant device configuration page","requiresRestart":true,"title":"URL","type":["string","null"]}},"required":[],"title":"Frontend","type":"object"},"groups":{"patternProperties":{"^.*$":{"$ref":"#/definitions/group"}},"propertyNames":{"pattern":"^[\\w].*$"},"type":"object"},"health":{"description":"Periodically check the health of Zigbee2MQTT","properties":{"interval":{"default":10,"description":"Interval between checks in minutes","minimum":1,"requiresRestart":true,"title":"Interval","type":"number"},"reset_on_check":{"default":false,"description":"If true, will reset stats every time the health check is executed (only applicable to stats that can be reset).","title":"Reset on check","type":"boolean"}},"required":[],"title":"Health","type":"object"},"homeassistant":{"description":"Home Assistant integration (MQTT discovery)","properties":{"discovery_topic":{"default":"homeassistant","description":"Home Assistant discovery topic","examples":["homeassistant"],"requiresRestart":true,"title":"Homeassistant discovery topic","type":"string"},"enabled":{"default":false,"description":"Enable Home Assistant integration","requiresRestart":true,"title":"Enabled","type":"boolean"},"experimental_event_entities":{"default":false,"description":"Home Assistant experimental event entities, when enabled Zigbee2MQTT will add event entities for exposed actions. The events and attributes are currently deemed experimental and subject to change.","title":"Home Assistant experimental event entities","type":"boolean"},"legacy_action_sensor":{"default":false,"description":"Home Assistant legacy actions sensor, when enabled a action sensor will be discoverd and an empty `action` will be send after every published action.","title":"Home Assistant legacy action sensors","type":"boolean"},"status_topic":{"default":"homeassistant/status","description":"Home Assistant status topic","examples":["homeassistant/status"],"requiresRestart":true,"title":"Home Assistant status topic","type":"string"}},"required":[],"title":"Home Assistant integration","type":"object"},"map_options":{"properties":{"graphviz":{"properties":{"colors":{"properties":{"fill":{"properties":{"coordinator":{"default":"#e04e5d","type":"string"},"enddevice":{"default":"#fff8ce","type":"string"},"router":{"default":"#4ea3e0","type":"string"}},"type":"object"},"font":{"properties":{"coordinator":{"default":"#ffffff","type":"string"},"enddevice":{"default":"#000000","type":"string"},"router":{"default":"#ffffff","type":"string"}},"type":"object"},"line":{"properties":{"active":{"default":"#009900","type":"string"},"inactive":{"default":"#994444","type":"string"}},"type":"object"}},"type":"object"}},"type":"object"}},"title":"Networkmap","type":"object"},"mqtt":{"properties":{"base_topic":{"default":"zigbee2mqtt","description":"MQTT base topic for Zigbee2MQTT MQTT messages","examples":["zigbee2mqtt"],"requiresRestart":true,"title":"Base topic","type":"string"},"ca":{"description":"Absolute path to SSL/TLS certificate of CA used to sign server and client certificates","examples":["/etc/ssl/mqtt-ca.crt"],"requiresRestart":true,"title":"Certificate authority","type":"string"},"cert":{"description":"Absolute path to SSL/TLS certificate for client-authentication","examples":["/etc/ssl/mqtt-client.crt"],"requiresRestart":true,"title":"SSL/TLS certificate","type":"string"},"client_id":{"description":"MQTT client ID","examples":["MY_CLIENT_ID"],"requiresRestart":true,"title":"Client ID","type":"string"},"force_disable_retain":{"default":false,"description":"Disable retain for all send messages. ONLY enable if your MQTT broker doesn't support retained message (e.g. AWS IoT core, Azure IoT Hub, Google Cloud IoT core, IBM Watson IoT Platform). Enabling will break the Home Assistant integration","requiresRestart":true,"title":"Force disable retain","type":"boolean"},"include_device_information":{"default":false,"description":"Include device information to mqtt messages","title":"Include device information","type":"boolean"},"keepalive":{"default":60,"description":"MQTT keepalive in second","requiresRestart":true,"title":"Keepalive","type":"number"},"key":{"description":"Absolute path to SSL/TLS key for client-authentication","examples":["/etc/ssl/mqtt-client.key"],"requiresRestart":true,"title":"SSL/TLS key","type":"string"},"maximum_packet_size":{"default":1048576,"description":"Specifies the maximum allowed packet length (in bytes) that the server can send to Zigbee2MQTT. NOTE: The same value exists in your MQTT broker but for the length the client can send to it instead.","maximum":268435456,"minimum":20,"requiresRestart":true,"title":"Maximum packet size","type":"number"},"password":{"description":"MQTT server authentication password","examples":["ILOVEPELMENI"],"requiresRestart":true,"title":"Password","type":"string"},"reject_unauthorized":{"default":true,"description":"Disable self-signed SSL certificate","requiresRestart":true,"title":"Reject unauthorized","type":"boolean"},"server":{"description":"MQTT server URL (use mqtts:// for SSL/TLS connection)","examples":["mqtt://localhost:1883"],"requiresRestart":true,"title":"MQTT server","type":"string"},"user":{"description":"MQTT server authentication user","examples":["johnnysilverhand"],"requiresRestart":true,"title":"User","type":"string"},"version":{"default":4,"description":"MQTT protocol version","examples":[5],"requiresRestart":true,"title":"Version","type":["number","null"]}},"required":["server"],"title":"MQTT","type":"object"},"ota":{"properties":{"default_maximum_data_size":{"default":50,"description":"The size of file chunks sent during an update (in bytes). Note: This value may get ignored for manufacturers that require specific values.","maximum":100,"minimum":10,"title":"Default maximum data size","type":"number"},"disable_automatic_update_check":{"default":false,"description":"Zigbee devices may request a firmware update, and do so frequently, causing Zigbee2MQTT to reach out to third party servers. If you disable these device initiated checks, you can still initiate a firmware update check manually.","title":"Disable automatic update check","type":"boolean"},"image_block_request_timeout":{"default":150000,"description":"Timeout (in milliseconds) during OTA updates. You can increase this value if your device is requesting blocks too slowly.","maximum":2147483647,"minimum":10000,"title":"Image block request timeout","type":"number"},"image_block_response_delay":{"default":250,"description":"Limits the rate of requests (in milliseconds) during OTA updates to reduce network congestion. You can increase this value if your network appears unstable during OTA.","minimum":50,"title":"Image block response delay","type":"number"},"update_check_interval":{"default":1440,"description":"Your device may request a check for a new firmware update. This value determines how frequently third party servers may actually be contacted to look for firmware updates. The value is set in minutes, and the default is 1 day.","minimum":1,"title":"Update check interval","type":"number"},"zigbee_ota_override_index_location":{"description":"Location of override OTA index file","examples":["index.json"],"requiresRestart":true,"title":"OTA index override file name","type":["string","null"]}},"title":"OTA updates","type":"object"},"passlist":{"description":"Allow only certain devices to join the network (by ieeeAddr). Note that all devices not on the passlist will be removed from the network!","items":{"type":"string"},"requiresRestart":true,"title":"Passlist","type":"array"},"serial":{"properties":{"adapter":{"description":"Adapter type, not needed unless you are experiencing problems","enum":["deconz","zstack","zigate","ezsp","ember","zboss","zoh"],"requiresRestart":true,"title":"Adapter","type":"string"},"baudrate":{"description":"Baud rate speed for the serial port. This must match what the firmware on your adapter supports (most commonly 115200).","examples":[115200,921600,460800,230400,57600,38400],"requiresRestart":true,"title":"Baudrate","type":"number"},"disable_led":{"default":false,"description":"Disable LED of the adapter if supported","requiresRestart":true,"title":"Disable led","type":"boolean"},"port":{"description":"Location of the adapter. To autodetect the port, set null","examples":["/dev/ttyACM0"],"requiresRestart":true,"title":"Port","type":["string","null"]},"rtscts":{"description":"RTS / CTS Hardware Flow Control for serial port","requiresRestart":true,"title":"RTS / CTS","type":"boolean"}},"title":"Serial","type":"object"}},"required":["mqtt"],"type":"object"},"coordinator":{"ieee_address":"0x00124b00257b6a6e","meta":{"maintrel":1,"majorrel":2,"minorrel":7,"product":1,"revision":20250321,"transportrev":2},"type":"ZStack3x0"},"log_level":"debug","mqtt":{"server":"mqtt://core-mosquitto:1883","version":4},"network":{"channel":25,"extended_pan_id":"0x1dd240d345507ed7","pan_id":14505},"os":{"cpus":"Cortex-A72 (x4)","memory_mb":1843,"node_version":"v22.22.0","version":"#1 SMP PREEMPT Thu Feb 12 15:19:08 UTC 2026 - 6.12.47-haos-raspi - arm64"},"permit_join":false,"restart_required":false,"version":"2.9.1","zigbee_herdsman":{"version":"9.0.9"},"zigbee_herdsman_converters":{"version":"26.12.0"}}'
[2026-03-12 12:54:39] debug: 	z2m:mqtt: Received MQTT message on 'zigbee2mqtt/bridge/devices' with data '[{"disabled":false,"endpoints":{"1":{"bindings":[],"clusters":{"input":[],"output":[]},"configured_reportings":[],"scenes":[]},"10":{"bindings":[],"clusters":{"input":[],"output":[]},"configured_reportings":[],"scenes":[]},"11":{"bindings":[],"clusters":{"input":["ssIasAce","genTime"],"output":["ssIasZone","ssIasWd"]},"configured_reportings":[],"scenes":[]},"110":{"bindings":[],"clusters":{"input":[],"output":[]},"configured_reportings":[],"scenes":[]},"12":{"bindings":[],"clusters":{"input":[],"output":[]},"configured_reportings":[],"scenes":[]},"13":{"bindings":[],"clusters":{"input":["genOta"],"output":[]},"configured_reportings":[],"scenes":[]},"2":{"bindings":[],"clusters":{"input":[],"output":[]},"configured_reportings":[],"scenes":[]},"239":{"bindings":[],"clusters":{"input":[],"output":[]},"configured_reportings":[],"scenes":[]},"242":{"bindings":[],"clusters":{"input":[],"output":[]},"configured_reportings":[],"scenes":[]},"3":{"bindings":[],"clusters":{"input":[],"output":[]},"configured_reportings":[],"scenes":[]},"4":{"bindings":[],"clusters":{"input":[],"output":[]},"configured_reportings":[],"scenes":[]},"47":{"bindings":[],"clusters":{"input":[],"output":[]},"configured_reportings":[],"scenes":[]},"5":{"bindings":[],"clusters":{"input":[],"output":[]},"configured_reportings":[],"scenes":[]},"6":{"bindings":[],"clusters":{"input":[],"output":[]},"configured_reportings":[],"scenes":[]},"8":{"bindings":[],"clusters":{"input":[],"output":[]},"configured_reportings":[],"scenes":[]}},"friendly_name":"Coordinator","ieee_address":"0x00124b00257b6a6e","interview_completed":true,"interview_state":"SUCCESSFUL","interviewing":false,"network_address":0,"supported":true,"type":"Coordinator"},{"date_code":"20191205","definition":{"description":"Temperature and humidity sensor","exposes":[{"access":1,"category":"diagnostic","description":"Remaining battery in %, can take up to 24 hours before reported","label":"Battery","name":"battery","property":"battery","type":"numeric","unit":"%","value_max":100,"value_min":0},{"access":1,"description":"Measured temperature value","label":"Temperature","name":"temperature","property":"temperature","type":"numeric","unit":"°C"},{"access":1,"description":"Measured relative humidity","label":"Humidity","name":"humidity","property":"humidity","type":"numeric","unit":"%"},{"access":1,"description":"The measured atmospheric pressure","label":"Pressure","name":"pressure","property":"pressure","type":"numeric","unit":"hPa"},{"access":1,"category":"diagnostic","description":"Voltage of the battery in millivolts","label":"Voltage","name":"voltage","property":"voltage","type":"numeric","unit":"mV"},{"access":1,"category":"diagnostic","description":"Link quality (signal strength)","label":"Linkquality","name":"linkquality","property":"linkquality","type":"numeric","unit":"lqi","value_max":255,"value_min":0}],"model":"WSDCGQ11LM","options":[{"access":2,"description":"Calibrates the temperature value (absolute offset), takes into effect on next report of device.","label":"Temperature calibration","name":"temperature_calibration","property":"temperature_calibration","type":"numeric","value_step":0.1},{"access":2,"description":"Number of digits after decimal point for temperature, takes into effect on next report of device. This option can only decrease the precision, not increase it.","label":"Temperature precision","name":"temperature_precision","property":"temperature_precision","type":"numeric","value_max":3,"value_min":0},{"access":2,"description":"Calibrates the humidity value (absolute offset), takes into effect on next report of device.","label":"Humidity calibration","name":"humidity_calibration","property":"humidity_calibration","type":"numeric","value_step":0.1},{"access":2,"description":"Number of digits after decimal point for humidity, takes into effect on next report of device. This option can only decrease the precision, not increase it.","label":"Humidity precision","name":"humidity_precision","property":"humidity_precision","type":"numeric","value_max":3,"value_min":0},{"access":2,"description":"Calibrates the pressure value (absolute offset), takes into effect on next report of device.","label":"Pressure calibration","name":"pressure_calibration","property":"pressure_calibration","type":"numeric","value_step":0.1},{"access":2,"description":"Number of digits after decimal point for pressure, takes into effect on next report of device. This option can only decrease the precision, not increase it.","label":"Pressure precision","name":"pressure_precision","property":"pressure_precision","type":"numeric","value_max":3,"value_min":0}],"source":"native","supports_ota":false,"vendor":"Aqara"},"disabled":false,"endpoints":{"1":{"bindings":[],"clusters":{"input":["genBasic","genIdentify","65535","msTemperatureMeasurement","msPressureMeasurement","msRelativeHumidity"],"output":["genBasic","genGroups","65535"]},"configured_reportings":[],"scenes":[]}},"friendly_name":"LuMi.Wetter.PCbereich","ieee_address":"0x00158d008c4b0068","interview_completed":true,"interview_state":"SUCCESSFUL","interviewing":false,"manufacturer":"LUMI","model_id":"lumi.weather","network_address":26252,"power_source":"Battery","software_build_id":"3000-0001","supported":true,"type":"EndDevice"},{"date_code":"20191205","definition":{"description":"Temperature and humidity sensor","exposes":[{"access":1,"category":"diagnostic","description":"Remaining battery in %, can take up to 24 hours before reported","label":"Battery","name":"battery","property":"battery","type":"numeric","unit":"%","value_max":100,"value_min":0},{"access":1,"description":"Measured temperature value","label":"Temperature","name":"temperature","property":"temperature","type":"numeric","unit":"°C"},{"access":1,"description":"Measured relative humidity","label":"Humidity","name":"humidity","property":"humidity","type":"numeric","unit":"%"},{"access":1,"description":"The measured atmospheric pressure","label":"Pressure","name":"pressure","property":"pressure","type":"numeric","unit":"hPa"},{"access":1,"category":"diagnostic","description":"Voltage of the battery in millivolts","label":"Voltage","name":"voltage","property":"voltage","type":"numeric","unit":"mV"},{"access":1,"category":"diagnostic","description":"Link quality (signal strength)","label":"Linkquality","name":"linkquality","property":"linkquality","type":"numeric","unit":"lqi","value_max":255,"value_min":0}],"model":"WSDCGQ11LM","options":[{"access":2,"description":"Calibrates the temperature value (absolute offset), takes into effect on next report of device.","label":"Temperature calibration","name":"temperature_calibration","property":"temperature_calibration","type":"numeric","value_step":0.1},{"access":2,"description":"Number of digits after decimal point for temperature, takes into effect on next report of device. This option can only decrease the precision, not increase it.","label":"Temperature precision","name":"temperature_precision","property":"temperature_precision","type":"numeric","value_max":3,"value_min":0},{"access":2,"description":"Calibrates the humidity value (absolute offset), takes into effect on next report of device.","label":"Humidity calibration","name":"humidity_calibration","property":"humidity_calibration","type":"numeric","value_step":0.1},{"access":2,"description":"Number of digits after decimal point for humidity, takes into effect on next report of device. This option can only decrease the precision, not increase it.","label":"Humidity precision","name":"humidity_precision","property":"humidity_precision","type":"numeric","value_max":3,"value_min":0},{"access":2,"description":"Calibrates the pressure value (absolute offset), takes into effect on next report of device.","label":"Pressure calibration","name":"pressure_calibration","property":"pressure_calibration","type":"numeric","value_step":0.1},{"access":2,"description":"Number of digits after decimal point for pressure, takes into effect on next report of device. This option can only decrease the precision, not increase it.","label":"Pressure precision","name":"pressure_precision","property":"pressure_precision","type":"numeric","value_max":3,"value_min":0}],"source":"native","supports_ota":false,"vendor":"Aqara"},"disabled":false,"endpoints":{"1":{"bindings":[],"clusters":{"input":["genBasic","genIdentify","65535","msTemperatureMeasurement","msPressureMeasurement","msRelativeHumidity"],"output":["genBasic","genGroups","65535"]},"configured_reportings":[],"scenes":[]}},"friendly_name":"LuMi.Wetter.Bettbereich","ieee_address":"0x00158d008c4b0072","interview_completed":true,"interview_state":"SUCCESSFUL","interviewing":false,"manufacturer":"LUMI","model_id":"lumi.weather","network_address":4846,"power_source":"Battery","software_build_id":"3000-0001","supported":true,"type":"EndDevice"},{"date_code":"20191205","definition":{"description":"Temperature and humidity sensor","exposes":[{"access":1,"category":"diagnostic","description":"Remaining battery in %, can take up to 24 hours before reported","label":"Battery","name":"battery","property":"battery","type":"numeric","unit":"%","value_max":100,"value_min":0},{"access":1,"description":"Measured temperature value","label":"Temperature","name":"temperature","property":"temperature","type":"numeric","unit":"°C"},{"access":1,"description":"Measured relative humidity","label":"Humidity","name":"humidity","property":"humidity","type":"numeric","unit":"%"},{"access":1,"description":"The measured atmospheric pressure","label":"Pressure","name":"pressure","property":"pressure","type":"numeric","unit":"hPa"},{"access":1,"category":"diagnostic","description":"Voltage of the battery in millivolts","label":"Voltage","name":"voltage","property":"voltage","type":"numeric","unit":"mV"},{"access":1,"category":"diagnostic","description":"Link quality (signal strength)","label":"Linkquality","name":"linkquality","property":"linkquality","type":"numeric","unit":"lqi","value_max":255,"value_min":0}],"model":"WSDCGQ11LM","options":[{"access":2,"description":"Calibrates the temperature value (absolute offset), takes into effect on next report of device.","label":"Temperature calibration","name":"temperature_calibration","property":"temperature_calibration","type":"numeric","value_step":0.1},{"access":2,"description":"Number of digits after decimal point for temperature, takes into effect on next report of device. This option can only decrease the precision, not increase it.","label":"Temperature precision","name":"temperature_precision","property":"temperature_precision","type":"numeric","value_max":3,"value_min":0},{"access":2,"description":"Calibrates the humidity value (absolute offset), takes into effect on next report of device.","label":"Humidity calibration","name":"humidity_calibration","property":"humidity_calibration","type":"numeric","value_step":0.1},{"access":2,"description":"Number of digits after decimal point for humidity, takes into effect on next report of device. This option can only decrease the precision, not increase it.","label":"Humidity precision","name":"humidity_precision","property":"humidity_precision","type":"numeric","value_max":3,"value_min":0},{"access":2,"description":"Calibrates the pressure value (absolute offset), takes into effect on next report of device.","label":"Pressure calibration","name":"pressure_calibration","property":"pressure_calibration","type":"numeric","value_step":0.1},{"access":2,"description":"Number of digits after decimal point for pressure, takes into effect on next report of device. This option can only decrease the precision, not increase it.","label":"Pressure precision","name":"pressure_precision","property":"pressure_precision","type":"numeric","value_max":3,"value_min":0}],"source":"native","supports_ota":false,"vendor":"Aqara"},"disabled":false,"endpoints":{"1":{"bindings":[],"clusters":{"input":["genBasic","genIdentify","65535","msTemperatureMeasurement","msPressureMeasurement","msRelativeHumidity"],"output":["genBasic","genGroups","65535"]},"configured_reportings":[],"scenes":[]}},"friendly_name":"LuMi.Wetter.3D-Drucker","ieee_address":"0x00158d008bc381e1","interview_completed":true,"interview_state":"SUCCESSFUL","interviewing":false,"manufacturer":"LUMI","model_id":"lumi.weather","network_address":32906,"power_source":"Battery","software_build_id":"3000-0001","supported":true,"type":"EndDevice"},{"date_code":"","definition":{"description":"Silvercrest smart button","exposes":[{"access":1,"category":"diagnostic","description":"Triggered action (e.g. a button click)","label":"Action","name":"action","property":"action","type":"enum","values":["on","off","brightness_stop","brightness_step_up","brightness_step_down","single","double"]},{"access":1,"category":"diagnostic","description":"Remaining battery in %, can take up to 24 hours before reported","label":"Battery","name":"battery","property":"battery","type":"numeric","unit":"%","value_max":100,"value_min":0},{"access":1,"category":"diagnostic","description":"Link quality (signal strength)","label":"Linkquality","name":"linkquality","property":"linkquality","type":"numeric","unit":"lqi","value_max":255,"value_min":0}],"model":"HG08164","options":[{"access":2,"description":"Simulate a brightness value. If this device provides a brightness_move_up or brightness_move_down action it is possible to specify the update interval and delta. The action_brightness_delta indicates the delta for each interval.","features":[{"access":2,"description":"Delta per interval, 20 by default","label":"Delta","name":"delta","property":"delta","type":"numeric","value_min":0},{"access":2,"description":"Interval duration","label":"Interval","name":"interval","property":"interval","type":"numeric","unit":"ms","value_min":0}],"label":"Simulated brightness","name":"simulated_brightness","property":"simulated_brightness","type":"composite"}],"source":"native","supports_ota":false,"vendor":"Lidl"},"disabled":false,"endpoints":{"1":{"bindings":[{"cluster":"genPowerCfg","target":{"endpoint":1,"ieee_address":"0x00124b00257b6a6e","type":"endpoint"}},{"cluster":"genOnOff","target":{"endpoint":1,"ieee_address":"0x00124b00257b6a6e","type":"endpoint"}}],"clusters":{"input":["genBasic","genPowerCfg","genIdentify","genGroups","genOnOff","touchlink","manuSpecificTuya3"],"output":["genOta","genTime","genIdentify","genGroups","genScenes","genOnOff","genLevelCtrl","touchlink"]},"configured_reportings":[{"attribute":"batteryPercentageRemaining","cluster":"genPowerCfg","maximum_report_interval":65000,"minimum_report_interval":3600,"reportable_change":0}],"scenes":[]}},"friendly_name":"Smert.Button.01","ieee_address":"0x2c1165fffe38f2c8","interview_completed":true,"interview_state":"SUCCESSFUL","interviewing":false,"manufacturer":"_TZ3000_rco1yzb1","model_id":"TS004F","network_address":51860,"power_source":"Battery","supported":true,"type":"EndDevice"},{"date_code":"","definition":{"description":"Silvercrest smart button","exposes":[{"access":1,"category":"diagnostic","description":"Triggered action (e.g. a button click)","label":"Action","name":"action","property":"action","type":"enum","values":["on","off","brightness_stop","brightness_step_up","brightness_step_down","single","double"]},{"access":1,"category":"diagnostic","description":"Remaining battery in %, can take up to 24 hours before reported","label":"Battery","name":"battery","property":"battery","type":"numeric","unit":"%","value_max":100,"value_min":0},{"access":1,"category":"diagnostic","description":"Link quality (signal strength)","label":"Linkquality","name":"linkquality","property":"linkquality","type":"numeric","unit":"lqi","value_max":255,"value_min":0}],"model":"HG08164","options":[{"access":2,"description":"Simulate a brightness value. If this device provides a brightness_move_up or brightness_move_down action it is possible to specify the update interval and delta. The action_brightness_delta indicates the delta for each interval.","features":[{"access":2,"description":"Delta per interval, 20 by default","label":"Delta","name":"delta","property":"delta","type":"numeric","value_min":0},{"access":2,"description":"Interval duration","label":"Interval","name":"interval","property":"interval","type":"numeric","unit":"ms","value_min":0}],"label":"Simulated brightness","name":"simulated_brightness","property":"simulated_brightness","type":"composite"}],"source":"native","supports_ota":false,"vendor":"Lidl"},"disabled":false,"endpoints":{"1":{"bindings":[{"cluster":"genPowerCfg","target":{"endpoint":1,"ieee_address":"0x00124b00257b6a6e","type":"endpoint"}},{"cluster":"genOnOff","target":{"endpoint":1,"ieee_address":"0x00124b00257b6a6e","type":"endpoint"}}],"clusters":{"input":["genBasic","genPowerCfg","genIdentify","genGroups","genOnOff","touchlink","manuSpecificTuya3"],"output":["genOta","genTime","genIdentify","genGroups","genScenes","genOnOff","genLevelCtrl","touchlink"]},"configured_reportings":[{"attribute":"batteryPercentageRemaining","cluster":"genPowerCfg","maximum_report_interval":65000,"minimum_report_interval":3600,"reportable_change":0}],"scenes":[]}},"friendly_name":"Smert.Button.02","ieee_address":"0x2c1165fffe2d42b7","interview_completed":true,"interview_state":"SUCCESSFUL","interviewing":false,"manufacturer":"_TZ3000_rco1yzb1","model_id":"TS004F","network_address":38355,"power_source":"Battery","supported":true,"type":"EndDevice"},{"date_code":"20221116","definition":{"description":"E27 filament bulb dimmable","exposes":[{"features":[{"access":7,"description":"On/off state of this light","label":"State","name":"state","property":"state","type":"binary","value_off":"OFF","value_on":"ON","value_toggle":"TOGGLE"},{"access":7,"description":"Brightness of this light","label":"Brightness","name":"brightness","property":"brightness","type":"numeric","value_max":254,"value_min":0}],"type":"light"},{"access":2,"description":"Triggers an effect on the light (e.g. make light blink for a few seconds)","label":"Effect","name":"effect","property":"effect","type":"enum","values":["blink","breathe","okay","channel_change","finish_effect","stop_effect"]},{"access":7,"category":"config","description":"Controls the behavior when the device is powered on after power loss","label":"Power-on behavior","name":"power_on_behavior","property":"power_on_behavior","type":"enum","values":["off","on","toggle","previous"]},{"access":1,"category":"diagnostic","description":"Link quality (signal strength)","label":"Linkquality","name":"linkquality","property":"linkquality","type":"numeric","unit":"lqi","value_max":255,"value_min":0}],"model":"RF 263","options":[{"access":2,"description":"Controls the transition time (in seconds) of on/off, brightness, color temperature (if applicable) and color (if applicable) changes. Defaults to `0` (no transition).","label":"Transition","name":"transition","property":"transition","type":"numeric","value_min":0,"value_step":0.1},{"access":2,"description":"State actions will also be published as 'action' when true (default false).","label":"State action","name":"state_action","property":"state_action","type":"binary","value_off":false,"value_on":true}],"source":"native","supports_ota":true,"vendor":"Innr"},"disabled":false,"endpoints":{"1":{"bindings":[],"clusters":{"input":["genBasic","genIdentify","genGroups","genScenes","genOnOff","genLevelCtrl","haDiagnostic","touchlink","64642"],"output":["genOta"]},"configured_reportings":[],"scenes":[]},"242":{"bindings":[],"clusters":{"input":[],"output":["greenPower"]},"configured_reportings":[],"scenes":[]}},"friendly_name":"PC-Lampe","ieee_address":"0x0c4314fffea75c93","interview_completed":true,"interview_state":"SUCCESSFUL","interviewing":false,"manufacturer":"innr","model_id":"RF 263","network_address":58689,"power_source":"Mains (single phase)","software_build_id":"2.00.02","supported":true,"type":"Router"},{"date_code":"20221116","definition":{"description":"E27 filament bulb dimmable","exposes":[{"features":[{"access":7,"description":"On/off state of this light","label":"State","name":"state","property":"state","type":"binary","value_off":"OFF","value_on":"ON","value_toggle":"TOGGLE"},{"access":7,"description":"Brightness of this light","label":"Brightness","name":"brightness","property":"brightness","type":"numeric","value_max":254,"value_min":0}],"type":"light"},{"access":2,"description":"Triggers an effect on the light (e.g. make light blink for a few seconds)","label":"Effect","name":"effect","property":"effect","type":"enum","values":["blink","breathe","okay","channel_change","finish_effect","stop_effect"]},{"access":7,"category":"config","description":"Controls the behavior when the device is powered on after power loss","label":"Power-on behavior","name":"power_on_behavior","property":"power_on_behavior","type":"enum","values":["off","on","toggle","previous"]},{"access":1,"category":"diagnostic","description":"Link quality (signal strength)","label":"Linkquality","name":"linkquality","property":"linkquality","type":"numeric","unit":"lqi","value_max":255,"value_min":0}],"model":"RF 263","options":[{"access":2,"description":"Controls the transition time (in seconds) of on/off, brightness, color temperature (if applicable) and color (if applicable) changes. Defaults to `0` (no transition).","label":"Transition","name":"transition","property":"transition","type":"numeric","value_min":0,"value_step":0.1},{"access":2,"description":"State actions will also be published as 'action' when true (default false).","label":"State action","name":"state_action","property":"state_action","type":"binary","value_off":false,"value_on":true}],"source":"native","supports_ota":true,"vendor":"Innr"},"disabled":false,"endpoints":{"1":{"bindings":[],"clusters":{"input":["genBasic","genIdentify","genGroups","genScenes","genOnOff","genLevelCtrl","haDiagnostic","touchlink","64642"],"output":["genOta"]},"configured_reportings":[],"scenes":[]},"242":{"bindings":[],"clusters":{"input":[],"output":["greenPower"]},"configured_reportings":[],"scenes":[]}},"friendly_name":"Lampe-Bettbereich","ieee_address":"0x0c4314fffef7fae6","interview_completed":true,"interview_state":"SUCCESSFUL","interviewing":false,"manufacturer":"innr","model_id":"RF 263","network_address":16181,"power_source":"Mains (single phase)","software_build_id":"2.00.02","supported":true,"type":"Router"},{"date_code":"20140331DEOS****","definition":{"description":"Smart+ plug","exposes":[{"features":[{"access":7,"description":"On/off state of the switch","label":"State","name":"state","property":"state","type":"binary","value_off":"OFF","value_on":"ON","value_toggle":"TOGGLE"}],"type":"switch"},{"access":1,"category":"diagnostic","description":"Link quality (signal strength)","label":"Linkquality","name":"linkquality","property":"linkquality","type":"numeric","unit":"lqi","value_max":255,"value_min":0}],"model":"AB3257001NJ","options":[{"access":2,"description":"State actions will also be published as 'action' when true (default false).","label":"State action","name":"state_action","property":"state_action","type":"binary","value_off":false,"value_on":true}],"source":"native","supports_ota":true,"vendor":"OSRAM"},"disabled":false,"endpoints":{"3":{"bindings":[{"cluster":"genOnOff","target":{"endpoint":1,"ieee_address":"0x00124b00257b6a6e","type":"endpoint"}}],"clusters":{"input":["touchlink","genBasic","genIdentify","genGroups","genScenes","genOnOff","haElectricalMeasurement","manuSpecificOsram"],"output":["genOta"]},"configured_reportings":[{"attribute":"onOff","cluster":"genOnOff","maximum_report_interval":65000,"minimum_report_interval":0,"reportable_change":1}],"scenes":[]}},"friendly_name":"Steckdose.AVM2Unify","ieee_address":"0x7cb03eaa0a0b0dc0","interview_completed":true,"interview_state":"SUCCESSFUL","interviewing":false,"manufacturer":"OSRAM","model_id":"Plug 01","network_address":14534,"power_source":"Mains (single phase)","software_build_id":"V1.05.09","supported":true,"type":"Router"},{"date_code":"20251010","definition":{"description":"Hue motion sensor","exposes":[{"access":1,"description":"Measured temperature value","label":"Temperature","name":"temperature","property":"temperature","type":"numeric","unit":"°C"},{"access":1,"description":"Indicates whether the device detected occupancy","label":"Occupancy","name":"occupancy","property":"occupancy","type":"binary","value_off":false,"value_on":true},{"access":1,"category":"diagnostic","description":"Remaining battery in %, can take up to 24 hours before reported","label":"Battery","name":"battery","property":"battery","type":"numeric","unit":"%","value_max":100,"value_min":0},{"access":7,"category":"config","description":"Select motion sensitivity to use","label":"Motion sensitivity","name":"motion_sensitivity","property":"motion_sensitivity","type":"enum","values":["low","medium","high"]},{"access":7,"description":"Blink green LED on motion detection","label":"Led indication","name":"led_indication","property":"led_indication","type":"binary","value_off":false,"value_on":true},{"access":7,"label":"Occupancy timeout","name":"occupancy_timeout","property":"occupancy_timeout","type":"numeric","unit":"s","value_max":65535,"value_min":0},{"access":5,"description":"Measured illuminance","label":"Illuminance","name":"illuminance","property":"illuminance","type":"numeric","unit":"lx"},{"access":1,"description":"Raw measured illuminance","label":"Illuminance raw","name":"illuminance_raw","property":"illuminance_raw","type":"numeric"},{"access":1,"category":"diagnostic","description":"Link quality (signal strength)","label":"Linkquality","name":"linkquality","property":"linkquality","type":"numeric","unit":"lqi","value_max":255,"value_min":0}],"model":"9290012607","options":[{"access":2,"description":"Calibrates the temperature value (absolute offset), takes into effect on next report of device.","label":"Temperature calibration","name":"temperature_calibration","property":"temperature_calibration","type":"numeric","value_step":0.1},{"access":2,"description":"Number of digits after decimal point for temperature, takes into effect on next report of device. This option can only decrease the precision, not increase it.","label":"Temperature precision","name":"temperature_precision","property":"temperature_precision","type":"numeric","value_max":3,"value_min":0},{"access":2,"description":"Calibrates the illuminance value (percentual offset), takes into effect on next report of device.","label":"Illuminance calibration","name":"illuminance_calibration","property":"illuminance_calibration","type":"numeric","value_step":0.1},{"access":2,"description":"Sends a message after the last time no occupancy (occupancy: false) was detected. When setting this for example to [10, 60] a `{\"no_occupancy_since\": 10}` will be sent after 10 seconds and a `{\"no_occupancy_since\": 60}` after 60 seconds.","item_type":{"access":3,"label":"Time","name":"time","type":"numeric"},"label":"No occupancy since","name":"no_occupancy_since","property":"no_occupancy_since","type":"list"},{"access":2,"description":"Expose the raw illuminance value.","label":"Illuminance raw","name":"illuminance_raw","property":"illuminance_raw","type":"binary","value_off":false,"value_on":true}],"source":"native","supports_ota":true,"vendor":"Philips"},"disabled":false,"endpoints":{"1":{"bindings":[],"clusters":{"input":["genBasic"],"output":["genBasic","genIdentify","genGroups","genOnOff","genLevelCtrl","lightingColorCtrl","genScenes"]},"configured_reportings":[],"name":"ep1","scenes":[]},"2":{"bindings":[{"cluster":"genPowerCfg","target":{"endpoint":1,"ieee_address":"0x00124b00257b6a6e","type":"endpoint"}},{"cluster":"msTemperatureMeasurement","target":{"endpoint":1,"ieee_address":"0x00124b00257b6a6e","type":"endpoint"}},{"cluster":"msOccupancySensing","target":{"endpoint":1,"ieee_address":"0x00124b00257b6a6e","type":"endpoint"}},{"cluster":"msIlluminanceMeasurement","target":{"endpoint":1,"ieee_address":"0x00124b00257b6a6e","type":"endpoint"}}],"clusters":{"input":["genBasic","genPowerCfg","genIdentify","msOccupancySensing","msIlluminanceMeasurement","msTemperatureMeasurement"],"output":["genOta"]},"configured_reportings":[{"attribute":"batteryPercentageRemaining","cluster":"genPowerCfg","maximum_report_interval":65000,"minimum_report_interval":3600,"reportable_change":0},{"attribute":"occupancy","cluster":"msOccupancySensing","maximum_report_interval":3600,"minimum_report_interval":0,"reportable_change":0},{"attribute":"measuredValue","cluster":"msTemperatureMeasurement","maximum_report_interval":3600,"minimum_report_interval":10,"reportable_change":100},{"attribute":"measuredValue","cluster":"msIlluminanceMeasurement","maximum_report_interval":3600,"minimum_report_interval":10,"reportable_change":5}],"scenes":[]}},"friendly_name":"Hue-Motiondetect","ieee_address":"0x001788010916738d","interview_completed":true,"interview_state":"SUCCESSFUL","interviewing":false,"manufacturer":"Philips","model_id":"SML001","network_address":49937,"power_source":"Battery","software_build_id":"67.116.1","supported":true,"type":"EndDevice"}]'
[2026-03-12 12:54:39] debug: 	z2m:mqtt: Received MQTT message on 'zigbee2mqtt/bridge/groups' with data '[]'
[2026-03-12 12:56:43] info: 	z2m: Started frontend on port 8099
[2026-03-12 12:56:47] debug: 	z2m:mqtt: Received MQTT message on 'zigbee2mqtt/bridge/health' with data '{"response_time":1773315298194,"os":{"load_average":[13.6,8.51,3.81],"memory_used_mb":1655.32,"memory_percent":89.8065},"process":{"uptime_sec":41442,"memory_used_mb":37.74,"memory_percent":2.0474},"mqtt":{"connected":true,"queued":0,"published":2051,"received":64},"devices":{"0x2c1165fffe2d42b7":{"messages":19,"messages_per_sec":0.0005,"leave_count":0,"network_address_changes":0},"0x0c4314fffef7fae6":{"messages":332,"messages_per_sec":0.008,"leave_count":0,"network_address_changes":0},"0x001788010916738d":{"messages":759,"messages_per_sec":0.0184,"leave_count":0,"network_address_changes":0},"0x00158d008bc381e1":{"messages":82,"messages_per_sec":0.002,"leave_count":0,"network_address_changes":0},"0x0c4314fffea75c93":{"messages":331,"messages_per_sec":0.0081,"leave_count":0,"network_address_changes":0},"0x00158d008c4b0068":{"messages":79,"messages_per_sec":0.0019,"leave_count":0,"network_address_changes":0},"0x2c1165fffe38f2c8":{"messages":19,"messages_per_sec":0.0005,"leave_count":0,"network_address_changes":0},"0x00158d008c4b0072":{"messages":76,"messages_per_sec":0.0019,"leave_count":0,"network_address_changes":0},"0x7cb03eaa0a0b0dc0":{"messages":12,"messages_per_sec":0.0003,"leave_count":0,"network_address_changes":0}}}'
[2026-03-12 12:56:53] error: 	z2m: MQTT error: write EPIPE
[2026-03-12 12:56:54] debug: 	zh:zstack:unpi:parser: <-- [254,32,68,129,0,0,25,0,17,195,2,13,0,83,0,197,207,222,0,0,12,1,84,1,0,11,16,13,1,1,116,0,67,53,63,28,201,254,28,68,129,0,0,0,4,17,195,2,1,0,87,0,108,39,223,0,0,8,8,85,10,0,0,33,122,75,53,63,28,150,254,32,68,129,0,0,25,0,17,195,2,13,0,83,0,10,45,232,0,0,12,1,86,1,0,11,16,13,1,1,116,0,67,53,63,28,208,254,28,68,129,0,0,0,4,17,195,2,1,0,80,0,150,130,232,0,0,8,8,87,10,0,0,33,139,75,53,63,28,10,254,32,68,129,0,0,25,0,17,195,2,13,0,83,0,169,144,1,0,0,12,1,88,1,0,11,16,13,1,1,116,0,67,53,63,28,41,254,28,68,129,0,0,0,4,17,195,2,1,0,83,0,203,228,1,0,0,8,8,89,10,0,0,33,133,75,53,63,28,219]
[2026-03-12 12:56:54] debug: 	zh:zstack:unpi:parser: --- parseNext [254,32,68,129,0,0,25,0,17,195,2,13,0,83,0,197,207,222,0,0,12,1,84,1,0,11,16,13,1,1,116,0,67,53,63,28,201,254,28,68,129,0,0,0,4,17,195,2,1,0,87,0,108,39,223,0,0,8,8,85,10,0,0,33,122,75,53,63,28,150,254,32,68,129,0,0,25,0,17,195,2,13,0,83,0,10,45,232,0,0,12,1,86,1,0,11,16,13,1,1,116,0,67,53,63,28,208,254,28,68,129,0,0,0,4,17,195,2,1,0,80,0,150,130,232,0,0,8,8,87,10,0,0,33,139,75,53,63,28,10,254,32,68,129,0,0,25,0,17,195,2,13,0,83,0,169,144,1,0,0,12,1,88,1,0,11,16,13,1,1,116,0,67,53,63,28,41,254,28,68,129,0,0,0,4,17,195,2,1,0,83,0,203,228,1,0,0,8,8,89,10,0,0,33,133,75,53,63,28,219]
[2026-03-12 12:56:54] debug: 	zh:zstack:unpi:parser: --> parsed 32 - 2 - 4 - 129 - [0,0,25,0,17,195,2,13,0,83,0,197,207,222,0,0,12,1,84,1,0,11,16,13,1,1,116,0,67,53,63,28] - 201
[2026-03-12 12:56:54] debug: 	zh:zstack:znp: <-- AREQ: AF - incomingMsg - {"groupid":0,"clusterid":25,"srcaddr":49937,"srcendpoint":2,"dstendpoint":13,"wasbroadcast":0,"linkquality":83,"securityuse":0,"timestamp":14602181,"transseqnumber":0,"len":12,"data":{"type":"Buffer","data":[1,84,1,0,11,16,13,1,1,116,0,67]}}
[2026-03-12 12:56:54] debug: 	zh:controller: Received payload: clusterID=25, address=49937, groupID=0, endpoint=2, destinationEndpoint=13, wasBroadcast=false, linkQuality=83, frame={"header":{"frameControl":{"frameType":1,"manufacturerSpecific":false,"direction":0,"disableDefaultResponse":false,"reservedBits":0},"transactionSequenceNumber":84,"commandIdentifier":1},"payload":{"fieldControl":0,"manufacturerCode":4107,"imageType":269,"fileVersion":1124103169},"command":{"ID":1,"response":2,"parameters":[{"name":"fieldControl","type":24},{"name":"manufacturerCode","type":33},{"name":"imageType","type":33,"max":65471},{"name":"fileVersion","type":35},{"name":"hardwareVersion","type":33,"conditions":[{"type":"bitMaskSet","param":"fieldControl","mask":1}]}],"required":true,"name":"queryNextImageRequest"}}
[2026-03-12 12:56:55] debug: 	zh:zstack:unpi:parser: --- parseNext [254,28,68,129,0,0,0,4,17,195,2,1,0,87,0,108,39,223,0,0,8,8,85,10,0,0,33,122,75,53,63,28,150,254,32,68,129,0,0,25,0,17,195,2,13,0,83,0,10,45,232,0,0,12,1,86,1,0,11,16,13,1,1,116,0,67,53,63,28,208,254,28,68,129,0,0,0,4,17,195,2,1,0,80,0,150,130,232,0,0,8,8,87,10,0,0,33,139,75,53,63,28,10,254,32,68,129,0,0,25,0,17,195,2,13,0,83,0,169,144,1,0,0,12,1,88,1,0,11,16,13,1,1,116,0,67,53,63,28,41,254,28,68,129,0,0,0,4,17,195,2,1,0,83,0,203,228,1,0,0,8,8,89,10,0,0,33,133,75,53,63,28,219]
[2026-03-12 12:56:55] debug: 	zh:zstack:unpi:parser: --> parsed 28 - 2 - 4 - 129 - [0,0,0,4,17,195,2,1,0,87,0,108,39,223,0,0,8,8,85,10,0,0,33,122,75,53,63,28] - 150
[2026-03-12 12:56:55] debug: 	zh:zstack:znp: <-- AREQ: AF - incomingMsg - {"groupid":0,"clusterid":1024,"srcaddr":49937,"srcendpoint":2,"dstendpoint":1,"wasbroadcast":0,"linkquality":87,"securityuse":0,"timestamp":14624620,"transseqnumber":0,"len":8,"data":{"type":"Buffer","data":[8,85,10,0,0,33,122,75]}}
[2026-03-12 12:56:55] debug: 	zh:controller: Received payload: clusterID=1024, address=49937, groupID=0, endpoint=2, destinationEndpoint=1, wasBroadcast=false, linkQuality=87, frame={"header":{"frameControl":{"frameType":0,"manufacturerSpecific":false,"direction":1,"disableDefaultResponse":false,"reservedBits":0},"transactionSequenceNumber":85,"commandIdentifier":10},"payload":[{"attrId":0,"dataType":33,"attrData":19322}],"command":{"ID":10,"name":"report","parameters":[{"name":"attrId","type":9},{"name":"dataType","type":8},{"name":"attrData","type":1000}]}}
[2026-03-12 12:56:55] debug: 	zh:controller:endpoint: ZCL command 0x001788010916738d/2 msIlluminanceMeasurement.defaultRsp({"cmdId":10,"statusCode":0}, {"timeout":10000,"disableResponse":false,"disableRecovery":false,"disableDefaultResponse":true,"direction":1,"reservedBits":0,"transactionSequenceNumber":85,"writeUndiv":false})
[2026-03-12 12:56:56] debug: 	zh:zstack: sendZclFrameToEndpointInternal 0x001788010916738d:49937/2 (0,0,1)
[2026-03-12 12:56:57] debug: 	zh:zstack:znp: --> SREQ: AF - dataRequest - {"dstaddr":49937,"destendpoint":2,"srcendpoint":1,"clusterid":1024,"transid":2,"options":0,"radius":30,"len":5,"data":{"type":"Buffer","data":[24,85,11,10,0]}}
[2026-03-12 12:56:57] debug: 	zh:zstack:unpi:writer: --> frame [254,15,36,1,17,195,2,1,0,4,2,0,30,5,24,85,11,10,0,170]
[2026-03-12 12:56:59] debug: 	zh:zstack:unpi:parser: --- parseNext [254,32,68,129,0,0,25,0,17,195,2,13,0,83,0,10,45,232,0,0,12,1,86,1,0,11,16,13,1,1,116,0,67,53,63,28,208,254,28,68,129,0,0,0,4,17,195,2,1,0,80,0,150,130,232,0,0,8,8,87,10,0,0,33,139,75,53,63,28,10,254,32,68,129,0,0,25,0,17,195,2,13,0,83,0,169,144,1,0,0,12,1,88,1,0,11,16,13,1,1,116,0,67,53,63,28,41,254,28,68,129,0,0,0,4,17,195,2,1,0,83,0,203,228,1,0,0,8,8,89,10,0,0,33,133,75,53,63,28,219]
[2026-03-12 12:56:59] debug: 	zh:zstack:unpi:parser: --> parsed 32 - 2 - 4 - 129 - [0,0,25,0,17,195,2,13,0,83,0,10,45,232,0,0,12,1,86,1,0,11,16,13,1,1,116,0,67,53,63,28] - 208
[2026-03-12 12:56:59] debug: 	zh:zstack:znp: <-- AREQ: AF - incomingMsg - {"groupid":0,"clusterid":25,"srcaddr":49937,"srcendpoint":2,"dstendpoint":13,"wasbroadcast":0,"linkquality":83,"securityuse":0,"timestamp":15215882,"transseqnumber":0,"len":12,"data":{"type":"Buffer","data":[1,86,1,0,11,16,13,1,1,116,0,67]}}
[2026-03-12 12:57:01] debug: 	zh:controller: Received payload: clusterID=25, address=49937, groupID=0, endpoint=2, destinationEndpoint=13, wasBroadcast=false, linkQuality=83, frame={"header":{"frameControl":{"frameType":1,"manufacturerSpecific":false,"direction":0,"disableDefaultResponse":false,"reservedBits":0},"transactionSequenceNumber":86,"commandIdentifier":1},"payload":{"fieldControl":0,"manufacturerCode":4107,"imageType":269,"fileVersion":1124103169},"command":{"ID":1,"response":2,"parameters":[{"name":"fieldControl","type":24},{"name":"manufacturerCode","type":33},{"name":"imageType","type":33,"max":65471},{"name":"fileVersion","type":35},{"name":"hardwareVersion","type":33,"conditions":[{"type":"bitMaskSet","param":"fieldControl","mask":1}]}],"required":true,"name":"queryNextImageRequest"}}
[2026-03-12 12:57:02] debug: 	zh:zstack:unpi:parser: --- parseNext [254,28,68,129,0,0,0,4,17,195,2,1,0,80,0,150,130,232,0,0,8,8,87,10,0,0,33,139,75,53,63,28,10,254,32,68,129,0,0,25,0,17,195,2,13,0,83,0,169,144,1,0,0,12,1,88,1,0,11,16,13,1,1,116,0,67,53,63,28,41,254,28,68,129,0,0,0,4,17,195,2,1,0,83,0,203,228,1,0,0,8,8,89,10,0,0,33,133,75,53,63,28,219]
[2026-03-12 12:57:02] debug: 	zh:zstack:unpi:parser: --> parsed 28 - 2 - 4 - 129 - [0,0,0,4,17,195,2,1,0,80,0,150,130,232,0,0,8,8,87,10,0,0,33,139,75,53,63,28] - 10
[2026-03-12 12:57:02] debug: 	zh:zstack:znp: <-- AREQ: AF - incomingMsg - {"groupid":0,"clusterid":1024,"srcaddr":49937,"srcendpoint":2,"dstendpoint":1,"wasbroadcast":0,"linkquality":80,"securityuse":0,"timestamp":15237782,"transseqnumber":0,"len":8,"data":{"type":"Buffer","data":[8,87,10,0,0,33,139,75]}}
[2026-03-12 12:57:02] debug: 	zh:controller: Received payload: clusterID=1024, address=49937, groupID=0, endpoint=2, destinationEndpoint=1, wasBroadcast=false, linkQuality=80, frame={"header":{"frameControl":{"frameType":0,"manufacturerSpecific":false,"direction":1,"disableDefaultResponse":false,"reservedBits":0},"transactionSequenceNumber":87,"commandIdentifier":10},"payload":[{"attrId":0,"dataType":33,"attrData":19339}],"command":{"ID":10,"name":"report","parameters":[{"name":"attrId","type":9},{"name":"dataType","type":8},{"name":"attrData","type":1000}]}}
[2026-03-12 12:57:02] debug: 	zh:controller:endpoint: ZCL command 0x001788010916738d/2 msIlluminanceMeasurement.defaultRsp({"cmdId":10,"statusCode":0}, {"timeout":10000,"disableResponse":false,"disableRecovery":false,"disableDefaultResponse":true,"direction":1,"reservedBits":0,"transactionSequenceNumber":87,"writeUndiv":false})
[2026-03-12 12:57:02] debug: 	zh:zstack:unpi:parser: --- parseNext [254,32,68,129,0,0,25,0,17,195,2,13,0,83,0,169,144,1,0,0,12,1,88,1,0,11,16,13,1,1,116,0,67,53,63,28,41,254,28,68,129,0,0,0,4,17,195,2,1,0,83,0,203,228,1,0,0,8,8,89,10,0,0,33,133,75,53,63,28,219]
[2026-03-12 12:57:02] debug: 	zh:zstack:unpi:parser: --> parsed 32 - 2 - 4 - 129 - [0,0,25,0,17,195,2,13,0,83,0,169,144,1,0,0,12,1,88,1,0,11,16,13,1,1,116,0,67,53,63,28] - 41
[2026-03-12 12:57:02] debug: 	zh:zstack:znp: <-- AREQ: AF - incomingMsg - {"groupid":0,"clusterid":25,"srcaddr":49937,"srcendpoint":2,"dstendpoint":13,"wasbroadcast":0,"linkquality":83,"securityuse":0,"timestamp":102569,"transseqnumber":0,"len":12,"data":{"type":"Buffer","data":[1,88,1,0,11,16,13,1,1,116,0,67]}}
[2026-03-12 12:57:02] debug: 	zh:controller: Received payload: clusterID=25, address=49937, groupID=0, endpoint=2, destinationEndpoint=13, wasBroadcast=false, linkQuality=83, frame={"header":{"frameControl":{"frameType":1,"manufacturerSpecific":false,"direction":0,"disableDefaultResponse":false,"reservedBits":0},"transactionSequenceNumber":88,"commandIdentifier":1},"payload":{"fieldControl":0,"manufacturerCode":4107,"imageType":269,"fileVersion":1124103169},"command":{"ID":1,"response":2,"parameters":[{"name":"fieldControl","type":24},{"name":"manufacturerCode","type":33},{"name":"imageType","type":33,"max":65471},{"name":"fileVersion","type":35},{"name":"hardwareVersion","type":33,"conditions":[{"type":"bitMaskSet","param":"fieldControl","mask":1}]}],"required":true,"name":"queryNextImageRequest"}}
[2026-03-12 12:57:02] debug: 	zh:zstack:unpi:parser: --- parseNext [254,28,68,129,0,0,0,4,17,195,2,1,0,83,0,203,228,1,0,0,8,8,89,10,0,0,33,133,75,53,63,28,219]
[2026-03-12 12:57:02] debug: 	zh:zstack:unpi:parser: --> parsed 28 - 2 - 4 - 129 - [0,0,0,4,17,195,2,1,0,83,0,203,228,1,0,0,8,8,89,10,0,0,33,133,75,53,63,28] - 219
[2026-03-12 12:57:02] debug: 	zh:zstack:znp: <-- AREQ: AF - incomingMsg - {"groupid":0,"clusterid":1024,"srcaddr":49937,"srcendpoint":2,"dstendpoint":1,"wasbroadcast":0,"linkquality":83,"securityuse":0,"timestamp":124107,"transseqnumber":0,"len":8,"data":{"type":"Buffer","data":[8,89,10,0,0,33,133,75]}}
[2026-03-12 12:57:02] debug: 	zh:controller: Received payload: clusterID=1024, address=49937, groupID=0, endpoint=2, destinationEndpoint=1, wasBroadcast=false, linkQuality=83, frame={"header":{"frameControl":{"frameType":0,"manufacturerSpecific":false,"direction":1,"disableDefaultResponse":false,"reservedBits":0},"transactionSequenceNumber":89,"commandIdentifier":10},"payload":[{"attrId":0,"dataType":33,"attrData":19333}],"command":{"ID":10,"name":"report","parameters":[{"name":"attrId","type":9},{"name":"dataType","type":8},{"name":"attrData","type":1000}]}}
[2026-03-12 12:57:02] debug: 	zh:controller:endpoint: ZCL command 0x001788010916738d/2 msIlluminanceMeasurement.defaultRsp({"cmdId":10,"statusCode":0}, {"timeout":10000,"disableResponse":false,"disableRecovery":false,"disableDefaultResponse":true,"direction":1,"reservedBits":0,"transactionSequenceNumber":89,"writeUndiv":false})
[2026-03-12 12:57:02] debug: 	zh:zstack:unpi:parser: --- parseNext []
[2026-03-12 12:57:02] debug: 	z2m: Received Zigbee message from 'Hue-Motiondetect', type 'commandQueryNextImageRequest', cluster 'genOta', data '{"fieldControl":0,"fileVersion":1124103169,"imageType":269,"manufacturerCode":4107}' from endpoint 2 with groupID 0
[2026-03-12 12:57:03] debug: 	z2m: Device 'Hue-Motiondetect' requested OTA
[2026-03-12 12:57:03] debug: 	zh:controller:device: Checking OTA 0x001788010916738d upgrade image availability, current={"fieldControl":0,"manufacturerCode":4107,"imageType":269,"fileVersion":1124103169}
[2026-03-12 12:57:03] debug: 	zh:controller:device: Getting image metadata for 0x001788010916738d...
[2026-03-12 12:58:14] info: 	z2m:mqtt: MQTT publish: topic 'homeassistant/sensor/0x001788010916738d/temperature/config', payload '{"availability":[{"topic":"zigbee2mqtt/bridge/state","value_template":"{{ value_json.state }}"}],"default_entity_id":"sensor.hue-motiondetect_temperature","device":{"hw_version":1,"identifiers":["zigbee2mqtt_0x001788010916738d"],"manufacturer":"Philips","model":"Hue motion sensor","model_id":"9290012607","name":"Hue-Motiondetect","sw_version":"67.116.1","via_device":"zigbee2mqtt_bridge_0x00124b00257b6a6e"},"device_class":"temperature","enabled_by_default":true,"object_id":"hue-motiondetect_temperature","origin":{"name":"Zigbee2MQTT","sw":"2.9.1","url":"https://www.zigbee2mqtt.io"},"state_class":"measurement","state_topic":"zigbee2mqtt/Hue-Motiondetect","unique_id":"0x001788010916738d_temperature_zigbee2mqtt","unit_of_measurement":"°C","value_template":"{{ value_json.temperature }}"}'
[2026-03-12 12:58:17] debug: 	z2m: Received Zigbee message from 'Hue-Motiondetect', type 'attributeReport', cluster 'msIlluminanceMeasurement', data '{"measuredValue":19322}' from endpoint 2 with groupID 0
[2026-03-12 12:58:19] debug: 	z2m: Received Zigbee message from 'Hue-Motiondetect', type 'commandQueryNextImageRequest', cluster 'genOta', data '{"fieldControl":0,"fileVersion":1124103169,"imageType":269,"manufacturerCode":4107}' from endpoint 2 with groupID 0
[2026-03-12 12:58:23] debug: 	z2m: Received Zigbee message from 'Hue-Motiondetect', type 'attributeReport', cluster 'msIlluminanceMeasurement', data '{"measuredValue":19339}' from endpoint 2 with groupID 0
[2026-03-12 12:58:27] debug: 	z2m: Received Zigbee message from 'Hue-Motiondetect', type 'commandQueryNextImageRequest', cluster 'genOta', data '{"fieldControl":0,"fileVersion":1124103169,"imageType":269,"manufacturerCode":4107}' from endpoint 2 with groupID 0
[2026-03-12 12:58:28] debug: 	z2m: Received Zigbee message from 'Hue-Motiondetect', type 'attributeReport', cluster 'msIlluminanceMeasurement', data '{"measuredValue":19333}' from endpoint 2 with groupID 0
[2026-03-12 12:58:32] info: 	z2m:mqtt: MQTT publish: topic 'zigbee2mqtt/Hue-Motiondetect', payload '{"battery":100,"illuminance":86,"illuminance_raw":19322,"led_indication":true,"linkquality":83,"motion_sensitivity":"low","occupancy":true,"occupancy_timeout":6403,"temperature":21.91,"update":{"installed_version":1124103169,"latest_release_notes":null,"latest_source":"https://raw.githubusercontent.com/Koenkk/zigbee-OTA/master/images/Hue/Sensor-ATmega_0012.sbl-ota","latest_version":1124102917,"state":"idle"}}'
[2026-03-12 12:58:45] info: 	z2m:mqtt: MQTT publish: topic 'zigbee2mqtt/Hue-Motiondetect', payload '{"battery":100,"illuminance":86,"illuminance_raw":19339,"led_indication":true,"linkquality":83,"motion_sensitivity":"low","occupancy":true,"occupancy_timeout":6403,"temperature":21.91,"update":{"installed_version":1124103169,"latest_release_notes":null,"latest_source":"https://raw.githubusercontent.com/Koenkk/zigbee-OTA/master/images/Hue/Sensor-ATmega_0012.sbl-ota","latest_version":1124102917,"state":"idle"}}'
[2026-03-12 12:59:20] info: 	z2m:mqtt: MQTT publish: topic 'zigbee2mqtt/Hue-Motiondetect', payload '{"battery":100,"illuminance":86,"illuminance_raw":19333,"led_indication":true,"linkquality":83,"motion_sensitivity":"low","occupancy":true,"occupancy_timeout":6403,"temperature":21.91,"update":{"installed_version":1124103169,"latest_release_notes":null,"latest_source":"https://raw.githubusercontent.com/Koenkk/zigbee-OTA/master/images/Hue/Sensor-ATmega_0012.sbl-ota","latest_version":1124102917,"state":"idle"}}'
[2026-03-12 13:05:07] error: 	z2m: Failed to start 'HomeAssistant' (ErrorWithSubackPacket: Connection closed
    at Object.cb (/app/node_modules/.pnpm/mqtt@5.15.0/node_modules/mqtt/src/lib/client.ts:1280:9)
    at /app/node_modules/.pnpm/mqtt@5.15.0/node_modules/mqtt/src/lib/client.ts:1698:31
    at Array.forEach (<anonymous>)
    at MqttClient._flushVolatile (/app/node_modules/.pnpm/mqtt@5.15.0/node_modules/mqtt/src/lib/client.ts:1693:31)
    at Socket.<anonymous> (/app/node_modules/.pnpm/mqtt@5.15.0/node_modules/mqtt/src/lib/client.ts:842:9)
    at Socket.emit (node:events:519:28)
    at TCP.<anonymous> (node:net:346:12))
[2026-03-12 13:05:07] error: 	z2m: Not connected to MQTT server!
[2026-03-12 13:05:07] error: 	z2m: Cannot send message: topic: 'zigbee2mqtt/LuMi.Wetter.PCbereich', payload: '{"battery":100,"humidity":38.92,"linkquality":156,"power_outage_count":5,"pressure":983.6,"temperature":24.17,"voltage":3015}
[2026-03-12 13:05:07] error: 	z2m: Not connected to MQTT server!
[2026-03-12 13:05:07] error: 	z2m: Cannot send message: topic: 'zigbee2mqtt/LuMi.Wetter.Bettbereich', payload: '{"battery":100,"humidity":38.24,"linkquality":87,"power_outage_count":5,"pressure":983.5,"temperature":20.69,"voltage":3055}
[2026-03-12 13:05:07] error: 	z2m: Not connected to MQTT server!
[2026-03-12 13:05:07] error: 	z2m: Cannot send message: topic: 'zigbee2mqtt/LuMi.Wetter.3D-Drucker', payload: '{"battery":100,"humidity":40.13,"linkquality":105,"power_outage_count":7,"pressure":983.5,"temperature":23.58,"voltage":3045}
[2026-03-12 13:05:07] error: 	z2m: Not connected to MQTT server!
[2026-03-12 13:05:07] error: 	z2m: Cannot send message: topic: 'zigbee2mqtt/Smert.Button.01', payload: '{"battery":100,"linkquality":167,"voltage":3000}
[2026-03-12 13:05:07] error: 	z2m: Not connected to MQTT server!
[2026-03-12 13:05:07] error: 	z2m: Cannot send message: topic: 'zigbee2mqtt/Smert.Button.02', payload: '{"battery":100,"linkquality":61,"voltage":3000}
[2026-03-12 13:05:07] error: 	z2m: Not connected to MQTT server!
[2026-03-12 13:05:07] error: 	z2m: Cannot send message: topic: 'zigbee2mqtt/PC-Lampe', payload: '{"brightness":254,"level_config":{"on_level":"previous"},"linkquality":204,"power_on_behavior":"on","state":"OFF","update":{"installed_version":537029168,"latest_release_notes":null,"latest_source":"https://raw.githubusercontent.com/Koenkk/zigbee-OTA/master/images/Innr/1166-0120-20026A30-RF_263-upgradeMe.ota","latest_version":537029168,"state":"idle"}}
[2026-03-12 13:05:07] error: 	z2m: Not connected to MQTT server!
[2026-03-12 13:05:07] error: 	z2m: Cannot send message: topic: 'zigbee2mqtt/Lampe-Bettbereich', payload: '{"brightness":254,"linkquality":94,"power_on_behavior":"on","state":"OFF","update":{"installed_version":537029168,"latest_release_notes":null,"latest_source":"https://raw.githubusercontent.com/Koenkk/zigbee-OTA/master/images/Innr/1166-0120-20026A30-RF_263-upgradeMe.ota","latest_version":537029168,"state":"idle"}}
[2026-03-12 13:05:07] error: 	z2m: Not connected to MQTT server!
[2026-03-12 13:05:07] error: 	z2m: Cannot send message: topic: 'zigbee2mqtt/Steckdose.AVM2Unify', payload: '{"linkquality":83,"state":"ON","update":{"installed_version":16909577,"latest_release_notes":null,"latest_source":"https://raw.githubusercontent.com/Koenkk/zigbee-OTA/master/images/Osram/ZLL_Plug01_OnOff_MK_0x01020509.ota","latest_version":16909577,"state":"idle"}}
[2026-03-12 13:05:07] error: 	z2m: Not connected to MQTT server!
[2026-03-12 13:05:07] error: 	z2m: Cannot send message: topic: 'zigbee2mqtt/Hue-Motiondetect', payload: '{"battery":100,"illuminance":86,"illuminance_raw":19333,"led_indication":true,"linkquality":83,"motion_sensitivity":"low","occupancy":true,"occupancy_timeout":6403,"temperature":21.91,"update":{"installed_version":1124103169,"latest_release_notes":null,"latest_source":"https://raw.githubusercontent.com/Koenkk/zigbee-OTA/master/images/Hue/Sensor-ATmega_0012.sbl-ota","latest_version":1124102917,"state":"idle"}}
[2026-03-12 13:05:07] info: 	z2m: Zigbee2MQTT started!
[2026-03-12 13:05:07] error: 	z2m: Not connected to MQTT server!
[2026-03-12 13:05:07] debug: 	zh:zstack: sendZclFrameToEndpointInternal 0x001788010916738d:49937/2 (0,0,2)
[2026-03-12 13:05:07] debug: 	zh:zstack:znp: --> SREQ: AF - dataRequest - {"dstaddr":49937,"destendpoint":2,"srcendpoint":1,"clusterid":1024,"transid":3,"options":0,"radius":30,"len":5,"data":{"type":"Buffer","data":[24,87,11,10,0]}}
[2026-03-12 13:05:07] debug: 	zh:zstack:unpi:writer: --> frame [254,15,36,1,17,195,2,1,0,4,3,0,30,5,24,87,11,10,0,169]
[2026-03-12 13:05:08] debug: 	zh:controller:endpoint: Error: ZCL command 0x001788010916738d/2 msIlluminanceMeasurement.defaultRsp({"cmdId":10,"statusCode":0}, {"timeout":10000,"disableResponse":false,"disableRecovery":false,"disableDefaultResponse":true,"direction":1,"reservedBits":0,"transactionSequenceNumber":85,"writeUndiv":false}) failed (SRSP - AF - dataRequest after 6000ms)
    at Object.start (/app/node_modules/.pnpm/zigbee-herdsman@9.0.9/node_modules/zigbee-herdsman/src/utils/waitress.ts:68:23)
    at /app/node_modules/.pnpm/zigbee-herdsman@9.0.9/node_modules/zigbee-herdsman/src/adapter/z-stack/znp/znp.ts:256:45
    at AsyncMutex.run (/app/node_modules/.pnpm/zigbee-herdsman@9.0.9/node_modules/zigbee-herdsman/src/utils/async-mutex.ts:17:26)
    at Znp.request (/app/node_modules/.pnpm/zigbee-herdsman@9.0.9/node_modules/zigbee-herdsman/src/adapter/z-stack/znp/znp.ts:249:27)
    at ZStackAdapter.dataRequest (/app/node_modules/.pnpm/zigbee-herdsman@9.0.9/node_modules/zigbee-herdsman/src/adapter/z-stack/adapter/zStackAdapter.ts:1186:24)
    at ZStackAdapter.sendZclFrameToEndpointInternal (/app/node_modules/.pnpm/zigbee-herdsman@9.0.9/node_modules/zigbee-herdsman/src/adapter/z-stack/adapter/zStackAdapter.ts:550:46)
    at /app/node_modules/.pnpm/zigbee-herdsman@9.0.9/node_modules/zigbee-herdsman/src/adapter/z-stack/adapter/zStackAdapter.ts:484:31
    at Queue.execute (/app/node_modules/.pnpm/zigbee-herdsman@9.0.9/node_modules/zigbee-herdsman/src/utils/queue.ts:38:26)
    at ZStackAdapter.sendZclFrameToEndpoint (/app/node_modules/.pnpm/zigbee-herdsman@9.0.9/node_modules/zigbee-herdsman/src/adapter/z-stack/adapter/zStackAdapter.ts:482:33)
    at Request.func (/app/node_modules/.pnpm/zigbee-herdsman@9.0.9/node_modules/zigbee-herdsman/src/controller/model/endpoint.ts:409:35)
[2026-03-12 13:05:08] debug: 	zh:controller:device: Default response to 0x001788010916738d failed (Error: ZCL command 0x001788010916738d/2 msIlluminanceMeasurement.defaultRsp({"cmdId":10,"statusCode":0}, {"timeout":10000,"disableResponse":false,"disableRecovery":false,"disableDefaultResponse":true,"direction":1,"reservedBits":0,"transactionSequenceNumber":85,"writeUndiv":false}) failed (SRSP - AF - dataRequest after 6000ms))
[2026-03-12 13:05:08] debug: 	z2m: Saving state to file /config/zigbee2mqtt/state.json
[2026-03-12 13:05:08] debug: 	zh:controller:database: Writing database to '/config/zigbee2mqtt/database.db'
[2026-03-12 13:05:08] error: 	z2m: Not connected to MQTT server!
[2026-03-12 13:05:08] error: 	z2m: Cannot send message: topic: 'zigbee2mqtt/bridge/health', payload: '{"response_time":1773317108563,"os":{"load_average":[27.39,25.31,17.54],"memory_used_mb":1212.95,"memory_percent":65.8064},"process":{"uptime_sec":695,"memory_used_mb":94.94,"memory_percent":5.1509},"mqtt":{"connected":false,"queued":0,"published":50,"received":4},"devices":{"0x001788010916738d":{"messages":10,"messages_per_sec":0.0153,"leave_count":0,"network_address_changes":0}}}
[2026-03-12 13:05:08] debug: 	zh:zstack:unpi:parser: <-- [254,5,69,196,17,195,1,53,63,93,254,32,68,129,0,0,25,0,17,195,2,13,0,83,0,183,14,11,0,0,12,1,90,1,0,11,16,13,1,1,116,0,67,53,63,28,161,254,5,69,196,17,195,1,53,63,93,254,28,68,129,0,0,0,4,17,195,2,1,0,83,0,105,98,11,0,0,8,8,91,10,0,0,33,116,75,53,63,28,6,254,5,69,196,17,195,1,53,63,93,254,32,68,129,0,0,25,0,17,195,2,13,0,83,0,183,136,20,0,0,12,1,92,1,0,11,16,13,1,1,116,0,67,53,63,28,62,254,5,69,196,17,195,1,53,63,93,254,28,68,129,0,0,0,4,17,195,2,1,0,83,0,118,221,20,0,0,8,8,93,10,0,0,33,105,75,53,63,28,162,254,5,69,196,17,195,1,53,63,93,254,28,68,129,0,0,0,4,17,195,2,1,0,83,0,173,94,30,0,0,8,8,94,10,0,0,33,99,75,53,63,28,249,254,12,69,202,17,195,141,115,22,9,1,136,23,0,53,63,36,254,12,69,202,17,195,141,115,22,9,1,136,23,0,53,63,36,254,13,69,193,17,195,17,195,141,115,22,9,1,136,23,0,128,118,254,5,69,196,17,195,1,53,63,93,254,28,68,129,0,0,0,4,17,195,2,1,0,80,0,122,201,39,0,0,8,8,95,10,0,0,33,88,75,53,63,28,185,254,5,69,196,17,195,1,53,63,93,254,28,68,129,0,0,0,4,17,195,2,1,0,80,0,14,68,49,0,0,8,8,96,10,0,0,33,253,74,53,63,28,205,254,5,69,196,17,195,1,53,63,93,254,28,68,129,0,0,0,4,17,195,2,1,0,76,0,220,189,58,0,0,8,8,97,10,0,0,33,26,75,53,63,28,22,254,5,69,196,17,195,1,53,63,93,254,28,68,129,0,0,0,4,17,195,2,1,0,58,0,60,64,68,0,0,8,8,98,10,0,0,33,54,75,53,63,28,44,254,3,69,196,65,229,0,38,254,32,68,129,0,0,25,0,65,229,1,13,0,204,0,83,12,75,0,0,12,1,11,1,0,102,17,32,1,48,106,2,32,65,229,29,28,254,32,68,129,0,0,25,0,65,229,1,13,0,204,0,59,227,77,0,0,12,1,12,1,0,102,17,32,1,48,106,2,32,65,229,29,154,254,5,69,196,17,195,1,53,63,93,254,28,68,129,0,0,0,4,17,195,2,1,0,61,0,88,12,78,0,0,8,8,99,10,0,0,33,60,75,53,63,28,2,254,32,68,129,0,0,25,0,65,229,1,13,0,204,0,205,197,80,0,0,12,1,13,1,0,102,17,32,1,48,106,2,32,65,229,29,86,254,32,68,129,0,0,25,0,65,229,1,13,0,204,0,75,168,83,0,0,12,1,14,1,0,102,17,32,1,48,106,2,32,65,229,29,189,254,32,68,129,0,0,25,0,65,229,1,13,0,200,0,218,138,86,0,0,12,1,15,1,0,102,17,32,1,48,106,2,32,65,229,29,14,254,5,69,196,17,195,1,53,63,93,254,28,68,129,0,0,0,4,17,195,2,1,0,65,0,216,143,87,0,0,8,8,100,10,0,0,33,54,75,53,63,28,105,254,12,69,202,17,195,141,115,22,9,1,136,23,0,53,63,36,254,12,69,202,17,195,141,115,22,9,1,136,23,0,53,63,36,254,13,69,193,17,195,17,195,141,115,22,9,1,136,23,0,128,118,254,5,69,196,17,195,1,53,63,93,254,28,68,129,0,0,0,4,17,195,2,1,0,80,0,235,242,96,0,0,8,8,101,10,0,0,33,79,76,53,63,28,126,254,5,69,196,17,195,1,53,63,93,254,28,68,129,0,0,0,4,17,195,2,1,0,72,0,246,78,111,0,0,8,8,102,10,0,0,33,63,76,53,63,28,187,254,5,69,196,17,195,1,53,63,93,254,28,68,129,0,0,0,4,17,195,2,1,0,76,0,86,223,120,0,0,8,8,103,10,0,0,33,57,76,53,63,28,158,254,3,69,196,198,56,0,124,254,32,68,129,0,0,25,0,198,56,3,1,0,80,0,197,176,122,0,0,12,17,63,1,0,12,17,39,0,9,5,2,1,198,56,29,170,254,5,69,196,17,195,1,53,63,93,254,28,68,129,0,0,0,4,17,195,2,1,0,72,0,142,99,130,0,0,8,8,104,10,0,0,33,68,76,53,63,28,118,254,1,100,1,0,100,254,3,68,128,0,1,2,196,254,28,68,129,0,0,0,4,17,195,2,1,0,72,0,249,225,139,0,0,8,8,105,10,0,0,33,57,76,53,63,28,246,254,28,68,129,0,0,0,4,17,195,2,1,0,72,0,107,91,149,0,0,8,8,106,10,0,0,33,52,76,53,63,28,206,254,28,68,129,0,0,0,4,17,195,2,1,0,83,0,233,228,158,0,0,8,8,107,10,0,0,33,63,76,53,63,28,233,254,28,68,129,0,0,0,4,17,195,2,1,0,91,0,123,102,168,0,0,8,8,108,10,0,0,33,57,76,53,63,28,198,254,28,68,129,0,0,0,4,17,195,2,1,0,83,0,168,245,177,0,0,8,8,109,10,0,0,33,52,76,53,63,28,155,254,64,68,129,0,0,0,0,140,102,1,1,0,178,0,138,44,187,0,0,44,24,139,10,1,255,66,37,1,33,199,11,4,33,168,19,5,33,6,0,6,36,1,0,0,0,0,100,41,153,9,101,33,254,14,102,43,50,128,1,0,10,33,0,0,140,102,29,212,254,5,69,196,17,195,1,53,63,93,254,28,68,129,0,0,0,4,17,195,2,1,0,83,0,12,133,187,0,0,8,8,110,10,0,0,33,57,76,53,63,28,75,254,5,69,196,17,195,1,53,63,93,254,28,68,129,0,0,0,4,17,195,2,1,0,80,0,223,6,197,0,0,8,8,111,10,0,0,33,63,76,53,63,28,97,254,5,69,196,17,195,1,53,63,93,254,28,68,129,0,0,0,4,17,195,2,1,0,87,0,46,144,206,0,0,8,8,112,10,0,0,33,57,76,53,63,28,19,254,5,69,196,17,195,1,53,63,93,254,28,68,129,0,0,0,4,17,195,2,1,0,83,0,85,18,216,0,0,8,8,113,10,0,0,33,63,76,53,63,28,255,254,5,69,196,17,195,1,53,63,93,254,28,68,129,0,0,0,4,17,195,2,1,0,87,0,186,147,225,0,0,8,8,114,10,0,0,33,68,76,53,63,28,212,254,5,69,196,17,195,1,53,63,93,254,28,68,129,0,0,0,4,17,195,2,1,0,87,0,119,50,235,0,0,8,8,115,10,0,0,33,73,76,53,63,28,190,254,5,69,196,17,195,1,53,63,93,254,28,68,129,0,0,0,4,17,195,2,1,0,87,0,153,182,4,0,0,8,8,116,10,0,0,33,68,76,53,63,28,49,254,5,69,196,17,195,1,53,63,93,254,28,68,129,0,0,0,4,17,195,2,1,0,87,0,45,69,14,0,0,8,8,117,10,0,0,33,63,76,53,63,28,6,254,5,69,196,17,195,1,53,63,93,254,28,68,129,0,0,0,4,17,195,2,1,0,83,0,166,214,23,0,0,8,8,118,10,0,0,33,57,76,53,63,28,6,254,5,69,196,17,195,1,53,63,93,254,28,68,129,0,0,0,4,17,195,2,1,0,83,0,175,43,38,0,0,8,8,119,10,0,0,33,63,76,53,63,28,196]
[2026-03-12 13:05:08] debug: 	zh:zstack:unpi:parser: --- parseNext [254,5,69,196,17,195,1,53,63,93,254,32,68,129,0,0,25,0,17,195,2,13,0,83,0,183,14,11,0,0,12,1,90,1,0,11,16,13,1,1,116,0,67,53,63,28,161,254,5,69,196,17,195,1,53,63,93,254,28,68,129,0,0,0,4,17,195,2,1,0,83,0,105,98,11,0,0,8,8,91,10,0,0,33,116,75,53,63,28,6,254,5,69,196,17,195,1,53,63,93,254,32,68,129,0,0,25,0,17,195,2,13,0,83,0,183,136,20,0,0,12,1,92,1,0,11,16,13,1,1,116,0,67,53,63,28,62,254,5,69,196,17,195,1,53,63,93,254,28,68,129,0,0,0,4,17,195,2,1,0,83,0,118,221,20,0,0,8,8,93,10,0,0,33,105,75,53,63,28,162,254,5,69,196,17,195,1,53,63,93,254,28,68,129,0,0,0,4,17,195,2,1,0,83,0,173,94,30,0,0,8,8,94,10,0,0,33,99,75,53,63,28,249,254,12,69,202,17,195,141,115,22,9,1,136,23,0,53,63,36,254,12,69,202,17,195,141,115,22,9,1,136,23,0,53,63,36,254,13,69,193,17,195,17,195,141,115,22,9,1,136,23,0,128,118,254,5,69,196,17,195,1,53,63,93,254,28,68,129,0,0,0,4,17,195,2,1,0,80,0,122,201,39,0,0,8,8,95,10,0,0,33,88,75,53,63,28,185,254,5,69,196,17,195,1,53,63,93,254,28,68,129,0,0,0,4,17,195,2,1,0,80,0,14,68,49,0,0,8,8,96,10,0,0,33,253,74,53,63,28,205,254,5,69,196,17,195,1,53,63,93,254,28,68,129,0,0,0,4,17,195,2,1,0,76,0,220,189,58,0,0,8,8,97,10,0,0,33,26,75,53,63,28,22,254,5,69,196,17,195,1,53,63,93,254,28,68,129,0,0,0,4,17,195,2,1,0,58,0,60,64,68,0,0,8,8,98,10,0,0,33,54,75,53,63,28,44,254,3,69,196,65,229,0,38,254,32,68,129,0,0,25,0,65,229,1,13,0,204,0,83,12,75,0,0,12,1,11,1,0,102,17,32,1,48,106,2,32,65,229,29,28,254,32,68,129,0,0,25,0,65,229,1,13,0,204,0,59,227,77,0,0,12,1,12,1,0,102,17,32,1,48,106,2,32,65,229,29,154,254,5,69,196,17,195,1,53,63,93,254,28,68,129,0,0,0,4,17,195,2,1,0,61,0,88,12,78,0,0,8,8,99,10,0,0,33,60,75,53,63,28,2,254,32,68,129,0,0,25,0,65,229,1,13,0,204,0,205,197,80,0,0,12,1,13,1,0,102,17,32,1,48,106,2,32,65,229,29,86,254,32,68,129,0,0,25,0,65,229,1,13,0,204,0,75,168,83,0,0,12,1,14,1,0,102,17,32,1,48,106,2,32,65,229,29,189,254,32,68,129,0,0,25,0,65,229,1,13,0,200,0,218,138,86,0,0,12,1,15,1,0,102,17,32,1,48,106,2,32,65,229,29,14,254,5,69,196,17,195,1,53,63,93,254,28,68,129,0,0,0,4,17,195,2,1,0,65,0,216,143,87,0,0,8,8,100,10,0,0,33,54,75,53,63,28,105,254,12,69,202,17,195,141,115,22,9,1,136,23,0,53,63,36,254,12,69,202,17,195,141,115,22,9,1,136,23,0,53,63,36,254,13,69,193,17,195,17,195,141,115,22,9,1,136,23,0,128,118,254,5,69,196,17,195,1,53,63,93,254,28,68,129,0,0,0,4,17,195,2,1,0,80,0,235,242,96,0,0,8,8,101,10,0,0,33,79,76,53,63,28,126,254,5,69,196,17,195,1,53,63,93,254,28,68,129,0,0,0,4,17,195,2,1,0,72,0,246,78,111,0,0,8,8,102,10,0,0,33,63,76,53,63,28,187,254,5,69,196,17,195,1,53,63,93,254,28,68,129,0,0,0,4,17,195,2,1,0,76,0,86,223,120,0,0,8,8,103,10,0,0,33,57,76,53,63,28,158,254,3,69,196,198,56,0,124,254,32,68,129,0,0,25,0,198,56,3,1,0,80,0,197,176,122,0,0,12,17,63,1,0,12,17,39,0,9,5,2,1,198,56,29,170,254,5,69,196,17,195,1,53,63,93,254,28,68,129,0,0,0,4,17,195,2,1,0,72,0,142,99,130,0,0,8,8,104,10,0,0,33,68,76,53,63,28,118,254,1,100,1,0,100,254,3,68,128,0,1,2,196,254,28,68,129,0,0,0,4,17,195,2,1,0,72,0,249,225,139,0,0,8,8,105,10,0,0,33,57,76,53,63,28,246,254,28,68,129,0,0,0,4,17,195,2,1,0,72,0,107,91,149,0,0,8,8,106,10,0,0,33,52,76,53,63,28,206,254,28,68,129,0,0,0,4,17,195,2,1,0,83,0,233,228,158,0,0,8,8,107,10,0,0,33,63,76,53,63,28,233,254,28,68,129,0,0,0,4,17,195,2,1,0,91,0,123,102,168,0,0,8,8,108,10,0,0,33,57,76,53,63,28,198,254,28,68,129,0,0,0,4,17,195,2,1,0,83,0,168,245,177,0,0,8,8,109,10,0,0,33,52,76,53,63,28,155,254,64,68,129,0,0,0,0,140,102,1,1,0,178,0,138,44,187,0,0,44,24,139,10,1,255,66,37,1,33,199,11,4,33,168,19,5,33,6,0,6,36,1,0,0,0,0,100,41,153,9,101,33,254,14,102,43,50,128,1,0,10,33,0,0,140,102,29,212,254,5,69,196,17,195,1,53,63,93,254,28,68,129,0,0,0,4,17,195,2,1,0,83,0,12,133,187,0,0,8,8,110,10,0,0,33,57,76,53,63,28,75,254,5,69,196,17,195,1,53,63,93,254,28,68,129,0,0,0,4,17,195,2,1,0,80,0,223,6,197,0,0,8,8,111,10,0,0,33,63,76,53,63,28,97,254,5,69,196,17,195,1,53,63,93,254,28,68,129,0,0,0,4,17,195,2,1,0,87,0,46,144,206,0,0,8,8,112,10,0,0,33,57,76,53,63,28,19,254,5,69,196,17,195,1,53,63,93,254,28,68,129,0,0,0,4,17,195,2,1,0,83,0,85,18,216,0,0,8,8,113,10,0,0,33,63,76,53,63,28,255,254,5,69,196,17,195,1,53,63,93,254,28,68,129,0,0,0,4,17,195,2,1,0,87,0,186,147,225,0,0,8,8,114,10,0,0,33,68,76,53,63,28,212,254,5,69,196,17,195,1,53,63,93,254,28,68,129,0,0,0,4,17,195,2,1,0,87,0,119,50,235,0,0,8,8,115,10,0,0,33,73,76,53,63,28,190,254,5,69,196,17,195,1,53,63,93,254,28,68,129,0,0,0,4,17,195,2,1,0,87,0,153,182,4,0,0,8,8,116,10,0,0,33,68,76,53,63,28,49,254,5,69,196,17,195,1,53,63,93,254,28,68,129,0,0,0,4,17,195,2,1,0,87,0,45,69,14,0,0,8,8,117,10,0,0,33,63,76,53,63,28,6,254,5,69,196,17,195,1,53,63,93,254,28,68,129,0,0,0,4,17,195,2,1,0,83,0,166,214,23,0,0,8,8,118,10,0,0,33,57,76,53,63,28,6,254,5,69,196,17,195,1,53,63,93,254,28,68,129,0,0,0,4,17,195,2,1,0,83,0,175,43,38,0,0,8,8,119,10,0,0,33,63,76,53,63,28,196]
[2026-03-12 13:05:08] debug: 	zh:zstack:unpi:parser: --> parsed 5 - 2 - 5 - 196 - [17,195,1,53,63] - 93
[2026-03-12 13:05:08] debug: 	zh:zstack:znp: <-- AREQ: ZDO - srcRtgInd
[2026-03-12 13:05:08] debug: 	zh:zstack:unpi:parser: --- parseNext [254,32,68,129,0,0,25,0,17,195,2,13,0,83,0,183,14,11,0,0,12,1,90,1,0,11,16,13,1,1,116,0,67,53,63,28,161,254,5,69,196,17,195,1,53,63,93,254,28,68,129,0,0,0,4,17,195,2,1,0,83,0,105,98,11,0,0,8,8,91,10,0,0,33,116,75,53,63,28,6,254,5,69,196,17,195,1,53,63,93,254,32,68,129,0,0,25,0,17,195,2,13,0,83,0,183,136,20,0,0,12,1,92,1,0,11,16,13,1,1,116,0,67,53,63,28,62,254,5,69,196,17,195,1,53,63,93,254,28,68,129,0,0,0,4,17,195,2,1,0,83,0,118,221,20,0,0,8,8,93,10,0,0,33,105,75,53,63,28,162,254,5,69,196,17,195,1,53,63,93,254,28,68,129,0,0,0,4,17,195,2,1,0,83,0,173,94,30,0,0,8,8,94,10,0,0,33,99,75,53,63,28,249,254,12,69,202,17,195,141,115,22,9,1,136,23,0,53,63,36,254,12,69,202,17,195,141,115,22,9,1,136,23,0,53,63,36,254,13,69,193,17,195,17,195,141,115,22,9,1,136,23,0,128,118,254,5,69,196,17,195,1,53,63,93,254,28,68,129,0,0,0,4,17,195,2,1,0,80,0,122,201,39,0,0,8,8,95,10,0,0,33,88,75,53,63,28,185,254,5,69,196,17,195,1,53,63,93,254,28,68,129,0,0,0,4,17,195,2,1,0,80,0,14,68,49,0,0,8,8,96,10,0,0,33,253,74,53,63,28,205,254,5,69,196,17,195,1,53,63,93,254,28,68,129,0,0,0,4,17,195,2,1,0,76,0,220,189,58,0,0,8,8,97,10,0,0,33,26,75,53,63,28,22,254,5,69,196,17,195,1,53,63,93,254,28,68,129,0,0,0,4,17,195,2,1,0,58,0,60,64,68,0,0,8,8,98,10,0,0,33,54,75,53,63,28,44,254,3,69,196,65,229,0,38,254,32,68,129,0,0,25,0,65,229,1,13,0,204,0,83,12,75,0,0,12,1,11,1,0,102,17,32,1,48,106,2,32,65,229,29,28,254,32,68,129,0,0,25,0,65,229,1,13,0,204,0,59,227,77,0,0,12,1,12,1,0,102,17,32,1,48,106,2,32,65,229,29,154,254,5,69,196,17,195,1,53,63,93,254,28,68,129,0,0,0,4,17,195,2,1,0,61,0,88,12,78,0,0,8,8,99,10,0,0,33,60,75,53,63,28,2,254,32,68,129,0,0,25,0,65,229,1,13,0,204,0,205,197,80,0,0,12,1,13,1,0,102,17,32,1,48,106,2,32,65,229,29,86,254,32,68,129,0,0,25,0,65,229,1,13,0,204,0,75,168,83,0,0,12,1,14,1,0,102,17,32,1,48,106,2,32,65,229,29,189,254,32,68,129,0,0,25,0,65,229,1,13,0,200,0,218,138,86,0,0,12,1,15,1,0,102,17,32,1,48,106,2,32,65,229,29,14,254,5,69,196,17,195,1,53,63,93,254,28,68,129,0,0,0,4,17,195,2,1,0,65,0,216,143,87,0,0,8,8,100,10,0,0,33,54,75,53,63,28,105,254,12,69,202,17,195,141,115,22,9,1,136,23,0,53,63,36,254,12,69,202,17,195,141,115,22,9,1,136,23,0,53,63,36,254,13,69,193,17,195,17,195,141,115,22,9,1,136,23,0,128,118,254,5,69,196,17,195,1,53,63,93,254,28,68,129,0,0,0,4,17,195,2,1,0,80,0,235,242,96,0,0,8,8,101,10,0,0,33,79,76,53,63,28,126,254,5,69,196,17,195,1,53,63,93,254,28,68,129,0,0,0,4,17,195,2,1,0,72,0,246,78,111,0,0,8,8,102,10,0,0,33,63,76,53,63,28,187,254,5,69,196,17,195,1,53,63,93,254,28,68,129,0,0,0,4,17,195,2,1,0,76,0,86,223,120,0,0,8,8,103,10,0,0,33,57,76,53,63,28,158,254,3,69,196,198,56,0,124,254,32,68,129,0,0,25,0,198,56,3,1,0,80,0,197,176,122,0,0,12,17,63,1,0,12,17,39,0,9,5,2,1,198,56,29,170,254,5,69,196,17,195,1,53,63,93,254,28,68,129,0,0,0,4,17,195,2,1,0,72,0,142,99,130,0,0,8,8,104,10,0,0,33,68,76,53,63,28,118,254,1,100,1,0,100,254,3,68,128,0,1,2,196,254,28,68,129,0,0,0,4,17,195,2,1,0,72,0,249,225,139,0,0,8,8,105,10,0,0,33,57,76,53,63,28,246,254,28,68,129,0,0,0,4,17,195,2,1,0,72,0,107,91,149,0,0,8,8,106,10,0,0,33,52,76,53,63,28,206,254,28,68,129,0,0,0,4,17,195,2,1,0,83,0,233,228,158,0,0,8,8,107,10,0,0,33,63,76,53,63,28,233,254,28,68,129,0,0,0,4,17,195,2,1,0,91,0,123,102,168,0,0,8,8,108,10,0,0,33,57,76,53,63,28,198,254,28,68,129,0,0,0,4,17,195,2,1,0,83,0,168,245,177,0,0,8,8,109,10,0,0,33,52,76,53,63,28,155,254,64,68,129,0,0,0,0,140,102,1,1,0,178,0,138,44,187,0,0,44,24,139,10,1,255,66,37,1,33,199,11,4,33,168,19,5,33,6,0,6,36,1,0,0,0,0,100,41,153,9,101,33,254,14,102,43,50,128,1,0,10,33,0,0,140,102,29,212,254,5,69,196,17,195,1,53,63,93,254,28,68,129,0,0,0,4,17,195,2,1,0,83,0,12,133,187,0,0,8,8,110,10,0,0,33,57,76,53,63,28,75,254,5,69,196,17,195,1,53,63,93,254,28,68,129,0,0,0,4,17,195,2,1,0,80,0,223,6,197,0,0,8,8,111,10,0,0,33,63,76,53,63,28,97,254,5,69,196,17,195,1,53,63,93,254,28,68,129,0,0,0,4,17,195,2,1,0,87,0,46,144,206,0,0,8,8,112,10,0,0,33,57,76,53,63,28,19,254,5,69,196,17,195,1,53,63,93,254,28,68,129,0,0,0,4,17,195,2,1,0,83,0,85,18,216,0,0,8,8,113,10,0,0,33,63,76,53,63,28,255,254,5,69,196,17,195,1,53,63,93,254,28,68,129,0,0,0,4,17,195,2,1,0,87,0,186,147,225,0,0,8,8,114,10,0,0,33,68,76,53,63,28,212,254,5,69,196,17,195,1,53,63,93,254,28,68,129,0,0,0,4,17,195,2,1,0,87,0,119,50,235,0,0,8,8,115,10,0,0,33,73,76,53,63,28,190,254,5,69,196,17,195,1,53,63,93,254,28,68,129,0,0,0,4,17,195,2,1,0,87,0,153,182,4,0,0,8,8,116,10,0,0,33,68,76,53,63,28,49,254,5,69,196,17,195,1,53,63,93,254,28,68,129,0,0,0,4,17,195,2,1,0,87,0,45,69,14,0,0,8,8,117,10,0,0,33,63,76,53,63,28,6,254,5,69,196,17,195,1,53,63,93,254,28,68,129,0,0,0,4,17,195,2,1,0,83,0,166,214,23,0,0,8,8,118,10,0,0,33,57,76,53,63,28,6,254,5,69,196,17,195,1,53,63,93,254,28,68,129,0,0,0,4,17,195,2,1,0,83,0,175,43,38,0,0,8,8,119,10,0,0,33,63,76,53,63,28,196]
[2026-03-12 13:05:08] debug: 	zh:zstack:unpi:parser: --> parsed 32 - 2 - 4 - 129 - [0,0,25,0,17,195,2,13,0,83,0,183,14,11,0,0,12,1,90,1,0,11,16,13,1,1,116,0,67,53,63,28] - 161
[2026-03-12 13:05:08] debug: 	zh:zstack:znp: <-- AREQ: AF - incomingMsg - {"groupid":0,"clusterid":25,"srcaddr":49937,"srcendpoint":2,"dstendpoint":13,"wasbroadcast":0,"linkquality":83,"securityuse":0,"timestamp":724663,"transseqnumber":0,"len":12,"data":{"type":"Buffer","data":[1,90,1,0,11,16,13,1,1,116,0,67]}}
[2026-03-12 13:05:08] debug: 	zh:controller: Received payload: clusterID=25, address=49937, groupID=0, endpoint=2, destinationEndpoint=13, wasBroadcast=false, linkQuality=83, frame={"header":{"frameControl":{"frameType":1,"manufacturerSpecific":false,"direction":0,"disableDefaultResponse":false,"reservedBits":0},"transactionSequenceNumber":90,"commandIdentifier":1},"payload":{"fieldControl":0,"manufacturerCode":4107,"imageType":269,"fileVersion":1124103169},"command":{"ID":1,"response":2,"parameters":[{"name":"fieldControl","type":24},{"name":"manufacturerCode","type":33},{"name":"imageType","type":33,"max":65471},{"name":"fileVersion","type":35},{"name":"hardwareVersion","type":33,"conditions":[{"type":"bitMaskSet","param":"fieldControl","mask":1}]}],"required":true,"name":"queryNextImageRequest"}}
[2026-03-12 13:05:08] debug: 	zh:zstack:unpi:parser: --- parseNext [254,5,69,196,17,195,1,53,63,93,254,28,68,129,0,0,0,4,17,195,2,1,0,83,0,105,98,11,0,0,8,8,91,10,0,0,33,116,75,53,63,28,6,254,5,69,196,17,195,1,53,63,93,254,32,68,129,0,0,25,0,17,195,2,13,0,83,0,183,136,20,0,0,12,1,92,1,0,11,16,13,1,1,116,0,67,53,63,28,62,254,5,69,196,17,195,1,53,63,93,254,28,68,129,0,0,0,4,17,195,2,1,0,83,0,118,221,20,0,0,8,8,93,10,0,0,33,105,75,53,63,28,162,254,5,69,196,17,195,1,53,63,93,254,28,68,129,0,0,0,4,17,195,2,1,0,83,0,173,94,30,0,0,8,8,94,10,0,0,33,99,75,53,63,28,249,254,12,69,202,17,195,141,115,22,9,1,136,23,0,53,63,36,254,12,69,202,17,195,141,115,22,9,1,136,23,0,53,63,36,254,13,69,193,17,195,17,195,141,115,22,9,1,136,23,0,128,118,254,5,69,196,17,195,1,53,63,93,254,28,68,129,0,0,0,4,17,195,2,1,0,80,0,122,201,39,0,0,8,8,95,10,0,0,33,88,75,53,63,28,185,254,5,69,196,17,195,1,53,63,93,254,28,68,129,0,0,0,4,17,195,2,1,0,80,0,14,68,49,0,0,8,8,96,10,0,0,33,253,74,53,63,28,205,254,5,69,196,17,195,1,53,63,93,254,28,68,129,0,0,0,4,17,195,2,1,0,76,0,220,189,58,0,0,8,8,97,10,0,0,33,26,75,53,63,28,22,254,5,69,196,17,195,1,53,63,93,254,28,68,129,0,0,0,4,17,195,2,1,0,58,0,60,64,68,0,0,8,8,98,10,0,0,33,54,75,53,63,28,44,254,3,69,196,65,229,0,38,254,32,68,129,0,0,25,0,65,229,1,13,0,204,0,83,12,75,0,0,12,1,11,1,0,102,17,32,1,48,106,2,32,65,229,29,28,254,32,68,129,0,0,25,0,65,229,1,13,0,204,0,59,227,77,0,0,12,1,12,1,0,102,17,32,1,48,106,2,32,65,229,29,154,254,5,69,196,17,195,1,53,63,93,254,28,68,129,0,0,0,4,17,195,2,1,0,61,0,88,12,78,0,0,8,8,99,10,0,0,33,60,75,53,63,28,2,254,32,68,129,0,0,25,0,65,229,1,13,0,204,0,205,197,80,0,0,12,1,13,1,0,102,17,32,1,48,106,2,32,65,229,29,86,254,32,68,129,0,0,25,0,65,229,1,13,0,204,0,75,168,83,0,0,12,1,14,1,0,102,17,32,1,48,106,2,32,65,229,29,189,254,32,68,129,0,0,25,0,65,229,1,13,0,200,0,218,138,86,0,0,12,1,15,1,0,102,17,32,1,48,106,2,32,65,229,29,14,254,5,69,196,17,195,1,53,63,93,254,28,68,129,0,0,0,4,17,195,2,1,0,65,0,216,143,87,0,0,8,8,100,10,0,0,33,54,75,53,63,28,105,254,12,69,202,17,195,141,115,22,9,1,136,23,0,53,63,36,254,12,69,202,17,195,141,115,22,9,1,136,23,0,53,63,36,254,13,69,193,17,195,17,195,141,115,22,9,1,136,23,0,128,118,254,5,69,196,17,195,1,53,63,93,254,28,68,129,0,0,0,4,17,195,2,1,0,80,0,235,242,96,0,0,8,8,101,10,0,0,33,79,76,53,63,28,126,254,5,69,196,17,195,1,53,63,93,254,28,68,129,0,0,0,4,17,195,2,1,0,72,0,246,78,111,0,0,8,8,102,10,0,0,33,63,76,53,63,28,187,254,5,69,196,17,195,1,53,63,93,254,28,68,129,0,0,0,4,17,195,2,1,0,76,0,86,223,120,0,0,8,8,103,10,0,0,33,57,76,53,63,28,158,254,3,69,196,198,56,0,124,254,32,68,129,0,0,25,0,198,56,3,1,0,80,0,197,176,122,0,0,12,17,63,1,0,12,17,39,0,9,5,2,1,198,56,29,170,254,5,69,196,17,195,1,53,63,93,254,28,68,129,0,0,0,4,17,195,2,1,0,72,0,142,99,130,0,0,8,8,104,10,0,0,33,68,76,53,63,28,118,254,1,100,1,0,100,254,3,68,128,0,1,2,196,254,28,68,129,0,0,0,4,17,195,2,1,0,72,0,249,225,139,0,0,8,8,105,10,0,0,33,57,76,53,63,28,246,254,28,68,129,0,0,0,4,17,195,2,1,0,72,0,107,91,149,0,0,8,8,106,10,0,0,33,52,76,53,63,28,206,254,28,68,129,0,0,0,4,17,195,2,1,0,83,0,233,228,158,0,0,8,8,107,10,0,0,33,63,76,53,63,28,233,254,28,68,129,0,0,0,4,17,195,2,1,0,91,0,123,102,168,0,0,8,8,108,10,0,0,33,57,76,53,63,28,198,254,28,68,129,0,0,0,4,17,195,2,1,0,83,0,168,245,177,0,0,8,8,109,10,0,0,33,52,76,53,63,28,155,254,64,68,129,0,0,0,0,140,102,1,1,0,178,0,138,44,187,0,0,44,24,139,10,1,255,66,37,1,33,199,11,4,33,168,19,5,33,6,0,6,36,1,0,0,0,0,100,41,153,9,101,33,254,14,102,43,50,128,1,0,10,33,0,0,140,102,29,212,254,5,69,196,17,195,1,53,63,93,254,28,68,129,0,0,0,4,17,195,2,1,0,83,0,12,133,187,0,0,8,8,110,10,0,0,33,57,76,53,63,28,75,254,5,69,196,17,195,1,53,63,93,254,28,68,129,0,0,0,4,17,195,2,1,0,80,0,223,6,197,0,0,8,8,111,10,0,0,33,63,76,53,63,28,97,254,5,69,196,17,195,1,53,63,93,254,28,68,129,0,0,0,4,17,195,2,1,0,87,0,46,144,206,0,0,8,8,112,10,0,0,33,57,76,53,63,28,19,254,5,69,196,17,195,1,53,63,93,254,28,68,129,0,0,0,4,17,195,2,1,0,83,0,85,18,216,0,0,8,8,113,10,0,0,33,63,76,53,63,28,255,254,5,69,196,17,195,1,53,63,93,254,28,68,129,0,0,0,4,17,195,2,1,0,87,0,186,147,225,0,0,8,8,114,10,0,0,33,68,76,53,63,28,212,254,5,69,196,17,195,1,53,63,93,254,28,68,129,0,0,0,4,17,195,2,1,0,87,0,119,50,235,0,0,8,8,115,10,0,0,33,73,76,53,63,28,190,254,5,69,196,17,195,1,53,63,93,254,28,68,129,0,0,0,4,17,195,2,1,0,87,0,153,182,4,0,0,8,8,116,10,0,0,33,68,76,53,63,28,49,254,5,69,196,17,195,1,53,63,93,254,28,68,129,0,0,0,4,17,195,2,1,0,87,0,45,69,14,0,0,8,8,117,10,0,0,33,63,76,53,63,28,6,254,5,69,196,17,195,1,53,63,93,254,28,68,129,0,0,0,4,17,195,2,1,0,83,0,166,214,23,0,0,8,8,118,10,0,0,33,57,76,53,63,28,6,254,5,69,196,17,195,1,53,63,93,254,28,68,129,0,0,0,4,17,195,2,1,0,83,0,175,43,38,0,0,8,8,119,10,0,0,33,63,76,53,63,28,196]
[2026-03-12 13:05:08] debug: 	zh:zstack:unpi:parser: --> parsed 5 - 2 - 5 - 196 - [17,195,1,53,63] - 93
[2026-03-12 13:05:08] debug: 	zh:zstack:znp: <-- AREQ: ZDO - srcRtgInd
[2026-03-12 13:05:08] debug: 	zh:zstack:unpi:parser: --- parseNext [254,28,68,129,0,0,0,4,17,195,2,1,0,83,0,105,98,11,0,0,8,8,91,10,0,0,33,116,75,53,63,28,6,254,5,69,196,17,195,1,53,63,93,254,32,68,129,0,0,25,0,17,195,2,13,0,83,0,183,136,20,0,0,12,1,92,1,0,11,16,13,1,1,116,0,67,53,63,28,62,254,5,69,196,17,195,1,53,63,93,254,28,68,129,0,0,0,4,17,195,2,1,0,83,0,118,221,20,0,0,8,8,93,10,0,0,33,105,75,53,63,28,162,254,5,69,196,17,195,1,53,63,93,254,28,68,129,0,0,0,4,17,195,2,1,0,83,0,173,94,30,0,0,8,8,94,10,0,0,33,99,75,53,63,28,249,254,12,69,202,17,195,141,115,22,9,1,136,23,0,53,63,36,254,12,69,202,17,195,141,115,22,9,1,136,23,0,53,63,36,254,13,69,193,17,195,17,195,141,115,22,9,1,136,23,0,128,118,254,5,69,196,17,195,1,53,63,93,254,28,68,129,0,0,0,4,17,195,2,1,0,80,0,122,201,39,0,0,8,8,95,10,0,0,33,88,75,53,63,28,185,254,5,69,196,17,195,1,53,63,93,254,28,68,129,0,0,0,4,17,195,2,1,0,80,0,14,68,49,0,0,8,8,96,10,0,0,33,253,74,53,63,28,205,254,5,69,196,17,195,1,53,63,93,254,28,68,129,0,0,0,4,17,195,2,1,0,76,0,220,189,58,0,0,8,8,97,10,0,0,33,26,75,53,63,28,22,254,5,69,196,17,195,1,53,63,93,254,28,68,129,0,0,0,4,17,195,2,1,0,58,0,60,64,68,0,0,8,8,98,10,0,0,33,54,75,53,63,28,44,254,3,69,196,65,229,0,38,254,32,68,129,0,0,25,0,65,229,1,13,0,204,0,83,12,75,0,0,12,1,11,1,0,102,17,32,1,48,106,2,32,65,229,29,28,254,32,68,129,0,0,25,0,65,229,1,13,0,204,0,59,227,77,0,0,12,1,12,1,0,102,17,32,1,48,106,2,32,65,229,29,154,254,5,69,196,17,195,1,53,63,93,254,28,68,129,0,0,0,4,17,195,2,1,0,61,0,88,12,78,0,0,8,8,99,10,0,0,33,60,75,53,63,28,2,254,32,68,129,0,0,25,0,65,229,1,13,0,204,0,205,197,80,0,0,12,1,13,1,0,102,17,32,1,48,106,2,32,65,229,29,86,254,32,68,129,0,0,25,0,65,229,1,13,0,204,0,75,168,83,0,0,12,1,14,1,0,102,17,32,1,48,106,2,32,65,229,29,189,254,32,68,129,0,0,25,0,65,229,1,13,0,200,0,218,138,86,0,0,12,1,15,1,0,102,17,32,1,48,106,2,32,65,229,29,14,254,5,69,196,17,195,1,53,63,93,254,28,68,129,0,0,0,4,17,195,2,1,0,65,0,216,143,87,0,0,8,8,100,10,0,0,33,54,75,53,63,28,105,254,12,69,202,17,195,141,115,22,9,1,136,23,0,53,63,36,254,12,69,202,17,195,141,115,22,9,1,136,23,0,53,63,36,254,13,69,193,17,195,17,195,141,115,22,9,1,136,23,0,128,118,254,5,69,196,17,195,1,53,63,93,254,28,68,129,0,0,0,4,17,195,2,1,0,80,0,235,242,96,0,0,8,8,101,10,0,0,33,79,76,53,63,28,126,254,5,69,196,17,195,1,53,63,93,254,28,68,129,0,0,0,4,17,195,2,1,0,72,0,246,78,111,0,0,8,8,102,10,0,0,33,63,76,53,63,28,187,254,5,69,196,17,195,1,53,63,93,254,28,68,129,0,0,0,4,17,195,2,1,0,76,0,86,223,120,0,0,8,8,103,10,0,0,33,57,76,53,63,28,158,254,3,69,196,198,56,0,124,254,32,68,129,0,0,25,0,198,56,3,1,0,80,0,197,176,122,0,0,12,17,63,1,0,12,17,39,0,9,5,2,1,198,56,29,170,254,5,69,196,17,195,1,53,63,93,254,28,68,129,0,0,0,4,17,195,2,1,0,72,0,142,99,130,0,0,8,8,104,10,0,0,33,68,76,53,63,28,118,254,1,100,1,0,100,254,3,68,128,0,1,2,196,254,28,68,129,0,0,0,4,17,195,2,1,0,72,0,249,225,139,0,0,8,8,105,10,0,0,33,57,76,53,63,28,246,254,28,68,129,0,0,0,4,17,195,2,1,0,72,0,107,91,149,0,0,8,8,106,10,0,0,33,52,76,53,63,28,206,254,28,68,129,0,0,0,4,17,195,2,1,0,83,0,233,228,158,0,0,8,8,107,10,0,0,33,63,76,53,63,28,233,254,28,68,129,0,0,0,4,17,195,2,1,0,91,0,123,102,168,0,0,8,8,108,10,0,0,33,57,76,53,63,28,198,254,28,68,129,0,0,0,4,17,195,2,1,0,83,0,168,245,177,0,0,8,8,109,10,0,0,33,52,76,53,63,28,155,254,64,68,129,0,0,0,0,140,102,1,1,0,178,0,138,44,187,0,0,44,24,139,10,1,255,66,37,1,33,199,11,4,33,168,19,5,33,6,0,6,36,1,0,0,0,0,100,41,153,9,101,33,254,14,102,43,50,128,1,0,10,33,0,0,140,102,29,212,254,5,69,196,17,195,1,53,63,93,254,28,68,129,0,0,0,4,17,195,2,1,0,83,0,12,133,187,0,0,8,8,110,10,0,0,33,57,76,53,63,28,75,254,5,69,196,17,195,1,53,63,93,254,28,68,129,0,0,0,4,17,195,2,1,0,80,0,223,6,197,0,0,8,8,111,10,0,0,33,63,76,53,63,28,97,254,5,69,196,17,195,1,53,63,93,254,28,68,129,0,0,0,4,17,195,2,1,0,87,0,46,144,206,0,0,8,8,112,10,0,0,33,57,76,53,63,28,19,254,5,69,196,17,195,1,53,63,93,254,28,68,129,0,0,0,4,17,195,2,1,0,83,0,85,18,216,0,0,8,8,113,10,0,0,33,63,76,53,63,28,255,254,5,69,196,17,195,1,53,63,93,254,28,68,129,0,0,0,4,17,195,2,1,0,87,0,186,147,225,0,0,8,8,114,10,0,0,33,68,76,53,63,28,212,254,5,69,196,17,195,1,53,63,93,254,28,68,129,0,0,0,4,17,195,2,1,0,87,0,119,50,235,0,0,8,8,115,10,0,0,33,73,76,53,63,28,190,254,5,69,196,17,195,1,53,63,93,254,28,68,129,0,0,0,4,17,195,2,1,0,87,0,153,182,4,0,0,8,8,116,10,0,0,33,68,76,53,63,28,49,254,5,69,196,17,195,1,53,63,93,254,28,68,129,0,0,0,4,17,195,2,1,0,87,0,45,69,14,0,0,8,8,117,10,0,0,33,63,76,53,63,28,6,254,5,69,196,17,195,1,53,63,93,254,28,68,129,0,0,0,4,17,195,2,1,0,83,0,166,214,23,0,0,8,8,118,10,0,0,33,57,76,53,63,28,6,254,5,69,196,17,195,1,53,63,93,254,28,68,129,0,0,0,4,17,195,2,1,0,83,0,175,43,38,0,0,8,8,119,10,0,0,33,63,76,53,63,28,196]
[2026-03-12 13:05:08] debug: 	zh:zstack:unpi:parser: --> parsed 28 - 2 - 4 - 129 - [0,0,0,4,17,195,2,1,0,83,0,105,98,11,0,0,8,8,91,10,0,0,33,116,75,53,63,28] - 6
[2026-03-12 13:05:08] debug: 	zh:zstack:znp: <-- AREQ: AF - incomingMsg - {"groupid":0,"clusterid":1024,"srcaddr":49937,"srcendpoint":2,"dstendpoint":1,"wasbroadcast":0,"linkquality":83,"securityuse":0,"timestamp":746089,"transseqnumber":0,"len":8,"data":{"type":"Buffer","data":[8,91,10,0,0,33,116,75]}}
[2026-03-12 13:05:08] debug: 	zh:controller: Received payload: clusterID=1024, address=49937, groupID=0, endpoint=2, destinationEndpoint=1, wasBroadcast=false, linkQuality=83, frame={"header":{"frameControl":{"frameType":0,"manufacturerSpecific":false,"direction":1,"disableDefaultResponse":false,"reservedBits":0},"transactionSequenceNumber":91,"commandIdentifier":10},"payload":[{"attrId":0,"dataType":33,"attrData":19316}],"command":{"ID":10,"name":"report","parameters":[{"name":"attrId","type":9},{"name":"dataType","type":8},{"name":"attrData","type":1000}]}}
[2026-03-12 13:05:08] debug: 	zh:controller:endpoint: ZCL command 0x001788010916738d/2 msIlluminanceMeasurement.defaultRsp({"cmdId":10,"statusCode":0}, {"timeout":10000,"disableResponse":false,"disableRecovery":false,"disableDefaultResponse":true,"direction":1,"reservedBits":0,"transactionSequenceNumber":91,"writeUndiv":false})
[2026-03-12 13:05:08] debug: 	zh:zstack:unpi:parser: --- parseNext [254,5,69,196,17,195,1,53,63,93,254,32,68,129,0,0,25,0,17,195,2,13,0,83,0,183,136,20,0,0,12,1,92,1,0,11,16,13,1,1,116,0,67,53,63,28,62,254,5,69,196,17,195,1,53,63,93,254,28,68,129,0,0,0,4,17,195,2,1,0,83,0,118,221,20,0,0,8,8,93,10,0,0,33,105,75,53,63,28,162,254,5,69,196,17,195,1,53,63,93,254,28,68,129,0,0,0,4,17,195,2,1,0,83,0,173,94,30,0,0,8,8,94,10,0,0,33,99,75,53,63,28,249,254,12,69,202,17,195,141,115,22,9,1,136,23,0,53,63,36,254,12,69,202,17,195,141,115,22,9,1,136,23,0,53,63,36,254,13,69,193,17,195,17,195,141,115,22,9,1,136,23,0,128,118,254,5,69,196,17,195,1,53,63,93,254,28,68,129,0,0,0,4,17,195,2,1,0,80,0,122,201,39,0,0,8,8,95,10,0,0,33,88,75,53,63,28,185,254,5,69,196,17,195,1,53,63,93,254,28,68,129,0,0,0,4,17,195,2,1,0,80,0,14,68,49,0,0,8,8,96,10,0,0,33,253,74,53,63,28,205,254,5,69,196,17,195,1,53,63,93,254,28,68,129,0,0,0,4,17,195,2,1,0,76,0,220,189,58,0,0,8,8,97,10,0,0,33,26,75,53,63,28,22,254,5,69,196,17,195,1,53,63,93,254,28,68,129,0,0,0,4,17,195,2,1,0,58,0,60,64,68,0,0,8,8,98,10,0,0,33,54,75,53,63,28,44,254,3,69,196,65,229,0,38,254,32,68,129,0,0,25,0,65,229,1,13,0,204,0,83,12,75,0,0,12,1,11,1,0,102,17,32,1,48,106,2,32,65,229,29,28,254,32,68,129,0,0,25,0,65,229,1,13,0,204,0,59,227,77,0,0,12,1,12,1,0,102,17,32,1,48,106,2,32,65,229,29,154,254,5,69,196,17,195,1,53,63,93,254,28,68,129,0,0,0,4,17,195,2,1,0,61,0,88,12,78,0,0,8,8,99,10,0,0,33,60,75,53,63,28,2,254,32,68,129,0,0,25,0,65,229,1,13,0,204,0,205,197,80,0,0,12,1,13,1,0,102,17,32,1,48,106,2,32,65,229,29,86,254,32,68,129,0,0,25,0,65,229,1,13,0,204,0,75,168,83,0,0,12,1,14,1,0,102,17,32,1,48,106,2,32,65,229,29,189,254,32,68,129,0,0,25,0,65,229,1,13,0,200,0,218,138,86,0,0,12,1,15,1,0,102,17,32,1,48,106,2,32,65,229,29,14,254,5,69,196,17,195,1,53,63,93,254,28,68,129,0,0,0,4,17,195,2,1,0,65,0,216,143,87,0,0,8,8,100,10,0,0,33,54,75,53,63,28,105,254,12,69,202,17,195,141,115,22,9,1,136,23,0,53,63,36,254,12,69,202,17,195,141,115,22,9,1,136,23,0,53,63,36,254,13,69,193,17,195,17,195,141,115,22,9,1,136,23,0,128,118,254,5,69,196,17,195,1,53,63,93,254,28,68,129,0,0,0,4,17,195,2,1,0,80,0,235,242,96,0,0,8,8,101,10,0,0,33,79,76,53,63,28,126,254,5,69,196,17,195,1,53,63,93,254,28,68,129,0,0,0,4,17,195,2,1,0,72,0,246,78,111,0,0,8,8,102,10,0,0,33,63,76,53,63,28,187,254,5,69,196,17,195,1,53,63,93,254,28,68,129,0,0,0,4,17,195,2,1,0,76,0,86,223,120,0,0,8,8,103,10,0,0,33,57,76,53,63,28,158,254,3,69,196,198,56,0,124,254,32,68,129,0,0,25,0,198,56,3,1,0,80,0,197,176,122,0,0,12,17,63,1,0,12,17,39,0,9,5,2,1,198,56,29,170,254,5,69,196,17,195,1,53,63,93,254,28,68,129,0,0,0,4,17,195,2,1,0,72,0,142,99,130,0,0,8,8,104,10,0,0,33,68,76,53,63,28,118,254,1,100,1,0,100,254,3,68,128,0,1,2,196,254,28,68,129,0,0,0,4,17,195,2,1,0,72,0,249,225,139,0,0,8,8,105,10,0,0,33,57,76,53,63,28,246,254,28,68,129,0,0,0,4,17,195,2,1,0,72,0,107,91,149,0,0,8,8,106,10,0,0,33,52,76,53,63,28,206,254,28,68,129,0,0,0,4,17,195,2,1,0,83,0,233,228,158,0,0,8,8,107,10,0,0,33,63,76,53,63,28,233,254,28,68,129,0,0,0,4,17,195,2,1,0,91,0,123,102,168,0,0,8,8,108,10,0,0,33,57,76,53,63,28,198,254,28,68,129,0,0,0,4,17,195,2,1,0,83,0,168,245,177,0,0,8,8,109,10,0,0,33,52,76,53,63,28,155,254,64,68,129,0,0,0,0,140,102,1,1,0,178,0,138,44,187,0,0,44,24,139,10,1,255,66,37,1,33,199,11,4,33,168,19,5,33,6,0,6,36,1,0,0,0,0,100,41,153,9,101,33,254,14,102,43,50,128,1,0,10,33,0,0,140,102,29,212,254,5,69,196,17,195,1,53,63,93,254,28,68,129,0,0,0,4,17,195,2,1,0,83,0,12,133,187,0,0,8,8,110,10,0,0,33,57,76,53,63,28,75,254,5,69,196,17,195,1,53,63,93,254,28,68,129,0,0,0,4,17,195,2,1,0,80,0,223,6,197,0,0,8,8,111,10,0,0,33,63,76,53,63,28,97,254,5,69,196,17,195,1,53,63,93,254,28,68,129,0,0,0,4,17,195,2,1,0,87,0,46,144,206,0,0,8,8,112,10,0,0,33,57,76,53,63,28,19,254,5,69,196,17,195,1,53,63,93,254,28,68,129,0,0,0,4,17,195,2,1,0,83,0,85,18,216,0,0,8,8,113,10,0,0,33,63,76,53,63,28,255,254,5,69,196,17,195,1,53,63,93,254,28,68,129,0,0,0,4,17,195,2,1,0,87,0,186,147,225,0,0,8,8,114,10,0,0,33,68,76,53,63,28,212,254,5,69,196,17,195,1,53,63,93,254,28,68,129,0,0,0,4,17,195,2,1,0,87,0,119,50,235,0,0,8,8,115,10,0,0,33,73,76,53,63,28,190,254,5,69,196,17,195,1,53,63,93,254,28,68,129,0,0,0,4,17,195,2,1,0,87,0,153,182,4,0,0,8,8,116,10,0,0,33,68,76,53,63,28,49,254,5,69,196,17,195,1,53,63,93,254,28,68,129,0,0,0,4,17,195,2,1,0,87,0,45,69,14,0,0,8,8,117,10,0,0,33,63,76,53,63,28,6,254,5,69,196,17,195,1,53,63,93,254,28,68,129,0,0,0,4,17,195,2,1,0,83,0,166,214,23,0,0,8,8,118,10,0,0,33,57,76,53,63,28,6,254,5,69,196,17,195,1,53,63,93,254,28,68,129,0,0,0,4,17,195,2,1,0,83,0,175,43,38,0,0,8,8,119,10,0,0,33,63,76,53,63,28,196]
[2026-03-12 13:05:08] debug: 	zh:zstack:unpi:parser: --> parsed 5 - 2 - 5 - 196 - [17,195,1,53,63] - 93
[2026-03-12 13:05:08] debug: 	zh:zstack:znp: <-- AREQ: ZDO - srcRtgInd
[2026-03-12 13:05:08] debug: 	zh:zstack:unpi:parser: --- parseNext [254,32,68,129,0,0,25,0,17,195,2,13,0,83,0,183,136,20,0,0,12,1,92,1,0,11,16,13,1,1,116,0,67,53,63,28,62,254,5,69,196,17,195,1,53,63,93,254,28,68,129,0,0,0,4,17,195,2,1,0,83,0,118,221,20,0,0,8,8,93,10,0,0,33,105,75,53,63,28,162,254,5,69,196,17,195,1,53,63,93,254,28,68,129,0,0,0,4,17,195,2,1,0,83,0,173,94,30,0,0,8,8,94,10,0,0,33,99,75,53,63,28,249,254,12,69,202,17,195,141,115,22,9,1,136,23,0,53,63,36,254,12,69,202,17,195,141,115,22,9,1,136,23,0,53,63,36,254,13,69,193,17,195,17,195,141,115,22,9,1,136,23,0,128,118,254,5,69,196,17,195,1,53,63,93,254,28,68,129,0,0,0,4,17,195,2,1,0,80,0,122,201,39,0,0,8,8,95,10,0,0,33,88,75,53,63,28,185,254,5,69,196,17,195,1,53,63,93,254,28,68,129,0,0,0,4,17,195,2,1,0,80,0,14,68,49,0,0,8,8,96,10,0,0,33,253,74,53,63,28,205,254,5,69,196,17,195,1,53,63,93,254,28,68,129,0,0,0,4,17,195,2,1,0,76,0,220,189,58,0,0,8,8,97,10,0,0,33,26,75,53,63,28,22,254,5,69,196,17,195,1,53,63,93,254,28,68,129,0,0,0,4,17,195,2,1,0,58,0,60,64,68,0,0,8,8,98,10,0,0,33,54,75,53,63,28,44,254,3,69,196,65,229,0,38,254,32,68,129,0,0,25,0,65,229,1,13,0,204,0,83,12,75,0,0,12,1,11,1,0,102,17,32,1,48,106,2,32,65,229,29,28,254,32,68,129,0,0,25,0,65,229,1,13,0,204,0,59,227,77,0,0,12,1,12,1,0,102,17,32,1,48,106,2,32,65,229,29,154,254,5,69,196,17,195,1,53,63,93,254,28,68,129,0,0,0,4,17,195,2,1,0,61,0,88,12,78,0,0,8,8,99,10,0,0,33,60,75,53,63,28,2,254,32,68,129,0,0,25,0,65,229,1,13,0,204,0,205,197,80,0,0,12,1,13,1,0,102,17,32,1,48,106,2,32,65,229,29,86,254,32,68,129,0,0,25,0,65,229,1,13,0,204,0,75,168,83,0,0,12,1,14,1,0,102,17,32,1,48,106,2,32,65,229,29,189,254,32,68,129,0,0,25,0,65,229,1,13,0,200,0,218,138,86,0,0,12,1,15,1,0,102,17,32,1,48,106,2,32,65,229,29,14,254,5,69,196,17,195,1,53,63,93,254,28,68,129,0,0,0,4,17,195,2,1,0,65,0,216,143,87,0,0,8,8,100,10,0,0,33,54,75,53,63,28,105,254,12,69,202,17,195,141,115,22,9,1,136,23,0,53,63,36,254,12,69,202,17,195,141,115,22,9,1,136,23,0,53,63,36,254,13,69,193,17,195,17,195,141,115,22,9,1,136,23,0,128,118,254,5,69,196,17,195,1,53,63,93,254,28,68,129,0,0,0,4,17,195,2,1,0,80,0,235,242,96,0,0,8,8,101,10,0,0,33,79,76,53,63,28,126,254,5,69,196,17,195,1,53,63,93,254,28,68,129,0,0,0,4,17,195,2,1,0,72,0,246,78,111,0,0,8,8,102,10,0,0,33,63,76,53,63,28,187,254,5,69,196,17,195,1,53,63,93,254,28,68,129,0,0,0,4,17,195,2,1,0,76,0,86,223,120,0,0,8,8,103,10,0,0,33,57,76,53,63,28,158,254,3,69,196,198,56,0,124,254,32,68,129,0,0,25,0,198,56,3,1,0,80,0,197,176,122,0,0,12,17,63,1,0,12,17,39,0,9,5,2,1,198,56,29,170,254,5,69,196,17,195,1,53,63,93,254,28,68,129,0,0,0,4,17,195,2,1,0,72,0,142,99,130,0,0,8,8,104,10,0,0,33,68,76,53,63,28,118,254,1,100,1,0,100,254,3,68,128,0,1,2,196,254,28,68,129,0,0,0,4,17,195,2,1,0,72,0,249,225,139,0,0,8,8,105,10,0,0,33,57,76,53,63,28,246,254,28,68,129,0,0,0,4,17,195,2,1,0,72,0,107,91,149,0,0,8,8,106,10,0,0,33,52,76,53,63,28,206,254,28,68,129,0,0,0,4,17,195,2,1,0,83,0,233,228,158,0,0,8,8,107,10,0,0,33,63,76,53,63,28,233,254,28,68,129,0,0,0,4,17,195,2,1,0,91,0,123,102,168,0,0,8,8,108,10,0,0,33,57,76,53,63,28,198,254,28,68,129,0,0,0,4,17,195,2,1,0,83,0,168,245,177,0,0,8,8,109,10,0,0,33,52,76,53,63,28,155,254,64,68,129,0,0,0,0,140,102,1,1,0,178,0,138,44,187,0,0,44,24,139,10,1,255,66,37,1,33,199,11,4,33,168,19,5,33,6,0,6,36,1,0,0,0,0,100,41,153,9,101,33,254,14,102,43,50,128,1,0,10,33,0,0,140,102,29,212,254,5,69,196,17,195,1,53,63,93,254,28,68,129,0,0,0,4,17,195,2,1,0,83,0,12,133,187,0,0,8,8,110,10,0,0,33,57,76,53,63,28,75,254,5,69,196,17,195,1,53,63,93,254,28,68,129,0,0,0,4,17,195,2,1,0,80,0,223,6,197,0,0,8,8,111,10,0,0,33,63,76,53,63,28,97,254,5,69,196,17,195,1,53,63,93,254,28,68,129,0,0,0,4,17,195,2,1,0,87,0,46,144,206,0,0,8,8,112,10,0,0,33,57,76,53,63,28,19,254,5,69,196,17,195,1,53,63,93,254,28,68,129,0,0,0,4,17,195,2,1,0,83,0,85,18,216,0,0,8,8,113,10,0,0,33,63,76,53,63,28,255,254,5,69,196,17,195,1,53,63,93,254,28,68,129,0,0,0,4,17,195,2,1,0,87,0,186,147,225,0,0,8,8,114,10,0,0,33,68,76,53,63,28,212,254,5,69,196,17,195,1,53,63,93,254,28,68,129,0,0,0,4,17,195,2,1,0,87,0,119,50,235,0,0,8,8,115,10,0,0,33,73,76,53,63,28,190,254,5,69,196,17,195,1,53,63,93,254,28,68,129,0,0,0,4,17,195,2,1,0,87,0,153,182,4,0,0,8,8,116,10,0,0,33,68,76,53,63,28,49,254,5,69,196,17,195,1,53,63,93,254,28,68,129,0,0,0,4,17,195,2,1,0,87,0,45,69,14,0,0,8,8,117,10,0,0,33,63,76,53,63,28,6,254,5,69,196,17,195,1,53,63,93,254,28,68,129,0,0,0,4,17,195,2,1,0,83,0,166,214,23,0,0,8,8,118,10,0,0,33,57,76,53,63,28,6,254,5,69,196,17,195,1,53,63,93,254,28,68,129,0,0,0,4,17,195,2,1,0,83,0,175,43,38,0,0,8,8,119,10,0,0,33,63,76,53,63,28,196]
[2026-03-12 13:05:08] debug: 	zh:zstack:unpi:parser: --> parsed 32 - 2 - 4 - 129 - [0,0,25,0,17,195,2,13,0,83,0,183,136,20,0,0,12,1,92,1,0,11,16,13,1,1,116,0,67,53,63,28] - 62
[2026-03-12 13:05:08] debug: 	zh:zstack:znp: <-- AREQ: AF - incomingMsg - {"groupid":0,"clusterid":25,"srcaddr":49937,"srcendpoint":2,"dstendpoint":13,"wasbroadcast":0,"linkquality":83,"securityuse":0,"timestamp":1345719,"transseqnumber":0,"len":12,"data":{"type":"Buffer","data":[1,92,1,0,11,16,13,1,1,116,0,67]}}
[2026-03-12 13:05:08] debug: 	zh:controller: Received payload: clusterID=25, address=49937, groupID=0, endpoint=2, destinationEndpoint=13, wasBroadcast=false, linkQuality=83, frame={"header":{"frameControl":{"frameType":1,"manufacturerSpecific":false,"direction":0,"disableDefaultResponse":false,"reservedBits":0},"transactionSequenceNumber":92,"commandIdentifier":1},"payload":{"fieldControl":0,"manufacturerCode":4107,"imageType":269,"fileVersion":1124103169},"command":{"ID":1,"response":2,"parameters":[{"name":"fieldControl","type":24},{"name":"manufacturerCode","type":33},{"name":"imageType","type":33,"max":65471},{"name":"fileVersion","type":35},{"name":"hardwareVersion","type":33,"conditions":[{"type":"bitMaskSet","param":"fieldControl","mask":1}]}],"required":true,"name":"queryNextImageRequest"}}
[2026-03-12 13:05:08] debug: 	zh:zstack:unpi:parser: --- parseNext [254,5,69,196,17,195,1,53,63,93,254,28,68,129,0,0,0,4,17,195,2,1,0,83,0,118,221,20,0,0,8,8,93,10,0,0,33,105,75,53,63,28,162,254,5,69,196,17,195,1,53,63,93,254,28,68,129,0,0,0,4,17,195,2,1,0,83,0,173,94,30,0,0,8,8,94,10,0,0,33,99,75,53,63,28,249,254,12,69,202,17,195,141,115,22,9,1,136,23,0,53,63,36,254,12,69,202,17,195,141,115,22,9,1,136,23,0,53,63,36,254,13,69,193,17,195,17,195,141,115,22,9,1,136,23,0,128,118,254,5,69,196,17,195,1,53,63,93,254,28,68,129,0,0,0,4,17,195,2,1,0,80,0,122,201,39,0,0,8,8,95,10,0,0,33,88,75,53,63,28,185,254,5,69,196,17,195,1,53,63,93,254,28,68,129,0,0,0,4,17,195,2,1,0,80,0,14,68,49,0,0,8,8,96,10,0,0,33,253,74,53,63,28,205,254,5,69,196,17,195,1,53,63,93,254,28,68,129,0,0,0,4,17,195,2,1,0,76,0,220,189,58,0,0,8,8,97,10,0,0,33,26,75,53,63,28,22,254,5,69,196,17,195,1,53,63,93,254,28,68,129,0,0,0,4,17,195,2,1,0,58,0,60,64,68,0,0,8,8,98,10,0,0,33,54,75,53,63,28,44,254,3,69,196,65,229,0,38,254,32,68,129,0,0,25,0,65,229,1,13,0,204,0,83,12,75,0,0,12,1,11,1,0,102,17,32,1,48,106,2,32,65,229,29,28,254,32,68,129,0,0,25,0,65,229,1,13,0,204,0,59,227,77,0,0,12,1,12,1,0,102,17,32,1,48,106,2,32,65,229,29,154,254,5,69,196,17,195,1,53,63,93,254,28,68,129,0,0,0,4,17,195,2,1,0,61,0,88,12,78,0,0,8,8,99,10,0,0,33,60,75,53,63,28,2,254,32,68,129,0,0,25,0,65,229,1,13,0,204,0,205,197,80,0,0,12,1,13,1,0,102,17,32,1,48,106,2,32,65,229,29,86,254,32,68,129,0,0,25,0,65,229,1,13,0,204,0,75,168,83,0,0,12,1,14,1,0,102,17,32,1,48,106,2,32,65,229,29,189,254,32,68,129,0,0,25,0,65,229,1,13,0,200,0,218,138,86,0,0,12,1,15,1,0,102,17,32,1,48,106,2,32,65,229,29,14,254,5,69,196,17,195,1,53,63,93,254,28,68,129,0,0,0,4,17,195,2,1,0,65,0,216,143,87,0,0,8,8,100,10,0,0,33,54,75,53,63,28,105,254,12,69,202,17,195,141,115,22,9,1,136,23,0,53,63,36,254,12,69,202,17,195,141,115,22,9,1,136,23,0,53,63,36,254,13,69,193,17,195,17,195,141,115,22,9,1,136,23,0,128,118,254,5,69,196,17,195,1,53,63,93,254,28,68,129,0,0,0,4,17,195,2,1,0,80,0,235,242,96,0,0,8,8,101,10,0,0,33,79,76,53,63,28,126,254,5,69,196,17,195,1,53,63,93,254,28,68,129,0,0,0,4,17,195,2,1,0,72,0,246,78,111,0,0,8,8,102,10,0,0,33,63,76,53,63,28,187,254,5,69,196,17,195,1,53,63,93,254,28,68,129,0,0,0,4,17,195,2,1,0,76,0,86,223,120,0,0,8,8,103,10,0,0,33,57,76,53,63,28,158,254,3,69,196,198,56,0,124,254,32,68,129,0,0,25,0,198,56,3,1,0,80,0,197,176,122,0,0,12,17,63,1,0,12,17,39,0,9,5,2,1,198,56,29,170,254,5,69,196,17,195,1,53,63,93,254,28,68,129,0,0,0,4,17,195,2,1,0,72,0,142,99,130,0,0,8,8,104,10,0,0,33,68,76,53,63,28,118,254,1,100,1,0,100,254,3,68,128,0,1,2,196,254,28,68,129,0,0,0,4,17,195,2,1,0,72,0,249,225,139,0,0,8,8,105,10,0,0,33,57,76,53,63,28,246,254,28,68,129,0,0,0,4,17,195,2,1,0,72,0,107,91,149,0,0,8,8,106,10,0,0,33,52,76,53,63,28,206,254,28,68,129,0,0,0,4,17,195,2,1,0,83,0,233,228,158,0,0,8,8,107,10,0,0,33,63,76,53,63,28,233,254,28,68,129,0,0,0,4,17,195,2,1,0,91,0,123,102,168,0,0,8,8,108,10,0,0,33,57,76,53,63,28,198,254,28,68,129,0,0,0,4,17,195,2,1,0,83,0,168,245,177,0,0,8,8,109,10,0,0,33,52,76,53,63,28,155,254,64,68,129,0,0,0,0,140,102,1,1,0,178,0,138,44,187,0,0,44,24,139,10,1,255,66,37,1,33,199,11,4,33,168,19,5,33,6,0,6,36,1,0,0,0,0,100,41,153,9,101,33,254,14,102,43,50,128,1,0,10,33,0,0,140,102,29,212,254,5,69,196,17,195,1,53,63,93,254,28,68,129,0,0,0,4,17,195,2,1,0,83,0,12,133,187,0,0,8,8,110,10,0,0,33,57,76,53,63,28,75,254,5,69,196,17,195,1,53,63,93,254,28,68,129,0,0,0,4,17,195,2,1,0,80,0,223,6,197,0,0,8,8,111,10,0,0,33,63,76,53,63,28,97,254,5,69,196,17,195,1,53,63,93,254,28,68,129,0,0,0,4,17,195,2,1,0,87,0,46,144,206,0,0,8,8,112,10,0,0,33,57,76,53,63,28,19,254,5,69,196,17,195,1,53,63,93,254,28,68,129,0,0,0,4,17,195,2,1,0,83,0,85,18,216,0,0,8,8,113,10,0,0,33,63,76,53,63,28,255,254,5,69,196,17,195,1,53,63,93,254,28,68,129,0,0,0,4,17,195,2,1,0,87,0,186,147,225,0,0,8,8,114,10,0,0,33,68,76,53,63,28,212,254,5,69,196,17,195,1,53,63,93,254,28,68,129,0,0,0,4,17,195,2,1,0,87,0,119,50,235,0,0,8,8,115,10,0,0,33,73,76,53,63,28,190,254,5,69,196,17,195,1,53,63,93,254,28,68,129,0,0,0,4,17,195,2,1,0,87,0,153,182,4,0,0,8,8,116,10,0,0,33,68,76,53,63,28,49,254,5,69,196,17,195,1,53,63,93,254,28,68,129,0,0,0,4,17,195,2,1,0,87,0,45,69,14,0,0,8,8,117,10,0,0,33,63,76,53,63,28,6,254,5,69,196,17,195,1,53,63,93,254,28,68,129,0,0,0,4,17,195,2,1,0,83,0,166,214,23,0,0,8,8,118,10,0,0,33,57,76,53,63,28,6,254,5,69,196,17,195,1,53,63,93,254,28,68,129,0,0,0,4,17,195,2,1,0,83,0,175,43,38,0,0,8,8,119,10,0,0,33,63,76,53,63,28,196]
[2026-03-12 13:05:08] debug: 	zh:zstack:unpi:parser: --> parsed 5 - 2 - 5 - 196 - [17,195,1,53,63] - 93
[2026-03-12 13:05:08] debug: 	zh:zstack:znp: <-- AREQ: ZDO - srcRtgInd
[2026-03-12 13:05:08] debug: 	zh:zstack:unpi:parser: --- parseNext [254,28,68,129,0,0,0,4,17,195,2,1,0,83,0,118,221,20,0,0,8,8,93,10,0,0,33,105,75,53,63,28,162,254,5,69,196,17,195,1,53,63,93,254,28,68,129,0,0,0,4,17,195,2,1,0,83,0,173,94,30,0,0,8,8,94,10,0,0,33,99,75,53,63,28,249,254,12,69,202,17,195,141,115,22,9,1,136,23,0,53,63,36,254,12,69,202,17,195,141,115,22,9,1,136,23,0,53,63,36,254,13,69,193,17,195,17,195,141,115,22,9,1,136,23,0,128,118,254,5,69,196,17,195,1,53,63,93,254,28,68,129,0,0,0,4,17,195,2,1,0,80,0,122,201,39,0,0,8,8,95,10,0,0,33,88,75,53,63,28,185,254,5,69,196,17,195,1,53,63,93,254,28,68,129,0,0,0,4,17,195,2,1,0,80,0,14,68,49,0,0,8,8,96,10,0,0,33,253,74,53,63,28,205,254,5,69,196,17,195,1,53,63,93,254,28,68,129,0,0,0,4,17,195,2,1,0,76,0,220,189,58,0,0,8,8,97,10,0,0,33,26,75,53,63,28,22,254,5,69,196,17,195,1,53,63,93,254,28,68,129,0,0,0,4,17,195,2,1,0,58,0,60,64,68,0,0,8,8,98,10,0,0,33,54,75,53,63,28,44,254,3,69,196,65,229,0,38,254,32,68,129,0,0,25,0,65,229,1,13,0,204,0,83,12,75,0,0,12,1,11,1,0,102,17,32,1,48,106,2,32,65,229,29,28,254,32,68,129,0,0,25,0,65,229,1,13,0,204,0,59,227,77,0,0,12,1,12,1,0,102,17,32,1,48,106,2,32,65,229,29,154,254,5,69,196,17,195,1,53,63,93,254,28,68,129,0,0,0,4,17,195,2,1,0,61,0,88,12,78,0,0,8,8,99,10,0,0,33,60,75,53,63,28,2,254,32,68,129,0,0,25,0,65,229,1,13,0,204,0,205,197,80,0,0,12,1,13,1,0,102,17,32,1,48,106,2,32,65,229,29,86,254,32,68,129,0,0,25,0,65,229,1,13,0,204,0,75,168,83,0,0,12,1,14,1,0,102,17,32,1,48,106,2,32,65,229,29,189,254,32,68,129,0,0,25,0,65,229,1,13,0,200,0,218,138,86,0,0,12,1,15,1,0,102,17,32,1,48,106,2,32,65,229,29,14,254,5,69,196,17,195,1,53,63,93,254,28,68,129,0,0,0,4,17,195,2,1,0,65,0,216,143,87,0,0,8,8,100,10,0,0,33,54,75,53,63,28,105,254,12,69,202,17,195,141,115,22,9,1,136,23,0,53,63,36,254,12,69,202,17,195,141,115,22,9,1,136,23,0,53,63,36,254,13,69,193,17,195,17,195,141,115,22,9,1,136,23,0,128,118,254,5,69,196,17,195,1,53,63,93,254,28,68,129,0,0,0,4,17,195,2,1,0,80,0,235,242,96,0,0,8,8,101,10,0,0,33,79,76,53,63,28,126,254,5,69,196,17,195,1,53,63,93,254,28,68,129,0,0,0,4,17,195,2,1,0,72,0,246,78,111,0,0,8,8,102,10,0,0,33,63,76,53,63,28,187,254,5,69,196,17,195,1,53,63,93,254,28,68,129,0,0,0,4,17,195,2,1,0,76,0,86,223,120,0,0,8,8,103,10,0,0,33,57,76,53,63,28,158,254,3,69,196,198,56,0,124,254,32,68,129,0,0,25,0,198,56,3,1,0,80,0,197,176,122,0,0,12,17,63,1,0,12,17,39,0,9,5,2,1,198,56,29,170,254,5,69,196,17,195,1,53,63,93,254,28,68,129,0,0,0,4,17,195,2,1,0,72,0,142,99,130,0,0,8,8,104,10,0,0,33,68,76,53,63,28,118,254,1,100,1,0,100,254,3,68,128,0,1,2,196,254,28,68,129,0,0,0,4,17,195,2,1,0,72,0,249,225,139,0,0,8,8,105,10,0,0,33,57,76,53,63,28,246,254,28,68,129,0,0,0,4,17,195,2,1,0,72,0,107,91,149,0,0,8,8,106,10,0,0,33,52,76,53,63,28,206,254,28,68,129,0,0,0,4,17,195,2,1,0,83,0,233,228,158,0,0,8,8,107,10,0,0,33,63,76,53,63,28,233,254,28,68,129,0,0,0,4,17,195,2,1,0,91,0,123,102,168,0,0,8,8,108,10,0,0,33,57,76,53,63,28,198,254,28,68,129,0,0,0,4,17,195,2,1,0,83,0,168,245,177,0,0,8,8,109,10,0,0,33,52,76,53,63,28,155,254,64,68,129,0,0,0,0,140,102,1,1,0,178,0,138,44,187,0,0,44,24,139,10,1,255,66,37,1,33,199,11,4,33,168,19,5,33,6,0,6,36,1,0,0,0,0,100,41,153,9,101,33,254,14,102,43,50,128,1,0,10,33,0,0,140,102,29,212,254,5,69,196,17,195,1,53,63,93,254,28,68,129,0,0,0,4,17,195,2,1,0,83,0,12,133,187,0,0,8,8,110,10,0,0,33,57,76,53,63,28,75,254,5,69,196,17,195,1,53,63,93,254,28,68,129,0,0,0,4,17,195,2,1,0,80,0,223,6,197,0,0,8,8,111,10,0,0,33,63,76,53,63,28,97,254,5,69,196,17,195,1,53,63,93,254,28,68,129,0,0,0,4,17,195,2,1,0,87,0,46,144,206,0,0,8,8,112,10,0,0,33,57,76,53,63,28,19,254,5,69,196,17,195,1,53,63,93,254,28,68,129,0,0,0,4,17,195,2,1,0,83,0,85,18,216,0,0,8,8,113,10,0,0,33,63,76,53,63,28,255,254,5,69,196,17,195,1,53,63,93,254,28,68,129,0,0,0,4,17,195,2,1,0,87,0,186,147,225,0,0,8,8,114,10,0,0,33,68,76,53,63,28,212,254,5,69,196,17,195,1,53,63,93,254,28,68,129,0,0,0,4,17,195,2,1,0,87,0,119,50,235,0,0,8,8,115,10,0,0,33,73,76,53,63,28,190,254,5,69,196,17,195,1,53,63,93,254,28,68,129,0,0,0,4,17,195,2,1,0,87,0,153,182,4,0,0,8,8,116,10,0,0,33,68,76,53,63,28,49,254,5,69,196,17,195,1,53,63,93,254,28,68,129,0,0,0,4,17,195,2,1,0,87,0,45,69,14,0,0,8,8,117,10,0,0,33,63,76,53,63,28,6,254,5,69,196,17,195,1,53,63,93,254,28,68,129,0,0,0,4,17,195,2,1,0,83,0,166,214,23,0,0,8,8,118,10,0,0,33,57,76,53,63,28,6,254,5,69,196,17,195,1,53,63,93,254,28,68,129,0,0,0,4,17,195,2,1,0,83,0,175,43,38,0,0,8,8,119,10,0,0,33,63,76,53,63,28,196]
[2026-03-12 13:05:08] debug: 	zh:zstack:unpi:parser: --> parsed 28 - 2 - 4 - 129 - [0,0,0,4,17,195,2,1,0,83,0,118,221,20,0,0,8,8,93,10,0,0,33,105,75,53,63,28] - 162
[2026-03-12 13:05:08] debug: 	zh:zstack:znp: <-- AREQ: AF - incomingMsg - {"groupid":0,"clusterid":1024,"srcaddr":49937,"srcendpoint":2,"dstendpoint":1,"wasbroadcast":0,"linkquality":83,"securityuse":0,"timestamp":1367414,"transseqnumber":0,"len":8,"data":{"type":"Buffer","data":[8,93,10,0,0,33,105,75]}}
[2026-03-12 13:05:08] debug: 	zh:controller: Received payload: clusterID=1024, address=49937, groupID=0, endpoint=2, destinationEndpoint=1, wasBroadcast=false, linkQuality=83, frame={"header":{"frameControl":{"frameType":0,"manufacturerSpecific":false,"direction":1,"disableDefaultResponse":false,"reservedBits":0},"transactionSequenceNumber":93,"commandIdentifier":10},"payload":[{"attrId":0,"dataType":33,"attrData":19305}],"command":{"ID":10,"name":"report","parameters":[{"name":"attrId","type":9},{"name":"dataType","type":8},{"name":"attrData","type":1000}]}}
[2026-03-12 13:05:08] debug: 	zh:controller:endpoint: ZCL command 0x001788010916738d/2 msIlluminanceMeasurement.defaultRsp({"cmdId":10,"statusCode":0}, {"timeout":10000,"disableResponse":false,"disableRecovery":false,"disableDefaultResponse":true,"direction":1,"reservedBits":0,"transactionSequenceNumber":93,"writeUndiv":false})
[2026-03-12 13:05:08] debug: 	zh:zstack:unpi:parser: --- parseNext [254,5,69,196,17,195,1,53,63,93,254,28,68,129,0,0,0,4,17,195,2,1,0,83,0,173,94,30,0,0,8,8,94,10,0,0,33,99,75,53,63,28,249,254,12,69,202,17,195,141,115,22,9,1,136,23,0,53,63,36,254,12,69,202,17,195,141,115,22,9,1,136,23,0,53,63,36,254,13,69,193,17,195,17,195,141,115,22,9,1,136,23,0,128,118,254,5,69,196,17,195,1,53,63,93,254,28,68,129,0,0,0,4,17,195,2,1,0,80,0,122,201,39,0,0,8,8,95,10,0,0,33,88,75,53,63,28,185,254,5,69,196,17,195,1,53,63,93,254,28,68,129,0,0,0,4,17,195,2,1,0,80,0,14,68,49,0,0,8,8,96,10,0,0,33,253,74,53,63,28,205,254,5,69,196,17,195,1,53,63,93,254,28,68,129,0,0,0,4,17,195,2,1,0,76,0,220,189,58,0,0,8,8,97,10,0,0,33,26,75,53,63,28,22,254,5,69,196,17,195,1,53,63,93,254,28,68,129,0,0,0,4,17,195,2,1,0,58,0,60,64,68,0,0,8,8,98,10,0,0,33,54,75,53,63,28,44,254,3,69,196,65,229,0,38,254,32,68,129,0,0,25,0,65,229,1,13,0,204,0,83,12,75,0,0,12,1,11,1,0,102,17,32,1,48,106,2,32,65,229,29,28,254,32,68,129,0,0,25,0,65,229,1,13,0,204,0,59,227,77,0,0,12,1,12,1,0,102,17,32,1,48,106,2,32,65,229,29,154,254,5,69,196,17,195,1,53,63,93,254,28,68,129,0,0,0,4,17,195,2,1,0,61,0,88,12,78,0,0,8,8,99,10,0,0,33,60,75,53,63,28,2,254,32,68,129,0,0,25,0,65,229,1,13,0,204,0,205,197,80,0,0,12,1,13,1,0,102,17,32,1,48,106,2,32,65,229,29,86,254,32,68,129,0,0,25,0,65,229,1,13,0,204,0,75,168,83,0,0,12,1,14,1,0,102,17,32,1,48,106,2,32,65,229,29,189,254,32,68,129,0,0,25,0,65,229,1,13,0,200,0,218,138,86,0,0,12,1,15,1,0,102,17,32,1,48,106,2,32,65,229,29,14,254,5,69,196,17,195,1,53,63,93,254,28,68,129,0,0,0,4,17,195,2,1,0,65,0,216,143,87,0,0,8,8,100,10,0,0,33,54,75,53,63,28,105,254,12,69,202,17,195,141,115,22,9,1,136,23,0,53,63,36,254,12,69,202,17,195,141,115,22,9,1,136,23,0,53,63,36,254,13,69,193,17,195,17,195,141,115,22,9,1,136,23,0,128,118,254,5,69,196,17,195,1,53,63,93,254,28,68,129,0,0,0,4,17,195,2,1,0,80,0,235,242,96,0,0,8,8,101,10,0,0,33,79,76,53,63,28,126,254,5,69,196,17,195,1,53,63,93,254,28,68,129,0,0,0,4,17,195,2,1,0,72,0,246,78,111,0,0,8,8,102,10,0,0,33,63,76,53,63,28,187,254,5,69,196,17,195,1,53,63,93,254,28,68,129,0,0,0,4,17,195,2,1,0,76,0,86,223,120,0,0,8,8,103,10,0,0,33,57,76,53,63,28,158,254,3,69,196,198,56,0,124,254,32,68,129,0,0,25,0,198,56,3,1,0,80,0,197,176,122,0,0,12,17,63,1,0,12,17,39,0,9,5,2,1,198,56,29,170,254,5,69,196,17,195,1,53,63,93,254,28,68,129,0,0,0,4,17,195,2,1,0,72,0,142,99,130,0,0,8,8,104,10,0,0,33,68,76,53,63,28,118,254,1,100,1,0,100,254,3,68,128,0,1,2,196,254,28,68,129,0,0,0,4,17,195,2,1,0,72,0,249,225,139,0,0,8,8,105,10,0,0,33,57,76,53,63,28,246,254,28,68,129,0,0,0,4,17,195,2,1,0,72,0,107,91,149,0,0,8,8,106,10,0,0,33,52,76,53,63,28,206,254,28,68,129,0,0,0,4,17,195,2,1,0,83,0,233,228,158,0,0,8,8,107,10,0,0,33,63,76,53,63,28,233,254,28,68,129,0,0,0,4,17,195,2,1,0,91,0,123,102,168,0,0,8,8,108,10,0,0,33,57,76,53,63,28,198,254,28,68,129,0,0,0,4,17,195,2,1,0,83,0,168,245,177,0,0,8,8,109,10,0,0,33,52,76,53,63,28,155,254,64,68,129,0,0,0,0,140,102,1,1,0,178,0,138,44,187,0,0,44,24,139,10,1,255,66,37,1,33,199,11,4,33,168,19,5,33,6,0,6,36,1,0,0,0,0,100,41,153,9,101,33,254,14,102,43,50,128,1,0,10,33,0,0,140,102,29,212,254,5,69,196,17,195,1,53,63,93,254,28,68,129,0,0,0,4,17,195,2,1,0,83,0,12,133,187,0,0,8,8,110,10,0,0,33,57,76,53,63,28,75,254,5,69,196,17,195,1,53,63,93,254,28,68,129,0,0,0,4,17,195,2,1,0,80,0,223,6,197,0,0,8,8,111,10,0,0,33,63,76,53,63,28,97,254,5,69,196,17,195,1,53,63,93,254,28,68,129,0,0,0,4,17,195,2,1,0,87,0,46,144,206,0,0,8,8,112,10,0,0,33,57,76,53,63,28,19,254,5,69,196,17,195,1,53,63,93,254,28,68,129,0,0,0,4,17,195,2,1,0,83,0,85,18,216,0,0,8,8,113,10,0,0,33,63,76,53,63,28,255,254,5,69,196,17,195,1,53,63,93,254,28,68,129,0,0,0,4,17,195,2,1,0,87,0,186,147,225,0,0,8,8,114,10,0,0,33,68,76,53,63,28,212,254,5,69,196,17,195,1,53,63,93,254,28,68,129,0,0,0,4,17,195,2,1,0,87,0,119,50,235,0,0,8,8,115,10,0,0,33,73,76,53,63,28,190,254,5,69,196,17,195,1,53,63,93,254,28,68,129,0,0,0,4,17,195,2,1,0,87,0,153,182,4,0,0,8,8,116,10,0,0,33,68,76,53,63,28,49,254,5,69,196,17,195,1,53,63,93,254,28,68,129,0,0,0,4,17,195,2,1,0,87,0,45,69,14,0,0,8,8,117,10,0,0,33,63,76,53,63,28,6,254,5,69,196,17,195,1,53,63,93,254,28,68,129,0,0,0,4,17,195,2,1,0,83,0,166,214,23,0,0,8,8,118,10,0,0,33,57,76,53,63,28,6,254,5,69,196,17,195,1,53,63,93,254,28,68,129,0,0,0,4,17,195,2,1,0,83,0,175,43,38,0,0,8,8,119,10,0,0,33,63,76,53,63,28,196]
[2026-03-12 13:05:08] debug: 	zh:zstack:unpi:parser: --> parsed 5 - 2 - 5 - 196 - [17,195,1,53,63] - 93
[2026-03-12 13:05:08] debug: 	zh:zstack:znp: <-- AREQ: ZDO - srcRtgInd
[2026-03-12 13:05:08] debug: 	zh:zstack:unpi:parser: --- parseNext [254,28,68,129,0,0,0,4,17,195,2,1,0,83,0,173,94,30,0,0,8,8,94,10,0,0,33,99,75,53,63,28,249,254,12,69,202,17,195,141,115,22,9,1,136,23,0,53,63,36,254,12,69,202,17,195,141,115,22,9,1,136,23,0,53,63,36,254,13,69,193,17,195,17,195,141,115,22,9,1,136,23,0,128,118,254,5,69,196,17,195,1,53,63,93,254,28,68,129,0,0,0,4,17,195,2,1,0,80,0,122,201,39,0,0,8,8,95,10,0,0,33,88,75,53,63,28,185,254,5,69,196,17,195,1,53,63,93,254,28,68,129,0,0,0,4,17,195,2,1,0,80,0,14,68,49,0,0,8,8,96,10,0,0,33,253,74,53,63,28,205,254,5,69,196,17,195,1,53,63,93,254,28,68,129,0,0,0,4,17,195,2,1,0,76,0,220,189,58,0,0,8,8,97,10,0,0,33,26,75,53,63,28,22,254,5,69,196,17,195,1,53,63,93,254,28,68,129,0,0,0,4,17,195,2,1,0,58,0,60,64,68,0,0,8,8,98,10,0,0,33,54,75,53,63,28,44,254,3,69,196,65,229,0,38,254,32,68,129,0,0,25,0,65,229,1,13,0,204,0,83,12,75,0,0,12,1,11,1,0,102,17,32,1,48,106,2,32,65,229,29,28,254,32,68,129,0,0,25,0,65,229,1,13,0,204,0,59,227,77,0,0,12,1,12,1,0,102,17,32,1,48,106,2,32,65,229,29,154,254,5,69,196,17,195,1,53,63,93,254,28,68,129,0,0,0,4,17,195,2,1,0,61,0,88,12,78,0,0,8,8,99,10,0,0,33,60,75,53,63,28,2,254,32,68,129,0,0,25,0,65,229,1,13,0,204,0,205,197,80,0,0,12,1,13,1,0,102,17,32,1,48,106,2,32,65,229,29,86,254,32,68,129,0,0,25,0,65,229,1,13,0,204,0,75,168,83,0,0,12,1,14,1,0,102,17,32,1,48,106,2,32,65,229,29,189,254,32,68,129,0,0,25,0,65,229,1,13,0,200,0,218,138,86,0,0,12,1,15,1,0,102,17,32,1,48,106,2,32,65,229,29,14,254,5,69,196,17,195,1,53,63,93,254,28,68,129,0,0,0,4,17,195,2,1,0,65,0,216,143,87,0,0,8,8,100,10,0,0,33,54,75,53,63,28,105,254,12,69,202,17,195,141,115,22,9,1,136,23,0,53,63,36,254,12,69,202,17,195,141,115,22,9,1,136,23,0,53,63,36,254,13,69,193,17,195,17,195,141,115,22,9,1,136,23,0,128,118,254,5,69,196,17,195,1,53,63,93,254,28,68,129,0,0,0,4,17,195,2,1,0,80,0,235,242,96,0,0,8,8,101,10,0,0,33,79,76,53,63,28,126,254,5,69,196,17,195,1,53,63,93,254,28,68,129,0,0,0,4,17,195,2,1,0,72,0,246,78,111,0,0,8,8,102,10,0,0,33,63,76,53,63,28,187,254,5,69,196,17,195,1,53,63,93,254,28,68,129,0,0,0,4,17,195,2,1,0,76,0,86,223,120,0,0,8,8,103,10,0,0,33,57,76,53,63,28,158,254,3,69,196,198,56,0,124,254,32,68,129,0,0,25,0,198,56,3,1,0,80,0,197,176,122,0,0,12,17,63,1,0,12,17,39,0,9,5,2,1,198,56,29,170,254,5,69,196,17,195,1,53,63,93,254,28,68,129,0,0,0,4,17,195,2,1,0,72,0,142,99,130,0,0,8,8,104,10,0,0,33,68,76,53,63,28,118,254,1,100,1,0,100,254,3,68,128,0,1,2,196,254,28,68,129,0,0,0,4,17,195,2,1,0,72,0,249,225,139,0,0,8,8,105,10,0,0,33,57,76,53,63,28,246,254,28,68,129,0,0,0,4,17,195,2,1,0,72,0,107,91,149,0,0,8,8,106,10,0,0,33,52,76,53,63,28,206,254,28,68,129,0,0,0,4,17,195,2,1,0,83,0,233,228,158,0,0,8,8,107,10,0,0,33,63,76,53,63,28,233,254,28,68,129,0,0,0,4,17,195,2,1,0,91,0,123,102,168,0,0,8,8,108,10,0,0,33,57,76,53,63,28,198,254,28,68,129,0,0,0,4,17,195,2,1,0,83,0,168,245,177,0,0,8,8,109,10,0,0,33,52,76,53,63,28,155,254,64,68,129,0,0,0,0,140,102,1,1,0,178,0,138,44,187,0,0,44,24,139,10,1,255,66,37,1,33,199,11,4,33,168,19,5,33,6,0,6,36,1,0,0,0,0,100,41,153,9,101,33,254,14,102,43,50,128,1,0,10,33,0,0,140,102,29,212,254,5,69,196,17,195,1,53,63,93,254,28,68,129,0,0,0,4,17,195,2,1,0,83,0,12,133,187,0,0,8,8,110,10,0,0,33,57,76,53,63,28,75,254,5,69,196,17,195,1,53,63,93,254,28,68,129,0,0,0,4,17,195,2,1,0,80,0,223,6,197,0,0,8,8,111,10,0,0,33,63,76,53,63,28,97,254,5,69,196,17,195,1,53,63,93,254,28,68,129,0,0,0,4,17,195,2,1,0,87,0,46,144,206,0,0,8,8,112,10,0,0,33,57,76,53,63,28,19,254,5,69,196,17,195,1,53,63,93,254,28,68,129,0,0,0,4,17,195,2,1,0,83,0,85,18,216,0,0,8,8,113,10,0,0,33,63,76,53,63,28,255,254,5,69,196,17,195,1,53,63,93,254,28,68,129,0,0,0,4,17,195,2,1,0,87,0,186,147,225,0,0,8,8,114,10,0,0,33,68,76,53,63,28,212,254,5,69,196,17,195,1,53,63,93,254,28,68,129,0,0,0,4,17,195,2,1,0,87,0,119,50,235,0,0,8,8,115,10,0,0,33,73,76,53,63,28,190,254,5,69,196,17,195,1,53,63,93,254,28,68,129,0,0,0,4,17,195,2,1,0,87,0,153,182,4,0,0,8,8,116,10,0,0,33,68,76,53,63,28,49,254,5,69,196,17,195,1,53,63,93,254,28,68,129,0,0,0,4,17,195,2,1,0,87,0,45,69,14,0,0,8,8,117,10,0,0,33,63,76,53,63,28,6,254,5,69,196,17,195,1,53,63,93,254,28,68,129,0,0,0,4,17,195,2,1,0,83,0,166,214,23,0,0,8,8,118,10,0,0,33,57,76,53,63,28,6,254,5,69,196,17,195,1,53,63,93,254,28,68,129,0,0,0,4,17,195,2,1,0,83,0,175,43,38,0,0,8,8,119,10,0,0,33,63,76,53,63,28,196]
[2026-03-12 13:05:08] debug: 	zh:zstack:unpi:parser: --> parsed 28 - 2 - 4 - 129 - [0,0,0,4,17,195,2,1,0,83,0,173,94,30,0,0,8,8,94,10,0,0,33,99,75,53,63,28] - 249
[2026-03-12 13:05:08] debug: 	zh:zstack:znp: <-- AREQ: AF - incomingMsg - {"groupid":0,"clusterid":1024,"srcaddr":49937,"srcendpoint":2,"dstendpoint":1,"wasbroadcast":0,"linkquality":83,"securityuse":0,"timestamp":1990317,"transseqnumber":0,"len":8,"data":{"type":"Buffer","data":[8,94,10,0,0,33,99,75]}}
[2026-03-12 13:05:08] debug: 	zh:controller: Received payload: clusterID=1024, address=49937, groupID=0, endpoint=2, destinationEndpoint=1, wasBroadcast=false, linkQuality=83, frame={"header":{"frameControl":{"frameType":0,"manufacturerSpecific":false,"direction":1,"disableDefaultResponse":false,"reservedBits":0},"transactionSequenceNumber":94,"commandIdentifier":10},"payload":[{"attrId":0,"dataType":33,"attrData":19299}],"command":{"ID":10,"name":"report","parameters":[{"name":"attrId","type":9},{"name":"dataType","type":8},{"name":"attrData","type":1000}]}}
[2026-03-12 13:05:08] debug: 	zh:controller:endpoint: ZCL command 0x001788010916738d/2 msIlluminanceMeasurement.defaultRsp({"cmdId":10,"statusCode":0}, {"timeout":10000,"disableResponse":false,"disableRecovery":false,"disableDefaultResponse":true,"direction":1,"reservedBits":0,"transactionSequenceNumber":94,"writeUndiv":false})
[2026-03-12 13:05:08] debug: 	zh:zstack:unpi:parser: --- parseNext [254,12,69,202,17,195,141,115,22,9,1,136,23,0,53,63,36,254,12,69,202,17,195,141,115,22,9,1,136,23,0,53,63,36,254,13,69,193,17,195,17,195,141,115,22,9,1,136,23,0,128,118,254,5,69,196,17,195,1,53,63,93,254,28,68,129,0,0,0,4,17,195,2,1,0,80,0,122,201,39,0,0,8,8,95,10,0,0,33,88,75,53,63,28,185,254,5,69,196,17,195,1,53,63,93,254,28,68,129,0,0,0,4,17,195,2,1,0,80,0,14,68,49,0,0,8,8,96,10,0,0,33,253,74,53,63,28,205,254,5,69,196,17,195,1,53,63,93,254,28,68,129,0,0,0,4,17,195,2,1,0,76,0,220,189,58,0,0,8,8,97,10,0,0,33,26,75,53,63,28,22,254,5,69,196,17,195,1,53,63,93,254,28,68,129,0,0,0,4,17,195,2,1,0,58,0,60,64,68,0,0,8,8,98,10,0,0,33,54,75,53,63,28,44,254,3,69,196,65,229,0,38,254,32,68,129,0,0,25,0,65,229,1,13,0,204,0,83,12,75,0,0,12,1,11,1,0,102,17,32,1,48,106,2,32,65,229,29,28,254,32,68,129,0,0,25,0,65,229,1,13,0,204,0,59,227,77,0,0,12,1,12,1,0,102,17,32,1,48,106,2,32,65,229,29,154,254,5,69,196,17,195,1,53,63,93,254,28,68,129,0,0,0,4,17,195,2,1,0,61,0,88,12,78,0,0,8,8,99,10,0,0,33,60,75,53,63,28,2,254,32,68,129,0,0,25,0,65,229,1,13,0,204,0,205,197,80,0,0,12,1,13,1,0,102,17,32,1,48,106,2,32,65,229,29,86,254,32,68,129,0,0,25,0,65,229,1,13,0,204,0,75,168,83,0,0,12,1,14,1,0,102,17,32,1,48,106,2,32,65,229,29,189,254,32,68,129,0,0,25,0,65,229,1,13,0,200,0,218,138,86,0,0,12,1,15,1,0,102,17,32,1,48,106,2,32,65,229,29,14,254,5,69,196,17,195,1,53,63,93,254,28,68,129,0,0,0,4,17,195,2,1,0,65,0,216,143,87,0,0,8,8,100,10,0,0,33,54,75,53,63,28,105,254,12,69,202,17,195,141,115,22,9,1,136,23,0,53,63,36,254,12,69,202,17,195,141,115,22,9,1,136,23,0,53,63,36,254,13,69,193,17,195,17,195,141,115,22,9,1,136,23,0,128,118,254,5,69,196,17,195,1,53,63,93,254,28,68,129,0,0,0,4,17,195,2,1,0,80,0,235,242,96,0,0,8,8,101,10,0,0,33,79,76,53,63,28,126,254,5,69,196,17,195,1,53,63,93,254,28,68,129,0,0,0,4,17,195,2,1,0,72,0,246,78,111,0,0,8,8,102,10,0,0,33,63,76,53,63,28,187,254,5,69,196,17,195,1,53,63,93,254,28,68,129,0,0,0,4,17,195,2,1,0,76,0,86,223,120,0,0,8,8,103,10,0,0,33,57,76,53,63,28,158,254,3,69,196,198,56,0,124,254,32,68,129,0,0,25,0,198,56,3,1,0,80,0,197,176,122,0,0,12,17,63,1,0,12,17,39,0,9,5,2,1,198,56,29,170,254,5,69,196,17,195,1,53,63,93,254,28,68,129,0,0,0,4,17,195,2,1,0,72,0,142,99,130,0,0,8,8,104,10,0,0,33,68,76,53,63,28,118,254,1,100,1,0,100,254,3,68,128,0,1,2,196,254,28,68,129,0,0,0,4,17,195,2,1,0,72,0,249,225,139,0,0,8,8,105,10,0,0,33,57,76,53,63,28,246,254,28,68,129,0,0,0,4,17,195,2,1,0,72,0,107,91,149,0,0,8,8,106,10,0,0,33,52,76,53,63,28,206,254,28,68,129,0,0,0,4,17,195,2,1,0,83,0,233,228,158,0,0,8,8,107,10,0,0,33,63,76,53,63,28,233,254,28,68,129,0,0,0,4,17,195,2,1,0,91,0,123,102,168,0,0,8,8,108,10,0,0,33,57,76,53,63,28,198,254,28,68,129,0,0,0,4,17,195,2,1,0,83,0,168,245,177,0,0,8,8,109,10,0,0,33,52,76,53,63,28,155,254,64,68,129,0,0,0,0,140,102,1,1,0,178,0,138,44,187,0,0,44,24,139,10,1,255,66,37,1,33,199,11,4,33,168,19,5,33,6,0,6,36,1,0,0,0,0,100,41,153,9,101,33,254,14,102,43,50,128,1,0,10,33,0,0,140,102,29,212,254,5,69,196,17,195,1,53,63,93,254,28,68,129,0,0,0,4,17,195,2,1,0,83,0,12,133,187,0,0,8,8,110,10,0,0,33,57,76,53,63,28,75,254,5,69,196,17,195,1,53,63,93,254,28,68,129,0,0,0,4,17,195,2,1,0,80,0,223,6,197,0,0,8,8,111,10,0,0,33,63,76,53,63,28,97,254,5,69,196,17,195,1,53,63,93,254,28,68,129,0,0,0,4,17,195,2,1,0,87,0,46,144,206,0,0,8,8,112,10,0,0,33,57,76,53,63,28,19,254,5,69,196,17,195,1,53,63,93,254,28,68,129,0,0,0,4,17,195,2,1,0,83,0,85,18,216,0,0,8,8,113,10,0,0,33,63,76,53,63,28,255,254,5,69,196,17,195,1,53,63,93,254,28,68,129,0,0,0,4,17,195,2,1,0,87,0,186,147,225,0,0,8,8,114,10,0,0,33,68,76,53,63,28,212,254,5,69,196,17,195,1,53,63,93,254,28,68,129,0,0,0,4,17,195,2,1,0,87,0,119,50,235,0,0,8,8,115,10,0,0,33,73,76,53,63,28,190,254,5,69,196,17,195,1,53,63,93,254,28,68,129,0,0,0,4,17,195,2,1,0,87,0,153,182,4,0,0,8,8,116,10,0,0,33,68,76,53,63,28,49,254,5,69,196,17,195,1,53,63,93,254,28,68,129,0,0,0,4,17,195,2,1,0,87,0,45,69,14,0,0,8,8,117,10,0,0,33,63,76,53,63,28,6,254,5,69,196,17,195,1,53,63,93,254,28,68,129,0,0,0,4,17,195,2,1,0,83,0,166,214,23,0,0,8,8,118,10,0,0,33,57,76,53,63,28,6,254,5,69,196,17,195,1,53,63,93,254,28,68,129,0,0,0,4,17,195,2,1,0,83,0,175,43,38,0,0,8,8,119,10,0,0,33,63,76,53,63,28,196]
[2026-03-12 13:05:09] debug: 	zh:zstack:unpi:parser: --> parsed 12 - 2 - 5 - 202 - [17,195,141,115,22,9,1,136,23,0,53,63] - 36
[2026-03-12 13:05:09] debug: 	zh:zstack:znp: <-- AREQ: ZDO - tcDeviceInd
[2026-03-12 13:05:09] debug: 	zh:controller: Device '0x001788010916738d' joined
[2026-03-12 13:05:09] debug: 	zh:zstack:unpi:parser: --- parseNext [254,12,69,202,17,195,141,115,22,9,1,136,23,0,53,63,36,254,13,69,193,17,195,17,195,141,115,22,9,1,136,23,0,128,118,254,5,69,196,17,195,1,53,63,93,254,28,68,129,0,0,0,4,17,195,2,1,0,80,0,122,201,39,0,0,8,8,95,10,0,0,33,88,75,53,63,28,185,254,5,69,196,17,195,1,53,63,93,254,28,68,129,0,0,0,4,17,195,2,1,0,80,0,14,68,49,0,0,8,8,96,10,0,0,33,253,74,53,63,28,205,254,5,69,196,17,195,1,53,63,93,254,28,68,129,0,0,0,4,17,195,2,1,0,76,0,220,189,58,0,0,8,8,97,10,0,0,33,26,75,53,63,28,22,254,5,69,196,17,195,1,53,63,93,254,28,68,129,0,0,0,4,17,195,2,1,0,58,0,60,64,68,0,0,8,8,98,10,0,0,33,54,75,53,63,28,44,254,3,69,196,65,229,0,38,254,32,68,129,0,0,25,0,65,229,1,13,0,204,0,83,12,75,0,0,12,1,11,1,0,102,17,32,1,48,106,2,32,65,229,29,28,254,32,68,129,0,0,25,0,65,229,1,13,0,204,0,59,227,77,0,0,12,1,12,1,0,102,17,32,1,48,106,2,32,65,229,29,154,254,5,69,196,17,195,1,53,63,93,254,28,68,129,0,0,0,4,17,195,2,1,0,61,0,88,12,78,0,0,8,8,99,10,0,0,33,60,75,53,63,28,2,254,32,68,129,0,0,25,0,65,229,1,13,0,204,0,205,197,80,0,0,12,1,13,1,0,102,17,32,1,48,106,2,32,65,229,29,86,254,32,68,129,0,0,25,0,65,229,1,13,0,204,0,75,168,83,0,0,12,1,14,1,0,102,17,32,1,48,106,2,32,65,229,29,189,254,32,68,129,0,0,25,0,65,229,1,13,0,200,0,218,138,86,0,0,12,1,15,1,0,102,17,32,1,48,106,2,32,65,229,29,14,254,5,69,196,17,195,1,53,63,93,254,28,68,129,0,0,0,4,17,195,2,1,0,65,0,216,143,87,0,0,8,8,100,10,0,0,33,54,75,53,63,28,105,254,12,69,202,17,195,141,115,22,9,1,136,23,0,53,63,36,254,12,69,202,17,195,141,115,22,9,1,136,23,0,53,63,36,254,13,69,193,17,195,17,195,141,115,22,9,1,136,23,0,128,118,254,5,69,196,17,195,1,53,63,93,254,28,68,129,0,0,0,4,17,195,2,1,0,80,0,235,242,96,0,0,8,8,101,10,0,0,33,79,76,53,63,28,126,254,5,69,196,17,195,1,53,63,93,254,28,68,129,0,0,0,4,17,195,2,1,0,72,0,246,78,111,0,0,8,8,102,10,0,0,33,63,76,53,63,28,187,254,5,69,196,17,195,1,53,63,93,254,28,68,129,0,0,0,4,17,195,2,1,0,76,0,86,223,120,0,0,8,8,103,10,0,0,33,57,76,53,63,28,158,254,3,69,196,198,56,0,124,254,32,68,129,0,0,25,0,198,56,3,1,0,80,0,197,176,122,0,0,12,17,63,1,0,12,17,39,0,9,5,2,1,198,56,29,170,254,5,69,196,17,195,1,53,63,93,254,28,68,129,0,0,0,4,17,195,2,1,0,72,0,142,99,130,0,0,8,8,104,10,0,0,33,68,76,53,63,28,118,254,1,100,1,0,100,254,3,68,128,0,1,2,196,254,28,68,129,0,0,0,4,17,195,2,1,0,72,0,249,225,139,0,0,8,8,105,10,0,0,33,57,76,53,63,28,246,254,28,68,129,0,0,0,4,17,195,2,1,0,72,0,107,91,149,0,0,8,8,106,10,0,0,33,52,76,53,63,28,206,254,28,68,129,0,0,0,4,17,195,2,1,0,83,0,233,228,158,0,0,8,8,107,10,0,0,33,63,76,53,63,28,233,254,28,68,129,0,0,0,4,17,195,2,1,0,91,0,123,102,168,0,0,8,8,108,10,0,0,33,57,76,53,63,28,198,254,28,68,129,0,0,0,4,17,195,2,1,0,83,0,168,245,177,0,0,8,8,109,10,0,0,33,52,76,53,63,28,155,254,64,68,129,0,0,0,0,140,102,1,1,0,178,0,138,44,187,0,0,44,24,139,10,1,255,66,37,1,33,199,11,4,33,168,19,5,33,6,0,6,36,1,0,0,0,0,100,41,153,9,101,33,254,14,102,43,50,128,1,0,10,33,0,0,140,102,29,212,254,5,69,196,17,195,1,53,63,93,254,28,68,129,0,0,0,4,17,195,2,1,0,83,0,12,133,187,0,0,8,8,110,10,0,0,33,57,76,53,63,28,75,254,5,69,196,17,195,1,53,63,93,254,28,68,129,0,0,0,4,17,195,2,1,0,80,0,223,6,197,0,0,8,8,111,10,0,0,33,63,76,53,63,28,97,254,5,69,196,17,195,1,53,63,93,254,28,68,129,0,0,0,4,17,195,2,1,0,87,0,46,144,206,0,0,8,8,112,10,0,0,33,57,76,53,63,28,19,254,5,69,196,17,195,1,53,63,93,254,28,68,129,0,0,0,4,17,195,2,1,0,83,0,85,18,216,0,0,8,8,113,10,0,0,33,63,76,53,63,28,255,254,5,69,196,17,195,1,53,63,93,254,28,68,129,0,0,0,4,17,195,2,1,0,87,0,186,147,225,0,0,8,8,114,10,0,0,33,68,76,53,63,28,212,254,5,69,196,17,195,1,53,63,93,254,28,68,129,0,0,0,4,17,195,2,1,0,87,0,119,50,235,0,0,8,8,115,10,0,0,33,73,76,53,63,28,190,254,5,69,196,17,195,1,53,63,93,254,28,68,129,0,0,0,4,17,195,2,1,0,87,0,153,182,4,0,0,8,8,116,10,0,0,33,68,76,53,63,28,49,254,5,69,196,17,195,1,53,63,93,254,28,68,129,0,0,0,4,17,195,2,1,0,87,0,45,69,14,0,0,8,8,117,10,0,0,33,63,76,53,63,28,6,254,5,69,196,17,195,1,53,63,93,254,28,68,129,0,0,0,4,17,195,2,1,0,83,0,166,214,23,0,0,8,8,118,10,0,0,33,57,76,53,63,28,6,254,5,69,196,17,195,1,53,63,93,254,28,68,129,0,0,0,4,17,195,2,1,0,83,0,175,43,38,0,0,8,8,119,10,0,0,33,63,76,53,63,28,196]
[2026-03-12 13:05:09] debug: 	zh:zstack:unpi:parser: --> parsed 12 - 2 - 5 - 202 - [17,195,141,115,22,9,1,136,23,0,53,63] - 36
[2026-03-12 13:05:09] debug: 	zh:zstack:znp: <-- AREQ: ZDO - tcDeviceInd
[2026-03-12 13:05:09] debug: 	zh:controller: Device '0x001788010916738d' joined
[2026-03-12 13:05:09] debug: 	zh:zstack:unpi:parser: --- parseNext [254,13,69,193,17,195,17,195,141,115,22,9,1,136,23,0,128,118,254,5,69,196,17,195,1,53,63,93,254,28,68,129,0,0,0,4,17,195,2,1,0,80,0,122,201,39,0,0,8,8,95,10,0,0,33,88,75,53,63,28,185,254,5,69,196,17,195,1,53,63,93,254,28,68,129,0,0,0,4,17,195,2,1,0,80,0,14,68,49,0,0,8,8,96,10,0,0,33,253,74,53,63,28,205,254,5,69,196,17,195,1,53,63,93,254,28,68,129,0,0,0,4,17,195,2,1,0,76,0,220,189,58,0,0,8,8,97,10,0,0,33,26,75,53,63,28,22,254,5,69,196,17,195,1,53,63,93,254,28,68,129,0,0,0,4,17,195,2,1,0,58,0,60,64,68,0,0,8,8,98,10,0,0,33,54,75,53,63,28,44,254,3,69,196,65,229,0,38,254,32,68,129,0,0,25,0,65,229,1,13,0,204,0,83,12,75,0,0,12,1,11,1,0,102,17,32,1,48,106,2,32,65,229,29,28,254,32,68,129,0,0,25,0,65,229,1,13,0,204,0,59,227,77,0,0,12,1,12,1,0,102,17,32,1,48,106,2,32,65,229,29,154,254,5,69,196,17,195,1,53,63,93,254,28,68,129,0,0,0,4,17,195,2,1,0,61,0,88,12,78,0,0,8,8,99,10,0,0,33,60,75,53,63,28,2,254,32,68,129,0,0,25,0,65,229,1,13,0,204,0,205,197,80,0,0,12,1,13,1,0,102,17,32,1,48,106,2,32,65,229,29,86,254,32,68,129,0,0,25,0,65,229,1,13,0,204,0,75,168,83,0,0,12,1,14,1,0,102,17,32,1,48,106,2,32,65,229,29,189,254,32,68,129,0,0,25,0,65,229,1,13,0,200,0,218,138,86,0,0,12,1,15,1,0,102,17,32,1,48,106,2,32,65,229,29,14,254,5,69,196,17,195,1,53,63,93,254,28,68,129,0,0,0,4,17,195,2,1,0,65,0,216,143,87,0,0,8,8,100,10,0,0,33,54,75,53,63,28,105,254,12,69,202,17,195,141,115,22,9,1,136,23,0,53,63,36,254,12,69,202,17,195,141,115,22,9,1,136,23,0,53,63,36,254,13,69,193,17,195,17,195,141,115,22,9,1,136,23,0,128,118,254,5,69,196,17,195,1,53,63,93,254,28,68,129,0,0,0,4,17,195,2,1,0,80,0,235,242,96,0,0,8,8,101,10,0,0,33,79,76,53,63,28,126,254,5,69,196,17,195,1,53,63,93,254,28,68,129,0,0,0,4,17,195,2,1,0,72,0,246,78,111,0,0,8,8,102,10,0,0,33,63,76,53,63,28,187,254,5,69,196,17,195,1,53,63,93,254,28,68,129,0,0,0,4,17,195,2,1,0,76,0,86,223,120,0,0,8,8,103,10,0,0,33,57,76,53,63,28,158,254,3,69,196,198,56,0,124,254,32,68,129,0,0,25,0,198,56,3,1,0,80,0,197,176,122,0,0,12,17,63,1,0,12,17,39,0,9,5,2,1,198,56,29,170,254,5,69,196,17,195,1,53,63,93,254,28,68,129,0,0,0,4,17,195,2,1,0,72,0,142,99,130,0,0,8,8,104,10,0,0,33,68,76,53,63,28,118,254,1,100,1,0,100,254,3,68,128,0,1,2,196,254,28,68,129,0,0,0,4,17,195,2,1,0,72,0,249,225,139,0,0,8,8,105,10,0,0,33,57,76,53,63,28,246,254,28,68,129,0,0,0,4,17,195,2,1,0,72,0,107,91,149,0,0,8,8,106,10,0,0,33,52,76,53,63,28,206,254,28,68,129,0,0,0,4,17,195,2,1,0,83,0,233,228,158,0,0,8,8,107,10,0,0,33,63,76,53,63,28,233,254,28,68,129,0,0,0,4,17,195,2,1,0,91,0,123,102,168,0,0,8,8,108,10,0,0,33,57,76,53,63,28,198,254,28,68,129,0,0,0,4,17,195,2,1,0,83,0,168,245,177,0,0,8,8,109,10,0,0,33,52,76,53,63,28,155,254,64,68,129,0,0,0,0,140,102,1,1,0,178,0,138,44,187,0,0,44,24,139,10,1,255,66,37,1,33,199,11,4,33,168,19,5,33,6,0,6,36,1,0,0,0,0,100,41,153,9,101,33,254,14,102,43,50,128,1,0,10,33,0,0,140,102,29,212,254,5,69,196,17,195,1,53,63,93,254,28,68,129,0,0,0,4,17,195,2,1,0,83,0,12,133,187,0,0,8,8,110,10,0,0,33,57,76,53,63,28,75,254,5,69,196,17,195,1,53,63,93,254,28,68,129,0,0,0,4,17,195,2,1,0,80,0,223,6,197,0,0,8,8,111,10,0,0,33,63,76,53,63,28,97,254,5,69,196,17,195,1,53,63,93,254,28,68,129,0,0,0,4,17,195,2,1,0,87,0,46,144,206,0,0,8,8,112,10,0,0,33,57,76,53,63,28,19,254,5,69,196,17,195,1,53,63,93,254,28,68,129,0,0,0,4,17,195,2,1,0,83,0,85,18,216,0,0,8,8,113,10,0,0,33,63,76,53,63,28,255,254,5,69,196,17,195,1,53,63,93,254,28,68,129,0,0,0,4,17,195,2,1,0,87,0,186,147,225,0,0,8,8,114,10,0,0,33,68,76,53,63,28,212,254,5,69,196,17,195,1,53,63,93,254,28,68,129,0,0,0,4,17,195,2,1,0,87,0,119,50,235,0,0,8,8,115,10,0,0,33,73,76,53,63,28,190,254,5,69,196,17,195,1,53,63,93,254,28,68,129,0,0,0,4,17,195,2,1,0,87,0,153,182,4,0,0,8,8,116,10,0,0,33,68,76,53,63,28,49,254,5,69,196,17,195,1,53,63,93,254,28,68,129,0,0,0,4,17,195,2,1,0,87,0,45,69,14,0,0,8,8,117,10,0,0,33,63,76,53,63,28,6,254,5,69,196,17,195,1,53,63,93,254,28,68,129,0,0,0,4,17,195,2,1,0,83,0,166,214,23,0,0,8,8,118,10,0,0,33,57,76,53,63,28,6,254,5,69,196,17,195,1,53,63,93,254,28,68,129,0,0,0,4,17,195,2,1,0,83,0,175,43,38,0,0,8,8,119,10,0,0,33,63,76,53,63,28,196]
[2026-03-12 13:05:09] debug: 	zh:zstack:unpi:parser: --> parsed 13 - 2 - 5 - 193 - [17,195,17,195,141,115,22,9,1,136,23,0,128] - 118
[2026-03-12 13:05:09] debug: 	zh:zstack:znp: <-- AREQ: ZDO - endDeviceAnnceInd
[2026-03-12 13:05:09] debug: 	zh:controller: Received ZDO response: clusterId=END_DEVICE_ANNOUNCE, status=SUCCESS, payload={"nwkAddress":49937,"eui64":"0x001788010916738d","capabilities":{"alternatePANCoordinator":0,"deviceType":0,"powerSource":0,"rxOnWhenIdle":0,"reserved1":0,"reserved2":0,"securityCapability":0,"allocateAddress":1}}
[2026-03-12 13:05:09] debug: 	zh:controller: Device announce from '0x001788010916738d:49937'
[2026-03-12 13:05:09] debug: 	z2m: Device 'Hue-Motiondetect' announced itself
[2026-03-12 13:05:09] debug: 	zh:zstack:unpi:parser: --- parseNext [254,5,69,196,17,195,1,53,63,93,254,28,68,129,0,0,0,4,17,195,2,1,0,80,0,122,201,39,0,0,8,8,95,10,0,0,33,88,75,53,63,28,185,254,5,69,196,17,195,1,53,63,93,254,28,68,129,0,0,0,4,17,195,2,1,0,80,0,14,68,49,0,0,8,8,96,10,0,0,33,253,74,53,63,28,205,254,5,69,196,17,195,1,53,63,93,254,28,68,129,0,0,0,4,17,195,2,1,0,76,0,220,189,58,0,0,8,8,97,10,0,0,33,26,75,53,63,28,22,254,5,69,196,17,195,1,53,63,93,254,28,68,129,0,0,0,4,17,195,2,1,0,58,0,60,64,68,0,0,8,8,98,10,0,0,33,54,75,53,63,28,44,254,3,69,196,65,229,0,38,254,32,68,129,0,0,25,0,65,229,1,13,0,204,0,83,12,75,0,0,12,1,11,1,0,102,17,32,1,48,106,2,32,65,229,29,28,254,32,68,129,0,0,25,0,65,229,1,13,0,204,0,59,227,77,0,0,12,1,12,1,0,102,17,32,1,48,106,2,32,65,229,29,154,254,5,69,196,17,195,1,53,63,93,254,28,68,129,0,0,0,4,17,195,2,1,0,61,0,88,12,78,0,0,8,8,99,10,0,0,33,60,75,53,63,28,2,254,32,68,129,0,0,25,0,65,229,1,13,0,204,0,205,197,80,0,0,12,1,13,1,0,102,17,32,1,48,106,2,32,65,229,29,86,254,32,68,129,0,0,25,0,65,229,1,13,0,204,0,75,168,83,0,0,12,1,14,1,0,102,17,32,1,48,106,2,32,65,229,29,189,254,32,68,129,0,0,25,0,65,229,1,13,0,200,0,218,138,86,0,0,12,1,15,1,0,102,17,32,1,48,106,2,32,65,229,29,14,254,5,69,196,17,195,1,53,63,93,254,28,68,129,0,0,0,4,17,195,2,1,0,65,0,216,143,87,0,0,8,8,100,10,0,0,33,54,75,53,63,28,105,254,12,69,202,17,195,141,115,22,9,1,136,23,0,53,63,36,254,12,69,202,17,195,141,115,22,9,1,136,23,0,53,63,36,254,13,69,193,17,195,17,195,141,115,22,9,1,136,23,0,128,118,254,5,69,196,17,195,1,53,63,93,254,28,68,129,0,0,0,4,17,195,2,1,0,80,0,235,242,96,0,0,8,8,101,10,0,0,33,79,76,53,63,28,126,254,5,69,196,17,195,1,53,63,93,254,28,68,129,0,0,0,4,17,195,2,1,0,72,0,246,78,111,0,0,8,8,102,10,0,0,33,63,76,53,63,28,187,254,5,69,196,17,195,1,53,63,93,254,28,68,129,0,0,0,4,17,195,2,1,0,76,0,86,223,120,0,0,8,8,103,10,0,0,33,57,76,53,63,28,158,254,3,69,196,198,56,0,124,254,32,68,129,0,0,25,0,198,56,3,1,0,80,0,197,176,122,0,0,12,17,63,1,0,12,17,39,0,9,5,2,1,198,56,29,170,254,5,69,196,17,195,1,53,63,93,254,28,68,129,0,0,0,4,17,195,2,1,0,72,0,142,99,130,0,0,8,8,104,10,0,0,33,68,76,53,63,28,118,254,1,100,1,0,100,254,3,68,128,0,1,2,196,254,28,68,129,0,0,0,4,17,195,2,1,0,72,0,249,225,139,0,0,8,8,105,10,0,0,33,57,76,53,63,28,246,254,28,68,129,0,0,0,4,17,195,2,1,0,72,0,107,91,149,0,0,8,8,106,10,0,0,33,52,76,53,63,28,206,254,28,68,129,0,0,0,4,17,195,2,1,0,83,0,233,228,158,0,0,8,8,107,10,0,0,33,63,76,53,63,28,233,254,28,68,129,0,0,0,4,17,195,2,1,0,91,0,123,102,168,0,0,8,8,108,10,0,0,33,57,76,53,63,28,198,254,28,68,129,0,0,0,4,17,195,2,1,0,83,0,168,245,177,0,0,8,8,109,10,0,0,33,52,76,53,63,28,155,254,64,68,129,0,0,0,0,140,102,1,1,0,178,0,138,44,187,0,0,44,24,139,10,1,255,66,37,1,33,199,11,4,33,168,19,5,33,6,0,6,36,1,0,0,0,0,100,41,153,9,101,33,254,14,102,43,50,128,1,0,10,33,0,0,140,102,29,212,254,5,69,196,17,195,1,53,63,93,254,28,68,129,0,0,0,4,17,195,2,1,0,83,0,12,133,187,0,0,8,8,110,10,0,0,33,57,76,53,63,28,75,254,5,69,196,17,195,1,53,63,93,254,28,68,129,0,0,0,4,17,195,2,1,0,80,0,223,6,197,0,0,8,8,111,10,0,0,33,63,76,53,63,28,97,254,5,69,196,17,195,1,53,63,93,254,28,68,129,0,0,0,4,17,195,2,1,0,87,0,46,144,206,0,0,8,8,112,10,0,0,33,57,76,53,63,28,19,254,5,69,196,17,195,1,53,63,93,254,28,68,129,0,0,0,4,17,195,2,1,0,83,0,85,18,216,0,0,8,8,113,10,0,0,33,63,76,53,63,28,255,254,5,69,196,17,195,1,53,63,93,254,28,68,129,0,0,0,4,17,195,2,1,0,87,0,186,147,225,0,0,8,8,114,10,0,0,33,68,76,53,63,28,212,254,5,69,196,17,195,1,53,63,93,254,28,68,129,0,0,0,4,17,195,2,1,0,87,0,119,50,235,0,0,8,8,115,10,0,0,33,73,76,53,63,28,190,254,5,69,196,17,195,1,53,63,93,254,28,68,129,0,0,0,4,17,195,2,1,0,87,0,153,182,4,0,0,8,8,116,10,0,0,33,68,76,53,63,28,49,254,5,69,196,17,195,1,53,63,93,254,28,68,129,0,0,0,4,17,195,2,1,0,87,0,45,69,14,0,0,8,8,117,10,0,0,33,63,76,53,63,28,6,254,5,69,196,17,195,1,53,63,93,254,28,68,129,0,0,0,4,17,195,2,1,0,83,0,166,214,23,0,0,8,8,118,10,0,0,33,57,76,53,63,28,6,254,5,69,196,17,195,1,53,63,93,254,28,68,129,0,0,0,4,17,195,2,1,0,83,0,175,43,38,0,0,8,8,119,10,0,0,33,63,76,53,63,28,196]
[2026-03-12 13:05:09] debug: 	zh:zstack:unpi:parser: --> parsed 5 - 2 - 5 - 196 - [17,195,1,53,63] - 93
[2026-03-12 13:05:09] debug: 	zh:zstack:znp: <-- AREQ: ZDO - srcRtgInd
[2026-03-12 13:05:09] debug: 	zh:zstack:unpi:parser: --- parseNext [254,28,68,129,0,0,0,4,17,195,2,1,0,80,0,122,201,39,0,0,8,8,95,10,0,0,33,88,75,53,63,28,185,254,5,69,196,17,195,1,53,63,93,254,28,68,129,0,0,0,4,17,195,2,1,0,80,0,14,68,49,0,0,8,8,96,10,0,0,33,253,74,53,63,28,205,254,5,69,196,17,195,1,53,63,93,254,28,68,129,0,0,0,4,17,195,2,1,0,76,0,220,189,58,0,0,8,8,97,10,0,0,33,26,75,53,63,28,22,254,5,69,196,17,195,1,53,63,93,254,28,68,129,0,0,0,4,17,195,2,1,0,58,0,60,64,68,0,0,8,8,98,10,0,0,33,54,75,53,63,28,44,254,3,69,196,65,229,0,38,254,32,68,129,0,0,25,0,65,229,1,13,0,204,0,83,12,75,0,0,12,1,11,1,0,102,17,32,1,48,106,2,32,65,229,29,28,254,32,68,129,0,0,25,0,65,229,1,13,0,204,0,59,227,77,0,0,12,1,12,1,0,102,17,32,1,48,106,2,32,65,229,29,154,254,5,69,196,17,195,1,53,63,93,254,28,68,129,0,0,0,4,17,195,2,1,0,61,0,88,12,78,0,0,8,8,99,10,0,0,33,60,75,53,63,28,2,254,32,68,129,0,0,25,0,65,229,1,13,0,204,0,205,197,80,0,0,12,1,13,1,0,102,17,32,1,48,106,2,32,65,229,29,86,254,32,68,129,0,0,25,0,65,229,1,13,0,204,0,75,168,83,0,0,12,1,14,1,0,102,17,32,1,48,106,2,32,65,229,29,189,254,32,68,129,0,0,25,0,65,229,1,13,0,200,0,218,138,86,0,0,12,1,15,1,0,102,17,32,1,48,106,2,32,65,229,29,14,254,5,69,196,17,195,1,53,63,93,254,28,68,129,0,0,0,4,17,195,2,1,0,65,0,216,143,87,0,0,8,8,100,10,0,0,33,54,75,53,63,28,105,254,12,69,202,17,195,141,115,22,9,1,136,23,0,53,63,36,254,12,69,202,17,195,141,115,22,9,1,136,23,0,53,63,36,254,13,69,193,17,195,17,195,141,115,22,9,1,136,23,0,128,118,254,5,69,196,17,195,1,53,63,93,254,28,68,129,0,0,0,4,17,195,2,1,0,80,0,235,242,96,0,0,8,8,101,10,0,0,33,79,76,53,63,28,126,254,5,69,196,17,195,1,53,63,93,254,28,68,129,0,0,0,4,17,195,2,1,0,72,0,246,78,111,0,0,8,8,102,10,0,0,33,63,76,53,63,28,187,254,5,69,196,17,195,1,53,63,93,254,28,68,129,0,0,0,4,17,195,2,1,0,76,0,86,223,120,0,0,8,8,103,10,0,0,33,57,76,53,63,28,158,254,3,69,196,198,56,0,124,254,32,68,129,0,0,25,0,198,56,3,1,0,80,0,197,176,122,0,0,12,17,63,1,0,12,17,39,0,9,5,2,1,198,56,29,170,254,5,69,196,17,195,1,53,63,93,254,28,68,129,0,0,0,4,17,195,2,1,0,72,0,142,99,130,0,0,8,8,104,10,0,0,33,68,76,53,63,28,118,254,1,100,1,0,100,254,3,68,128,0,1,2,196,254,28,68,129,0,0,0,4,17,195,2,1,0,72,0,249,225,139,0,0,8,8,105,10,0,0,33,57,76,53,63,28,246,254,28,68,129,0,0,0,4,17,195,2,1,0,72,0,107,91,149,0,0,8,8,106,10,0,0,33,52,76,53,63,28,206,254,28,68,129,0,0,0,4,17,195,2,1,0,83,0,233,228,158,0,0,8,8,107,10,0,0,33,63,76,53,63,28,233,254,28,68,129,0,0,0,4,17,195,2,1,0,91,0,123,102,168,0,0,8,8,108,10,0,0,33,57,76,53,63,28,198,254,28,68,129,0,0,0,4,17,195,2,1,0,83,0,168,245,177,0,0,8,8,109,10,0,0,33,52,76,53,63,28,155,254,64,68,129,0,0,0,0,140,102,1,1,0,178,0,138,44,187,0,0,44,24,139,10,1,255,66,37,1,33,199,11,4,33,168,19,5,33,6,0,6,36,1,0,0,0,0,100,41,153,9,101,33,254,14,102,43,50,128,1,0,10,33,0,0,140,102,29,212,254,5,69,196,17,195,1,53,63,93,254,28,68,129,0,0,0,4,17,195,2,1,0,83,0,12,133,187,0,0,8,8,110,10,0,0,33,57,76,53,63,28,75,254,5,69,196,17,195,1,53,63,93,254,28,68,129,0,0,0,4,17,195,2,1,0,80,0,223,6,197,0,0,8,8,111,10,0,0,33,63,76,53,63,28,97,254,5,69,196,17,195,1,53,63,93,254,28,68,129,0,0,0,4,17,195,2,1,0,87,0,46,144,206,0,0,8,8,112,10,0,0,33,57,76,53,63,28,19,254,5,69,196,17,195,1,53,63,93,254,28,68,129,0,0,0,4,17,195,2,1,0,83,0,85,18,216,0,0,8,8,113,10,0,0,33,63,76,53,63,28,255,254,5,69,196,17,195,1,53,63,93,254,28,68,129,0,0,0,4,17,195,2,1,0,87,0,186,147,225,0,0,8,8,114,10,0,0,33,68,76,53,63,28,212,254,5,69,196,17,195,1,53,63,93,254,28,68,129,0,0,0,4,17,195,2,1,0,87,0,119,50,235,0,0,8,8,115,10,0,0,33,73,76,53,63,28,190,254,5,69,196,17,195,1,53,63,93,254,28,68,129,0,0,0,4,17,195,2,1,0,87,0,153,182,4,0,0,8,8,116,10,0,0,33,68,76,53,63,28,49,254,5,69,196,17,195,1,53,63,93,254,28,68,129,0,0,0,4,17,195,2,1,0,87,0,45,69,14,0,0,8,8,117,10,0,0,33,63,76,53,63,28,6,254,5,69,196,17,195,1,53,63,93,254,28,68,129,0,0,0,4,17,195,2,1,0,83,0,166,214,23,0,0,8,8,118,10,0,0,33,57,76,53,63,28,6,254,5,69,196,17,195,1,53,63,93,254,28,68,129,0,0,0,4,17,195,2,1,0,83,0,175,43,38,0,0,8,8,119,10,0,0,33,63,76,53,63,28,196]
[2026-03-12 13:05:09] debug: 	zh:zstack:unpi:parser: --> parsed 28 - 2 - 4 - 129 - [0,0,0,4,17,195,2,1,0,80,0,122,201,39,0,0,8,8,95,10,0,0,33,88,75,53,63,28] - 185
[2026-03-12 13:05:09] debug: 	zh:zstack:znp: <-- AREQ: AF - incomingMsg - {"groupid":0,"clusterid":1024,"srcaddr":49937,"srcendpoint":2,"dstendpoint":1,"wasbroadcast":0,"linkquality":80,"securityuse":0,"timestamp":2607482,"transseqnumber":0,"len":8,"data":{"type":"Buffer","data":[8,95,10,0,0,33,88,75]}}
[2026-03-12 13:05:09] debug: 	zh:controller: Received payload: clusterID=1024, address=49937, groupID=0, endpoint=2, destinationEndpoint=1, wasBroadcast=false, linkQuality=80, frame={"header":{"frameControl":{"frameType":0,"manufacturerSpecific":false,"direction":1,"disableDefaultResponse":false,"reservedBits":0},"transactionSequenceNumber":95,"commandIdentifier":10},"payload":[{"attrId":0,"dataType":33,"attrData":19288}],"command":{"ID":10,"name":"report","parameters":[{"name":"attrId","type":9},{"name":"dataType","type":8},{"name":"attrData","type":1000}]}}
[2026-03-12 13:05:09] debug: 	zh:controller:endpoint: ZCL command 0x001788010916738d/2 msIlluminanceMeasurement.defaultRsp({"cmdId":10,"statusCode":0}, {"timeout":10000,"disableResponse":false,"disableRecovery":false,"disableDefaultResponse":true,"direction":1,"reservedBits":0,"transactionSequenceNumber":95,"writeUndiv":false})
[2026-03-12 13:05:09] debug: 	zh:zstack:unpi:parser: --- parseNext [254,5,69,196,17,195,1,53,63,93,254,28,68,129,0,0,0,4,17,195,2,1,0,80,0,14,68,49,0,0,8,8,96,10,0,0,33,253,74,53,63,28,205,254,5,69,196,17,195,1,53,63,93,254,28,68,129,0,0,0,4,17,195,2,1,0,76,0,220,189,58,0,0,8,8,97,10,0,0,33,26,75,53,63,28,22,254,5,69,196,17,195,1,53,63,93,254,28,68,129,0,0,0,4,17,195,2,1,0,58,0,60,64,68,0,0,8,8,98,10,0,0,33,54,75,53,63,28,44,254,3,69,196,65,229,0,38,254,32,68,129,0,0,25,0,65,229,1,13,0,204,0,83,12,75,0,0,12,1,11,1,0,102,17,32,1,48,106,2,32,65,229,29,28,254,32,68,129,0,0,25,0,65,229,1,13,0,204,0,59,227,77,0,0,12,1,12,1,0,102,17,32,1,48,106,2,32,65,229,29,154,254,5,69,196,17,195,1,53,63,93,254,28,68,129,0,0,0,4,17,195,2,1,0,61,0,88,12,78,0,0,8,8,99,10,0,0,33,60,75,53,63,28,2,254,32,68,129,0,0,25,0,65,229,1,13,0,204,0,205,197,80,0,0,12,1,13,1,0,102,17,32,1,48,106,2,32,65,229,29,86,254,32,68,129,0,0,25,0,65,229,1,13,0,204,0,75,168,83,0,0,12,1,14,1,0,102,17,32,1,48,106,2,32,65,229,29,189,254,32,68,129,0,0,25,0,65,229,1,13,0,200,0,218,138,86,0,0,12,1,15,1,0,102,17,32,1,48,106,2,32,65,229,29,14,254,5,69,196,17,195,1,53,63,93,254,28,68,129,0,0,0,4,17,195,2,1,0,65,0,216,143,87,0,0,8,8,100,10,0,0,33,54,75,53,63,28,105,254,12,69,202,17,195,141,115,22,9,1,136,23,0,53,63,36,254,12,69,202,17,195,141,115,22,9,1,136,23,0,53,63,36,254,13,69,193,17,195,17,195,141,115,22,9,1,136,23,0,128,118,254,5,69,196,17,195,1,53,63,93,254,28,68,129,0,0,0,4,17,195,2,1,0,80,0,235,242,96,0,0,8,8,101,10,0,0,33,79,76,53,63,28,126,254,5,69,196,17,195,1,53,63,93,254,28,68,129,0,0,0,4,17,195,2,1,0,72,0,246,78,111,0,0,8,8,102,10,0,0,33,63,76,53,63,28,187,254,5,69,196,17,195,1,53,63,93,254,28,68,129,0,0,0,4,17,195,2,1,0,76,0,86,223,120,0,0,8,8,103,10,0,0,33,57,76,53,63,28,158,254,3,69,196,198,56,0,124,254,32,68,129,0,0,25,0,198,56,3,1,0,80,0,197,176,122,0,0,12,17,63,1,0,12,17,39,0,9,5,2,1,198,56,29,170,254,5,69,196,17,195,1,53,63,93,254,28,68,129,0,0,0,4,17,195,2,1,0,72,0,142,99,130,0,0,8,8,104,10,0,0,33,68,76,53,63,28,118,254,1,100,1,0,100,254,3,68,128,0,1,2,196,254,28,68,129,0,0,0,4,17,195,2,1,0,72,0,249,225,139,0,0,8,8,105,10,0,0,33,57,76,53,63,28,246,254,28,68,129,0,0,0,4,17,195,2,1,0,72,0,107,91,149,0,0,8,8,106,10,0,0,33,52,76,53,63,28,206,254,28,68,129,0,0,0,4,17,195,2,1,0,83,0,233,228,158,0,0,8,8,107,10,0,0,33,63,76,53,63,28,233,254,28,68,129,0,0,0,4,17,195,2,1,0,91,0,123,102,168,0,0,8,8,108,10,0,0,33,57,76,53,63,28,198,254,28,68,129,0,0,0,4,17,195,2,1,0,83,0,168,245,177,0,0,8,8,109,10,0,0,33,52,76,53,63,28,155,254,64,68,129,0,0,0,0,140,102,1,1,0,178,0,138,44,187,0,0,44,24,139,10,1,255,66,37,1,33,199,11,4,33,168,19,5,33,6,0,6,36,1,0,0,0,0,100,41,153,9,101,33,254,14,102,43,50,128,1,0,10,33,0,0,140,102,29,212,254,5,69,196,17,195,1,53,63,93,254,28,68,129,0,0,0,4,17,195,2,1,0,83,0,12,133,187,0,0,8,8,110,10,0,0,33,57,76,53,63,28,75,254,5,69,196,17,195,1,53,63,93,254,28,68,129,0,0,0,4,17,195,2,1,0,80,0,223,6,197,0,0,8,8,111,10,0,0,33,63,76,53,63,28,97,254,5,69,196,17,195,1,53,63,93,254,28,68,129,0,0,0,4,17,195,2,1,0,87,0,46,144,206,0,0,8,8,112,10,0,0,33,57,76,53,63,28,19,254,5,69,196,17,195,1,53,63,93,254,28,68,129,0,0,0,4,17,195,2,1,0,83,0,85,18,216,0,0,8,8,113,10,0,0,33,63,76,53,63,28,255,254,5,69,196,17,195,1,53,63,93,254,28,68,129,0,0,0,4,17,195,2,1,0,87,0,186,147,225,0,0,8,8,114,10,0,0,33,68,76,53,63,28,212,254,5,69,196,17,195,1,53,63,93,254,28,68,129,0,0,0,4,17,195,2,1,0,87,0,119,50,235,0,0,8,8,115,10,0,0,33,73,76,53,63,28,190,254,5,69,196,17,195,1,53,63,93,254,28,68,129,0,0,0,4,17,195,2,1,0,87,0,153,182,4,0,0,8,8,116,10,0,0,33,68,76,53,63,28,49,254,5,69,196,17,195,1,53,63,93,254,28,68,129,0,0,0,4,17,195,2,1,0,87,0,45,69,14,0,0,8,8,117,10,0,0,33,63,76,53,63,28,6,254,5,69,196,17,195,1,53,63,93,254,28,68,129,0,0,0,4,17,195,2,1,0,83,0,166,214,23,0,0,8,8,118,10,0,0,33,57,76,53,63,28,6,254,5,69,196,17,195,1,53,63,93,254,28,68,129,0,0,0,4,17,195,2,1,0,83,0,175,43,38,0,0,8,8,119,10,0,0,33,63,76,53,63,28,196]
[2026-03-12 13:05:09] debug: 	zh:zstack:unpi:parser: --> parsed 5 - 2 - 5 - 196 - [17,195,1,53,63] - 93
[2026-03-12 13:05:09] debug: 	zh:zstack:znp: <-- AREQ: ZDO - srcRtgInd
[2026-03-12 13:05:09] debug: 	zh:zstack:unpi:parser: --- parseNext [254,28,68,129,0,0,0,4,17,195,2,1,0,80,0,14,68,49,0,0,8,8,96,10,0,0,33,253,74,53,63,28,205,254,5,69,196,17,195,1,53,63,93,254,28,68,129,0,0,0,4,17,195,2,1,0,76,0,220,189,58,0,0,8,8,97,10,0,0,33,26,75,53,63,28,22,254,5,69,196,17,195,1,53,63,93,254,28,68,129,0,0,0,4,17,195,2,1,0,58,0,60,64,68,0,0,8,8,98,10,0,0,33,54,75,53,63,28,44,254,3,69,196,65,229,0,38,254,32,68,129,0,0,25,0,65,229,1,13,0,204,0,83,12,75,0,0,12,1,11,1,0,102,17,32,1,48,106,2,32,65,229,29,28,254,32,68,129,0,0,25,0,65,229,1,13,0,204,0,59,227,77,0,0,12,1,12,1,0,102,17,32,1,48,106,2,32,65,229,29,154,254,5,69,196,17,195,1,53,63,93,254,28,68,129,0,0,0,4,17,195,2,1,0,61,0,88,12,78,0,0,8,8,99,10,0,0,33,60,75,53,63,28,2,254,32,68,129,0,0,25,0,65,229,1,13,0,204,0,205,197,80,0,0,12,1,13,1,0,102,17,32,1,48,106,2,32,65,229,29,86,254,32,68,129,0,0,25,0,65,229,1,13,0,204,0,75,168,83,0,0,12,1,14,1,0,102,17,32,1,48,106,2,32,65,229,29,189,254,32,68,129,0,0,25,0,65,229,1,13,0,200,0,218,138,86,0,0,12,1,15,1,0,102,17,32,1,48,106,2,32,65,229,29,14,254,5,69,196,17,195,1,53,63,93,254,28,68,129,0,0,0,4,17,195,2,1,0,65,0,216,143,87,0,0,8,8,100,10,0,0,33,54,75,53,63,28,105,254,12,69,202,17,195,141,115,22,9,1,136,23,0,53,63,36,254,12,69,202,17,195,141,115,22,9,1,136,23,0,53,63,36,254,13,69,193,17,195,17,195,141,115,22,9,1,136,23,0,128,118,254,5,69,196,17,195,1,53,63,93,254,28,68,129,0,0,0,4,17,195,2,1,0,80,0,235,242,96,0,0,8,8,101,10,0,0,33,79,76,53,63,28,126,254,5,69,196,17,195,1,53,63,93,254,28,68,129,0,0,0,4,17,195,2,1,0,72,0,246,78,111,0,0,8,8,102,10,0,0,33,63,76,53,63,28,187,254,5,69,196,17,195,1,53,63,93,254,28,68,129,0,0,0,4,17,195,2,1,0,76,0,86,223,120,0,0,8,8,103,10,0,0,33,57,76,53,63,28,158,254,3,69,196,198,56,0,124,254,32,68,129,0,0,25,0,198,56,3,1,0,80,0,197,176,122,0,0,12,17,63,1,0,12,17,39,0,9,5,2,1,198,56,29,170,254,5,69,196,17,195,1,53,63,93,254,28,68,129,0,0,0,4,17,195,2,1,0,72,0,142,99,130,0,0,8,8,104,10,0,0,33,68,76,53,63,28,118,254,1,100,1,0,100,254,3,68,128,0,1,2,196,254,28,68,129,0,0,0,4,17,195,2,1,0,72,0,249,225,139,0,0,8,8,105,10,0,0,33,57,76,53,63,28,246,254,28,68,129,0,0,0,4,17,195,2,1,0,72,0,107,91,149,0,0,8,8,106,10,0,0,33,52,76,53,63,28,206,254,28,68,129,0,0,0,4,17,195,2,1,0,83,0,233,228,158,0,0,8,8,107,10,0,0,33,63,76,53,63,28,233,254,28,68,129,0,0,0,4,17,195,2,1,0,91,0,123,102,168,0,0,8,8,108,10,0,0,33,57,76,53,63,28,198,254,28,68,129,0,0,0,4,17,195,2,1,0,83,0,168,245,177,0,0,8,8,109,10,0,0,33,52,76,53,63,28,155,254,64,68,129,0,0,0,0,140,102,1,1,0,178,0,138,44,187,0,0,44,24,139,10,1,255,66,37,1,33,199,11,4,33,168,19,5,33,6,0,6,36,1,0,0,0,0,100,41,153,9,101,33,254,14,102,43,50,128,1,0,10,33,0,0,140,102,29,212,254,5,69,196,17,195,1,53,63,93,254,28,68,129,0,0,0,4,17,195,2,1,0,83,0,12,133,187,0,0,8,8,110,10,0,0,33,57,76,53,63,28,75,254,5,69,196,17,195,1,53,63,93,254,28,68,129,0,0,0,4,17,195,2,1,0,80,0,223,6,197,0,0,8,8,111,10,0,0,33,63,76,53,63,28,97,254,5,69,196,17,195,1,53,63,93,254,28,68,129,0,0,0,4,17,195,2,1,0,87,0,46,144,206,0,0,8,8,112,10,0,0,33,57,76,53,63,28,19,254,5,69,196,17,195,1,53,63,93,254,28,68,129,0,0,0,4,17,195,2,1,0,83,0,85,18,216,0,0,8,8,113,10,0,0,33,63,76,53,63,28,255,254,5,69,196,17,195,1,53,63,93,254,28,68,129,0,0,0,4,17,195,2,1,0,87,0,186,147,225,0,0,8,8,114,10,0,0,33,68,76,53,63,28,212,254,5,69,196,17,195,1,53,63,93,254,28,68,129,0,0,0,4,17,195,2,1,0,87,0,119,50,235,0,0,8,8,115,10,0,0,33,73,76,53,63,28,190,254,5,69,196,17,195,1,53,63,93,254,28,68,129,0,0,0,4,17,195,2,1,0,87,0,153,182,4,0,0,8,8,116,10,0,0,33,68,76,53,63,28,49,254,5,69,196,17,195,1,53,63,93,254,28,68,129,0,0,0,4,17,195,2,1,0,87,0,45,69,14,0,0,8,8,117,10,0,0,33,63,76,53,63,28,6,254,5,69,196,17,195,1,53,63,93,254,28,68,129,0,0,0,4,17,195,2,1,0,83,0,166,214,23,0,0,8,8,118,10,0,0,33,57,76,53,63,28,6,254,5,69,196,17,195,1,53,63,93,254,28,68,129,0,0,0,4,17,195,2,1,0,83,0,175,43,38,0,0,8,8,119,10,0,0,33,63,76,53,63,28,196]
[2026-03-12 13:05:09] debug: 	zh:zstack:unpi:parser: --> parsed 28 - 2 - 4 - 129 - [0,0,0,4,17,195,2,1,0,80,0,14,68,49,0,0,8,8,96,10,0,0,33,253,74,53,63,28] - 205
[2026-03-12 13:05:09] debug: 	zh:zstack:znp: <-- AREQ: AF - incomingMsg - {"groupid":0,"clusterid":1024,"srcaddr":49937,"srcendpoint":2,"dstendpoint":1,"wasbroadcast":0,"linkquality":80,"securityuse":0,"timestamp":3228686,"transseqnumber":0,"len":8,"data":{"type":"Buffer","data":[8,96,10,0,0,33,253,74]}}
[2026-03-12 13:05:09] debug: 	zh:controller: Received payload: clusterID=1024, address=49937, groupID=0, endpoint=2, destinationEndpoint=1, wasBroadcast=false, linkQuality=80, frame={"header":{"frameControl":{"frameType":0,"manufacturerSpecific":false,"direction":1,"disableDefaultResponse":false,"reservedBits":0},"transactionSequenceNumber":96,"commandIdentifier":10},"payload":[{"attrId":0,"dataType":33,"attrData":19197}],"command":{"ID":10,"name":"report","parameters":[{"name":"attrId","type":9},{"name":"dataType","type":8},{"name":"attrData","type":1000}]}}
[2026-03-12 13:05:09] debug: 	zh:controller:endpoint: ZCL command 0x001788010916738d/2 msIlluminanceMeasurement.defaultRsp({"cmdId":10,"statusCode":0}, {"timeout":10000,"disableResponse":false,"disableRecovery":false,"disableDefaultResponse":true,"direction":1,"reservedBits":0,"transactionSequenceNumber":96,"writeUndiv":false})
[2026-03-12 13:05:09] debug: 	zh:zstack:unpi:parser: --- parseNext [254,5,69,196,17,195,1,53,63,93,254,28,68,129,0,0,0,4,17,195,2,1,0,76,0,220,189,58,0,0,8,8,97,10,0,0,33,26,75,53,63,28,22,254,5,69,196,17,195,1,53,63,93,254,28,68,129,0,0,0,4,17,195,2,1,0,58,0,60,64,68,0,0,8,8,98,10,0,0,33,54,75,53,63,28,44,254,3,69,196,65,229,0,38,254,32,68,129,0,0,25,0,65,229,1,13,0,204,0,83,12,75,0,0,12,1,11,1,0,102,17,32,1,48,106,2,32,65,229,29,28,254,32,68,129,0,0,25,0,65,229,1,13,0,204,0,59,227,77,0,0,12,1,12,1,0,102,17,32,1,48,106,2,32,65,229,29,154,254,5,69,196,17,195,1,53,63,93,254,28,68,129,0,0,0,4,17,195,2,1,0,61,0,88,12,78,0,0,8,8,99,10,0,0,33,60,75,53,63,28,2,254,32,68,129,0,0,25,0,65,229,1,13,0,204,0,205,197,80,0,0,12,1,13,1,0,102,17,32,1,48,106,2,32,65,229,29,86,254,32,68,129,0,0,25,0,65,229,1,13,0,204,0,75,168,83,0,0,12,1,14,1,0,102,17,32,1,48,106,2,32,65,229,29,189,254,32,68,129,0,0,25,0,65,229,1,13,0,200,0,218,138,86,0,0,12,1,15,1,0,102,17,32,1,48,106,2,32,65,229,29,14,254,5,69,196,17,195,1,53,63,93,254,28,68,129,0,0,0,4,17,195,2,1,0,65,0,216,143,87,0,0,8,8,100,10,0,0,33,54,75,53,63,28,105,254,12,69,202,17,195,141,115,22,9,1,136,23,0,53,63,36,254,12,69,202,17,195,141,115,22,9,1,136,23,0,53,63,36,254,13,69,193,17,195,17,195,141,115,22,9,1,136,23,0,128,118,254,5,69,196,17,195,1,53,63,93,254,28,68,129,0,0,0,4,17,195,2,1,0,80,0,235,242,96,0,0,8,8,101,10,0,0,33,79,76,53,63,28,126,254,5,69,196,17,195,1,53,63,93,254,28,68,129,0,0,0,4,17,195,2,1,0,72,0,246,78,111,0,0,8,8,102,10,0,0,33,63,76,53,63,28,187,254,5,69,196,17,195,1,53,63,93,254,28,68,129,0,0,0,4,17,195,2,1,0,76,0,86,223,120,0,0,8,8,103,10,0,0,33,57,76,53,63,28,158,254,3,69,196,198,56,0,124,254,32,68,129,0,0,25,0,198,56,3,1,0,80,0,197,176,122,0,0,12,17,63,1,0,12,17,39,0,9,5,2,1,198,56,29,170,254,5,69,196,17,195,1,53,63,93,254,28,68,129,0,0,0,4,17,195,2,1,0,72,0,142,99,130,0,0,8,8,104,10,0,0,33,68,76,53,63,28,118,254,1,100,1,0,100,254,3,68,128,0,1,2,196,254,28,68,129,0,0,0,4,17,195,2,1,0,72,0,249,225,139,0,0,8,8,105,10,0,0,33,57,76,53,63,28,246,254,28,68,129,0,0,0,4,17,195,2,1,0,72,0,107,91,149,0,0,8,8,106,10,0,0,33,52,76,53,63,28,206,254,28,68,129,0,0,0,4,17,195,2,1,0,83,0,233,228,158,0,0,8,8,107,10,0,0,33,63,76,53,63,28,233,254,28,68,129,0,0,0,4,17,195,2,1,0,91,0,123,102,168,0,0,8,8,108,10,0,0,33,57,76,53,63,28,198,254,28,68,129,0,0,0,4,17,195,2,1,0,83,0,168,245,177,0,0,8,8,109,10,0,0,33,52,76,53,63,28,155,254,64,68,129,0,0,0,0,140,102,1,1,0,178,0,138,44,187,0,0,44,24,139,10,1,255,66,37,1,33,199,11,4,33,168,19,5,33,6,0,6,36,1,0,0,0,0,100,41,153,9,101,33,254,14,102,43,50,128,1,0,10,33,0,0,140,102,29,212,254,5,69,196,17,195,1,53,63,93,254,28,68,129,0,0,0,4,17,195,2,1,0,83,0,12,133,187,0,0,8,8,110,10,0,0,33,57,76,53,63,28,75,254,5,69,196,17,195,1,53,63,93,254,28,68,129,0,0,0,4,17,195,2,1,0,80,0,223,6,197,0,0,8,8,111,10,0,0,33,63,76,53,63,28,97,254,5,69,196,17,195,1,53,63,93,254,28,68,129,0,0,0,4,17,195,2,1,0,87,0,46,144,206,0,0,8,8,112,10,0,0,33,57,76,53,63,28,19,254,5,69,196,17,195,1,53,63,93,254,28,68,129,0,0,0,4,17,195,2,1,0,83,0,85,18,216,0,0,8,8,113,10,0,0,33,63,76,53,63,28,255,254,5,69,196,17,195,1,53,63,93,254,28,68,129,0,0,0,4,17,195,2,1,0,87,0,186,147,225,0,0,8,8,114,10,0,0,33,68,76,53,63,28,212,254,5,69,196,17,195,1,53,63,93,254,28,68,129,0,0,0,4,17,195,2,1,0,87,0,119,50,235,0,0,8,8,115,10,0,0,33,73,76,53,63,28,190,254,5,69,196,17,195,1,53,63,93,254,28,68,129,0,0,0,4,17,195,2,1,0,87,0,153,182,4,0,0,8,8,116,10,0,0,33,68,76,53,63,28,49,254,5,69,196,17,195,1,53,63,93,254,28,68,129,0,0,0,4,17,195,2,1,0,87,0,45,69,14,0,0,8,8,117,10,0,0,33,63,76,53,63,28,6,254,5,69,196,17,195,1,53,63,93,254,28,68,129,0,0,0,4,17,195,2,1,0,83,0,166,214,23,0,0,8,8,118,10,0,0,33,57,76,53,63,28,6,254,5,69,196,17,195,1,53,63,93,254,28,68,129,0,0,0,4,17,195,2,1,0,83,0,175,43,38,0,0,8,8,119,10,0,0,33,63,76,53,63,28,196]
[2026-03-12 13:05:09] debug: 	zh:zstack:unpi:parser: --> parsed 5 - 2 - 5 - 196 - [17,195,1,53,63] - 93
[2026-03-12 13:05:09] debug: 	zh:zstack:znp: <-- AREQ: ZDO - srcRtgInd
[2026-03-12 13:05:09] debug: 	zh:zstack:unpi:parser: --- parseNext [254,28,68,129,0,0,0,4,17,195,2,1,0,76,0,220,189,58,0,0,8,8,97,10,0,0,33,26,75,53,63,28,22,254,5,69,196,17,195,1,53,63,93,254,28,68,129,0,0,0,4,17,195,2,1,0,58,0,60,64,68,0,0,8,8,98,10,0,0,33,54,75,53,63,28,44,254,3,69,196,65,229,0,38,254,32,68,129,0,0,25,0,65,229,1,13,0,204,0,83,12,75,0,0,12,1,11,1,0,102,17,32,1,48,106,2,32,65,229,29,28,254,32,68,129,0,0,25,0,65,229,1,13,0,204,0,59,227,77,0,0,12,1,12,1,0,102,17,32,1,48,106,2,32,65,229,29,154,254,5,69,196,17,195,1,53,63,93,254,28,68,129,0,0,0,4,17,195,2,1,0,61,0,88,12,78,0,0,8,8,99,10,0,0,33,60,75,53,63,28,2,254,32,68,129,0,0,25,0,65,229,1,13,0,204,0,205,197,80,0,0,12,1,13,1,0,102,17,32,1,48,106,2,32,65,229,29,86,254,32,68,129,0,0,25,0,65,229,1,13,0,204,0,75,168,83,0,0,12,1,14,1,0,102,17,32,1,48,106,2,32,65,229,29,189,254,32,68,129,0,0,25,0,65,229,1,13,0,200,0,218,138,86,0,0,12,1,15,1,0,102,17,32,1,48,106,2,32,65,229,29,14,254,5,69,196,17,195,1,53,63,93,254,28,68,129,0,0,0,4,17,195,2,1,0,65,0,216,143,87,0,0,8,8,100,10,0,0,33,54,75,53,63,28,105,254,12,69,202,17,195,141,115,22,9,1,136,23,0,53,63,36,254,12,69,202,17,195,141,115,22,9,1,136,23,0,53,63,36,254,13,69,193,17,195,17,195,141,115,22,9,1,136,23,0,128,118,254,5,69,196,17,195,1,53,63,93,254,28,68,129,0,0,0,4,17,195,2,1,0,80,0,235,242,96,0,0,8,8,101,10,0,0,33,79,76,53,63,28,126,254,5,69,196,17,195,1,53,63,93,254,28,68,129,0,0,0,4,17,195,2,1,0,72,0,246,78,111,0,0,8,8,102,10,0,0,33,63,76,53,63,28,187,254,5,69,196,17,195,1,53,63,93,254,28,68,129,0,0,0,4,17,195,2,1,0,76,0,86,223,120,0,0,8,8,103,10,0,0,33,57,76,53,63,28,158,254,3,69,196,198,56,0,124,254,32,68,129,0,0,25,0,198,56,3,1,0,80,0,197,176,122,0,0,12,17,63,1,0,12,17,39,0,9,5,2,1,198,56,29,170,254,5,69,196,17,195,1,53,63,93,254,28,68,129,0,0,0,4,17,195,2,1,0,72,0,142,99,130,0,0,8,8,104,10,0,0,33,68,76,53,63,28,118,254,1,100,1,0,100,254,3,68,128,0,1,2,196,254,28,68,129,0,0,0,4,17,195,2,1,0,72,0,249,225,139,0,0,8,8,105,10,0,0,33,57,76,53,63,28,246,254,28,68,129,0,0,0,4,17,195,2,1,0,72,0,107,91,149,0,0,8,8,106,10,0,0,33,52,76,53,63,28,206,254,28,68,129,0,0,0,4,17,195,2,1,0,83,0,233,228,158,0,0,8,8,107,10,0,0,33,63,76,53,63,28,233,254,28,68,129,0,0,0,4,17,195,2,1,0,91,0,123,102,168,0,0,8,8,108,10,0,0,33,57,76,53,63,28,198,254,28,68,129,0,0,0,4,17,195,2,1,0,83,0,168,245,177,0,0,8,8,109,10,0,0,33,52,76,53,63,28,155,254,64,68,129,0,0,0,0,140,102,1,1,0,178,0,138,44,187,0,0,44,24,139,10,1,255,66,37,1,33,199,11,4,33,168,19,5,33,6,0,6,36,1,0,0,0,0,100,41,153,9,101,33,254,14,102,43,50,128,1,0,10,33,0,0,140,102,29,212,254,5,69,196,17,195,1,53,63,93,254,28,68,129,0,0,0,4,17,195,2,1,0,83,0,12,133,187,0,0,8,8,110,10,0,0,33,57,76,53,63,28,75,254,5,69,196,17,195,1,53,63,93,254,28,68,129,0,0,0,4,17,195,2,1,0,80,0,223,6,197,0,0,8,8,111,10,0,0,33,63,76,53,63,28,97,254,5,69,196,17,195,1,53,63,93,254,28,68,129,0,0,0,4,17,195,2,1,0,87,0,46,144,206,0,0,8,8,112,10,0,0,33,57,76,53,63,28,19,254,5,69,196,17,195,1,53,63,93,254,28,68,129,0,0,0,4,17,195,2,1,0,83,0,85,18,216,0,0,8,8,113,10,0,0,33,63,76,53,63,28,255,254,5,69,196,17,195,1,53,63,93,254,28,68,129,0,0,0,4,17,195,2,1,0,87,0,186,147,225,0,0,8,8,114,10,0,0,33,68,76,53,63,28,212,254,5,69,196,17,195,1,53,63,93,254,28,68,129,0,0,0,4,17,195,2,1,0,87,0,119,50,235,0,0,8,8,115,10,0,0,33,73,76,53,63,28,190,254,5,69,196,17,195,1,53,63,93,254,28,68,129,0,0,0,4,17,195,2,1,0,87,0,153,182,4,0,0,8,8,116,10,0,0,33,68,76,53,63,28,49,254,5,69,196,17,195,1,53,63,93,254,28,68,129,0,0,0,4,17,195,2,1,0,87,0,45,69,14,0,0,8,8,117,10,0,0,33,63,76,53,63,28,6,254,5,69,196,17,195,1,53,63,93,254,28,68,129,0,0,0,4,17,195,2,1,0,83,0,166,214,23,0,0,8,8,118,10,0,0,33,57,76,53,63,28,6,254,5,69,196,17,195,1,53,63,93,254,28,68,129,0,0,0,4,17,195,2,1,0,83,0,175,43,38,0,0,8,8,119,10,0,0,33,63,76,53,63,28,196]
[2026-03-12 13:05:09] debug: 	zh:zstack:unpi:parser: --> parsed 28 - 2 - 4 - 129 - [0,0,0,4,17,195,2,1,0,76,0,220,189,58,0,0,8,8,97,10,0,0,33,26,75,53,63,28] - 22
[2026-03-12 13:05:09] debug: 	zh:zstack:znp: <-- AREQ: AF - incomingMsg - {"groupid":0,"clusterid":1024,"srcaddr":49937,"srcendpoint":2,"dstendpoint":1,"wasbroadcast":0,"linkquality":76,"securityuse":0,"timestamp":3849692,"transseqnumber":0,"len":8,"data":{"type":"Buffer","data":[8,97,10,0,0,33,26,75]}}
[2026-03-12 13:05:09] debug: 	zh:controller: Received payload: clusterID=1024, address=49937, groupID=0, endpoint=2, destinationEndpoint=1, wasBroadcast=false, linkQuality=76, frame={"header":{"frameControl":{"frameType":0,"manufacturerSpecific":false,"direction":1,"disableDefaultResponse":false,"reservedBits":0},"transactionSequenceNumber":97,"commandIdentifier":10},"payload":[{"attrId":0,"dataType":33,"attrData":19226}],"command":{"ID":10,"name":"report","parameters":[{"name":"attrId","type":9},{"name":"dataType","type":8},{"name":"attrData","type":1000}]}}
[2026-03-12 13:05:09] debug: 	zh:controller:endpoint: ZCL command 0x001788010916738d/2 msIlluminanceMeasurement.defaultRsp({"cmdId":10,"statusCode":0}, {"timeout":10000,"disableResponse":false,"disableRecovery":false,"disableDefaultResponse":true,"direction":1,"reservedBits":0,"transactionSequenceNumber":97,"writeUndiv":false})
[2026-03-12 13:05:09] debug: 	zh:zstack:unpi:parser: --- parseNext [254,5,69,196,17,195,1,53,63,93,254,28,68,129,0,0,0,4,17,195,2,1,0,58,0,60,64,68,0,0,8,8,98,10,0,0,33,54,75,53,63,28,44,254,3,69,196,65,229,0,38,254,32,68,129,0,0,25,0,65,229,1,13,0,204,0,83,12,75,0,0,12,1,11,1,0,102,17,32,1,48,106,2,32,65,229,29,28,254,32,68,129,0,0,25,0,65,229,1,13,0,204,0,59,227,77,0,0,12,1,12,1,0,102,17,32,1,48,106,2,32,65,229,29,154,254,5,69,196,17,195,1,53,63,93,254,28,68,129,0,0,0,4,17,195,2,1,0,61,0,88,12,78,0,0,8,8,99,10,0,0,33,60,75,53,63,28,2,254,32,68,129,0,0,25,0,65,229,1,13,0,204,0,205,197,80,0,0,12,1,13,1,0,102,17,32,1,48,106,2,32,65,229,29,86,254,32,68,129,0,0,25,0,65,229,1,13,0,204,0,75,168,83,0,0,12,1,14,1,0,102,17,32,1,48,106,2,32,65,229,29,189,254,32,68,129,0,0,25,0,65,229,1,13,0,200,0,218,138,86,0,0,12,1,15,1,0,102,17,32,1,48,106,2,32,65,229,29,14,254,5,69,196,17,195,1,53,63,93,254,28,68,129,0,0,0,4,17,195,2,1,0,65,0,216,143,87,0,0,8,8,100,10,0,0,33,54,75,53,63,28,105,254,12,69,202,17,195,141,115,22,9,1,136,23,0,53,63,36,254,12,69,202,17,195,141,115,22,9,1,136,23,0,53,63,36,254,13,69,193,17,195,17,195,141,115,22,9,1,136,23,0,128,118,254,5,69,196,17,195,1,53,63,93,254,28,68,129,0,0,0,4,17,195,2,1,0,80,0,235,242,96,0,0,8,8,101,10,0,0,33,79,76,53,63,28,126,254,5,69,196,17,195,1,53,63,93,254,28,68,129,0,0,0,4,17,195,2,1,0,72,0,246,78,111,0,0,8,8,102,10,0,0,33,63,76,53,63,28,187,254,5,69,196,17,195,1,53,63,93,254,28,68,129,0,0,0,4,17,195,2,1,0,76,0,86,223,120,0,0,8,8,103,10,0,0,33,57,76,53,63,28,158,254,3,69,196,198,56,0,124,254,32,68,129,0,0,25,0,198,56,3,1,0,80,0,197,176,122,0,0,12,17,63,1,0,12,17,39,0,9,5,2,1,198,56,29,170,254,5,69,196,17,195,1,53,63,93,254,28,68,129,0,0,0,4,17,195,2,1,0,72,0,142,99,130,0,0,8,8,104,10,0,0,33,68,76,53,63,28,118,254,1,100,1,0,100,254,3,68,128,0,1,2,196,254,28,68,129,0,0,0,4,17,195,2,1,0,72,0,249,225,139,0,0,8,8,105,10,0,0,33,57,76,53,63,28,246,254,28,68,129,0,0,0,4,17,195,2,1,0,72,0,107,91,149,0,0,8,8,106,10,0,0,33,52,76,53,63,28,206,254,28,68,129,0,0,0,4,17,195,2,1,0,83,0,233,228,158,0,0,8,8,107,10,0,0,33,63,76,53,63,28,233,254,28,68,129,0,0,0,4,17,195,2,1,0,91,0,123,102,168,0,0,8,8,108,10,0,0,33,57,76,53,63,28,198,254,28,68,129,0,0,0,4,17,195,2,1,0,83,0,168,245,177,0,0,8,8,109,10,0,0,33,52,76,53,63,28,155,254,64,68,129,0,0,0,0,140,102,1,1,0,178,0,138,44,187,0,0,44,24,139,10,1,255,66,37,1,33,199,11,4,33,168,19,5,33,6,0,6,36,1,0,0,0,0,100,41,153,9,101,33,254,14,102,43,50,128,1,0,10,33,0,0,140,102,29,212,254,5,69,196,17,195,1,53,63,93,254,28,68,129,0,0,0,4,17,195,2,1,0,83,0,12,133,187,0,0,8,8,110,10,0,0,33,57,76,53,63,28,75,254,5,69,196,17,195,1,53,63,93,254,28,68,129,0,0,0,4,17,195,2,1,0,80,0,223,6,197,0,0,8,8,111,10,0,0,33,63,76,53,63,28,97,254,5,69,196,17,195,1,53,63,93,254,28,68,129,0,0,0,4,17,195,2,1,0,87,0,46,144,206,0,0,8,8,112,10,0,0,33,57,76,53,63,28,19,254,5,69,196,17,195,1,53,63,93,254,28,68,129,0,0,0,4,17,195,2,1,0,83,0,85,18,216,0,0,8,8,113,10,0,0,33,63,76,53,63,28,255,254,5,69,196,17,195,1,53,63,93,254,28,68,129,0,0,0,4,17,195,2,1,0,87,0,186,147,225,0,0,8,8,114,10,0,0,33,68,76,53,63,28,212,254,5,69,196,17,195,1,53,63,93,254,28,68,129,0,0,0,4,17,195,2,1,0,87,0,119,50,235,0,0,8,8,115,10,0,0,33,73,76,53,63,28,190,254,5,69,196,17,195,1,53,63,93,254,28,68,129,0,0,0,4,17,195,2,1,0,87,0,153,182,4,0,0,8,8,116,10,0,0,33,68,76,53,63,28,49,254,5,69,196,17,195,1,53,63,93,254,28,68,129,0,0,0,4,17,195,2,1,0,87,0,45,69,14,0,0,8,8,117,10,0,0,33,63,76,53,63,28,6,254,5,69,196,17,195,1,53,63,93,254,28,68,129,0,0,0,4,17,195,2,1,0,83,0,166,214,23,0,0,8,8,118,10,0,0,33,57,76,53,63,28,6,254,5,69,196,17,195,1,53,63,93,254,28,68,129,0,0,0,4,17,195,2,1,0,83,0,175,43,38,0,0,8,8,119,10,0,0,33,63,76,53,63,28,196]
[2026-03-12 13:05:09] debug: 	zh:zstack:unpi:parser: --> parsed 5 - 2 - 5 - 196 - [17,195,1,53,63] - 93
[2026-03-12 13:05:09] debug: 	zh:zstack:znp: <-- AREQ: ZDO - srcRtgInd
[2026-03-12 13:05:09] debug: 	zh:zstack:unpi:parser: --- parseNext [254,28,68,129,0,0,0,4,17,195,2,1,0,58,0,60,64,68,0,0,8,8,98,10,0,0,33,54,75,53,63,28,44,254,3,69,196,65,229,0,38,254,32,68,129,0,0,25,0,65,229,1,13,0,204,0,83,12,75,0,0,12,1,11,1,0,102,17,32,1,48,106,2,32,65,229,29,28,254,32,68,129,0,0,25,0,65,229,1,13,0,204,0,59,227,77,0,0,12,1,12,1,0,102,17,32,1,48,106,2,32,65,229,29,154,254,5,69,196,17,195,1,53,63,93,254,28,68,129,0,0,0,4,17,195,2,1,0,61,0,88,12,78,0,0,8,8,99,10,0,0,33,60,75,53,63,28,2,254,32,68,129,0,0,25,0,65,229,1,13,0,204,0,205,197,80,0,0,12,1,13,1,0,102,17,32,1,48,106,2,32,65,229,29,86,254,32,68,129,0,0,25,0,65,229,1,13,0,204,0,75,168,83,0,0,12,1,14,1,0,102,17,32,1,48,106,2,32,65,229,29,189,254,32,68,129,0,0,25,0,65,229,1,13,0,200,0,218,138,86,0,0,12,1,15,1,0,102,17,32,1,48,106,2,32,65,229,29,14,254,5,69,196,17,195,1,53,63,93,254,28,68,129,0,0,0,4,17,195,2,1,0,65,0,216,143,87,0,0,8,8,100,10,0,0,33,54,75,53,63,28,105,254,12,69,202,17,195,141,115,22,9,1,136,23,0,53,63,36,254,12,69,202,17,195,141,115,22,9,1,136,23,0,53,63,36,254,13,69,193,17,195,17,195,141,115,22,9,1,136,23,0,128,118,254,5,69,196,17,195,1,53,63,93,254,28,68,129,0,0,0,4,17,195,2,1,0,80,0,235,242,96,0,0,8,8,101,10,0,0,33,79,76,53,63,28,126,254,5,69,196,17,195,1,53,63,93,254,28,68,129,0,0,0,4,17,195,2,1,0,72,0,246,78,111,0,0,8,8,102,10,0,0,33,63,76,53,63,28,187,254,5,69,196,17,195,1,53,63,93,254,28,68,129,0,0,0,4,17,195,2,1,0,76,0,86,223,120,0,0,8,8,103,10,0,0,33,57,76,53,63,28,158,254,3,69,196,198,56,0,124,254,32,68,129,0,0,25,0,198,56,3,1,0,80,0,197,176,122,0,0,12,17,63,1,0,12,17,39,0,9,5,2,1,198,56,29,170,254,5,69,196,17,195,1,53,63,93,254,28,68,129,0,0,0,4,17,195,2,1,0,72,0,142,99,130,0,0,8,8,104,10,0,0,33,68,76,53,63,28,118,254,1,100,1,0,100,254,3,68,128,0,1,2,196,254,28,68,129,0,0,0,4,17,195,2,1,0,72,0,249,225,139,0,0,8,8,105,10,0,0,33,57,76,53,63,28,246,254,28,68,129,0,0,0,4,17,195,2,1,0,72,0,107,91,149,0,0,8,8,106,10,0,0,33,52,76,53,63,28,206,254,28,68,129,0,0,0,4,17,195,2,1,0,83,0,233,228,158,0,0,8,8,107,10,0,0,33,63,76,53,63,28,233,254,28,68,129,0,0,0,4,17,195,2,1,0,91,0,123,102,168,0,0,8,8,108,10,0,0,33,57,76,53,63,28,198,254,28,68,129,0,0,0,4,17,195,2,1,0,83,0,168,245,177,0,0,8,8,109,10,0,0,33,52,76,53,63,28,155,254,64,68,129,0,0,0,0,140,102,1,1,0,178,0,138,44,187,0,0,44,24,139,10,1,255,66,37,1,33,199,11,4,33,168,19,5,33,6,0,6,36,1,0,0,0,0,100,41,153,9,101,33,254,14,102,43,50,128,1,0,10,33,0,0,140,102,29,212,254,5,69,196,17,195,1,53,63,93,254,28,68,129,0,0,0,4,17,195,2,1,0,83,0,12,133,187,0,0,8,8,110,10,0,0,33,57,76,53,63,28,75,254,5,69,196,17,195,1,53,63,93,254,28,68,129,0,0,0,4,17,195,2,1,0,80,0,223,6,197,0,0,8,8,111,10,0,0,33,63,76,53,63,28,97,254,5,69,196,17,195,1,53,63,93,254,28,68,129,0,0,0,4,17,195,2,1,0,87,0,46,144,206,0,0,8,8,112,10,0,0,33,57,76,53,63,28,19,254,5,69,196,17,195,1,53,63,93,254,28,68,129,0,0,0,4,17,195,2,1,0,83,0,85,18,216,0,0,8,8,113,10,0,0,33,63,76,53,63,28,255,254,5,69,196,17,195,1,53,63,93,254,28,68,129,0,0,0,4,17,195,2,1,0,87,0,186,147,225,0,0,8,8,114,10,0,0,33,68,76,53,63,28,212,254,5,69,196,17,195,1,53,63,93,254,28,68,129,0,0,0,4,17,195,2,1,0,87,0,119,50,235,0,0,8,8,115,10,0,0,33,73,76,53,63,28,190,254,5,69,196,17,195,1,53,63,93,254,28,68,129,0,0,0,4,17,195,2,1,0,87,0,153,182,4,0,0,8,8,116,10,0,0,33,68,76,53,63,28,49,254,5,69,196,17,195,1,53,63,93,254,28,68,129,0,0,0,4,17,195,2,1,0,87,0,45,69,14,0,0,8,8,117,10,0,0,33,63,76,53,63,28,6,254,5,69,196,17,195,1,53,63,93,254,28,68,129,0,0,0,4,17,195,2,1,0,83,0,166,214,23,0,0,8,8,118,10,0,0,33,57,76,53,63,28,6,254,5,69,196,17,195,1,53,63,93,254,28,68,129,0,0,0,4,17,195,2,1,0,83,0,175,43,38,0,0,8,8,119,10,0,0,33,63,76,53,63,28,196]
[2026-03-12 13:05:09] debug: 	zh:zstack:unpi:parser: --> parsed 28 - 2 - 4 - 129 - [0,0,0,4,17,195,2,1,0,58,0,60,64,68,0,0,8,8,98,10,0,0,33,54,75,53,63,28] - 44
[2026-03-12 13:05:09] debug: 	zh:zstack:znp: <-- AREQ: AF - incomingMsg - {"groupid":0,"clusterid":1024,"srcaddr":49937,"srcendpoint":2,"dstendpoint":1,"wasbroadcast":0,"linkquality":58,"securityuse":0,"timestamp":4472892,"transseqnumber":0,"len":8,"data":{"type":"Buffer","data":[8,98,10,0,0,33,54,75]}}
[2026-03-12 13:05:09] debug: 	zh:controller: Received payload: clusterID=1024, address=49937, groupID=0, endpoint=2, destinationEndpoint=1, wasBroadcast=false, linkQuality=58, frame={"header":{"frameControl":{"frameType":0,"manufacturerSpecific":false,"direction":1,"disableDefaultResponse":false,"reservedBits":0},"transactionSequenceNumber":98,"commandIdentifier":10},"payload":[{"attrId":0,"dataType":33,"attrData":19254}],"command":{"ID":10,"name":"report","parameters":[{"name":"attrId","type":9},{"name":"dataType","type":8},{"name":"attrData","type":1000}]}}
[2026-03-12 13:05:09] debug: 	zh:controller:endpoint: ZCL command 0x001788010916738d/2 msIlluminanceMeasurement.defaultRsp({"cmdId":10,"statusCode":0}, {"timeout":10000,"disableResponse":false,"disableRecovery":false,"disableDefaultResponse":true,"direction":1,"reservedBits":0,"transactionSequenceNumber":98,"writeUndiv":false})
[2026-03-12 13:05:09] debug: 	zh:zstack:unpi:parser: --- parseNext [254,3,69,196,65,229,0,38,254,32,68,129,0,0,25,0,65,229,1,13,0,204,0,83,12,75,0,0,12,1,11,1,0,102,17,32,1,48,106,2,32,65,229,29,28,254,32,68,129,0,0,25,0,65,229,1,13,0,204,0,59,227,77,0,0,12,1,12,1,0,102,17,32,1,48,106,2,32,65,229,29,154,254,5,69,196,17,195,1,53,63,93,254,28,68,129,0,0,0,4,17,195,2,1,0,61,0,88,12,78,0,0,8,8,99,10,0,0,33,60,75,53,63,28,2,254,32,68,129,0,0,25,0,65,229,1,13,0,204,0,205,197,80,0,0,12,1,13,1,0,102,17,32,1,48,106,2,32,65,229,29,86,254,32,68,129,0,0,25,0,65,229,1,13,0,204,0,75,168,83,0,0,12,1,14,1,0,102,17,32,1,48,106,2,32,65,229,29,189,254,32,68,129,0,0,25,0,65,229,1,13,0,200,0,218,138,86,0,0,12,1,15,1,0,102,17,32,1,48,106,2,32,65,229,29,14,254,5,69,196,17,195,1,53,63,93,254,28,68,129,0,0,0,4,17,195,2,1,0,65,0,216,143,87,0,0,8,8,100,10,0,0,33,54,75,53,63,28,105,254,12,69,202,17,195,141,115,22,9,1,136,23,0,53,63,36,254,12,69,202,17,195,141,115,22,9,1,136,23,0,53,63,36,254,13,69,193,17,195,17,195,141,115,22,9,1,136,23,0,128,118,254,5,69,196,17,195,1,53,63,93,254,28,68,129,0,0,0,4,17,195,2,1,0,80,0,235,242,96,0,0,8,8,101,10,0,0,33,79,76,53,63,28,126,254,5,69,196,17,195,1,53,63,93,254,28,68,129,0,0,0,4,17,195,2,1,0,72,0,246,78,111,0,0,8,8,102,10,0,0,33,63,76,53,63,28,187,254,5,69,196,17,195,1,53,63,93,254,28,68,129,0,0,0,4,17,195,2,1,0,76,0,86,223,120,0,0,8,8,103,10,0,0,33,57,76,53,63,28,158,254,3,69,196,198,56,0,124,254,32,68,129,0,0,25,0,198,56,3,1,0,80,0,197,176,122,0,0,12,17,63,1,0,12,17,39,0,9,5,2,1,198,56,29,170,254,5,69,196,17,195,1,53,63,93,254,28,68,129,0,0,0,4,17,195,2,1,0,72,0,142,99,130,0,0,8,8,104,10,0,0,33,68,76,53,63,28,118,254,1,100,1,0,100,254,3,68,128,0,1,2,196,254,28,68,129,0,0,0,4,17,195,2,1,0,72,0,249,225,139,0,0,8,8,105,10,0,0,33,57,76,53,63,28,246,254,28,68,129,0,0,0,4,17,195,2,1,0,72,0,107,91,149,0,0,8,8,106,10,0,0,33,52,76,53,63,28,206,254,28,68,129,0,0,0,4,17,195,2,1,0,83,0,233,228,158,0,0,8,8,107,10,0,0,33,63,76,53,63,28,233,254,28,68,129,0,0,0,4,17,195,2,1,0,91,0,123,102,168,0,0,8,8,108,10,0,0,33,57,76,53,63,28,198,254,28,68,129,0,0,0,4,17,195,2,1,0,83,0,168,245,177,0,0,8,8,109,10,0,0,33,52,76,53,63,28,155,254,64,68,129,0,0,0,0,140,102,1,1,0,178,0,138,44,187,0,0,44,24,139,10,1,255,66,37,1,33,199,11,4,33,168,19,5,33,6,0,6,36,1,0,0,0,0,100,41,153,9,101,33,254,14,102,43,50,128,1,0,10,33,0,0,140,102,29,212,254,5,69,196,17,195,1,53,63,93,254,28,68,129,0,0,0,4,17,195,2,1,0,83,0,12,133,187,0,0,8,8,110,10,0,0,33,57,76,53,63,28,75,254,5,69,196,17,195,1,53,63,93,254,28,68,129,0,0,0,4,17,195,2,1,0,80,0,223,6,197,0,0,8,8,111,10,0,0,33,63,76,53,63,28,97,254,5,69,196,17,195,1,53,63,93,254,28,68,129,0,0,0,4,17,195,2,1,0,87,0,46,144,206,0,0,8,8,112,10,0,0,33,57,76,53,63,28,19,254,5,69,196,17,195,1,53,63,93,254,28,68,129,0,0,0,4,17,195,2,1,0,83,0,85,18,216,0,0,8,8,113,10,0,0,33,63,76,53,63,28,255,254,5,69,196,17,195,1,53,63,93,254,28,68,129,0,0,0,4,17,195,2,1,0,87,0,186,147,225,0,0,8,8,114,10,0,0,33,68,76,53,63,28,212,254,5,69,196,17,195,1,53,63,93,254,28,68,129,0,0,0,4,17,195,2,1,0,87,0,119,50,235,0,0,8,8,115,10,0,0,33,73,76,53,63,28,190,254,5,69,196,17,195,1,53,63,93,254,28,68,129,0,0,0,4,17,195,2,1,0,87,0,153,182,4,0,0,8,8,116,10,0,0,33,68,76,53,63,28,49,254,5,69,196,17,195,1,53,63,93,254,28,68,129,0,0,0,4,17,195,2,1,0,87,0,45,69,14,0,0,8,8,117,10,0,0,33,63,76,53,63,28,6,254,5,69,196,17,195,1,53,63,93,254,28,68,129,0,0,0,4,17,195,2,1,0,83,0,166,214,23,0,0,8,8,118,10,0,0,33,57,76,53,63,28,6,254,5,69,196,17,195,1,53,63,93,254,28,68,129,0,0,0,4,17,195,2,1,0,83,0,175,43,38,0,0,8,8,119,10,0,0,33,63,76,53,63,28,196]
[2026-03-12 13:05:09] debug: 	zh:zstack:unpi:parser: --> parsed 3 - 2 - 5 - 196 - [65,229,0] - 38
[2026-03-12 13:05:09] debug: 	zh:zstack:znp: <-- AREQ: ZDO - srcRtgInd
[2026-03-12 13:05:10] debug: 	zh:zstack:unpi:parser: --- parseNext [254,32,68,129,0,0,25,0,65,229,1,13,0,204,0,83,12,75,0,0,12,1,11,1,0,102,17,32,1,48,106,2,32,65,229,29,28,254,32,68,129,0,0,25,0,65,229,1,13,0,204,0,59,227,77,0,0,12,1,12,1,0,102,17,32,1,48,106,2,32,65,229,29,154,254,5,69,196,17,195,1,53,63,93,254,28,68,129,0,0,0,4,17,195,2,1,0,61,0,88,12,78,0,0,8,8,99,10,0,0,33,60,75,53,63,28,2,254,32,68,129,0,0,25,0,65,229,1,13,0,204,0,205,197,80,0,0,12,1,13,1,0,102,17,32,1,48,106,2,32,65,229,29,86,254,32,68,129,0,0,25,0,65,229,1,13,0,204,0,75,168,83,0,0,12,1,14,1,0,102,17,32,1,48,106,2,32,65,229,29,189,254,32,68,129,0,0,25,0,65,229,1,13,0,200,0,218,138,86,0,0,12,1,15,1,0,102,17,32,1,48,106,2,32,65,229,29,14,254,5,69,196,17,195,1,53,63,93,254,28,68,129,0,0,0,4,17,195,2,1,0,65,0,216,143,87,0,0,8,8,100,10,0,0,33,54,75,53,63,28,105,254,12,69,202,17,195,141,115,22,9,1,136,23,0,53,63,36,254,12,69,202,17,195,141,115,22,9,1,136,23,0,53,63,36,254,13,69,193,17,195,17,195,141,115,22,9,1,136,23,0,128,118,254,5,69,196,17,195,1,53,63,93,254,28,68,129,0,0,0,4,17,195,2,1,0,80,0,235,242,96,0,0,8,8,101,10,0,0,33,79,76,53,63,28,126,254,5,69,196,17,195,1,53,63,93,254,28,68,129,0,0,0,4,17,195,2,1,0,72,0,246,78,111,0,0,8,8,102,10,0,0,33,63,76,53,63,28,187,254,5,69,196,17,195,1,53,63,93,254,28,68,129,0,0,0,4,17,195,2,1,0,76,0,86,223,120,0,0,8,8,103,10,0,0,33,57,76,53,63,28,158,254,3,69,196,198,56,0,124,254,32,68,129,0,0,25,0,198,56,3,1,0,80,0,197,176,122,0,0,12,17,63,1,0,12,17,39,0,9,5,2,1,198,56,29,170,254,5,69,196,17,195,1,53,63,93,254,28,68,129,0,0,0,4,17,195,2,1,0,72,0,142,99,130,0,0,8,8,104,10,0,0,33,68,76,53,63,28,118,254,1,100,1,0,100,254,3,68,128,0,1,2,196,254,28,68,129,0,0,0,4,17,195,2,1,0,72,0,249,225,139,0,0,8,8,105,10,0,0,33,57,76,53,63,28,246,254,28,68,129,0,0,0,4,17,195,2,1,0,72,0,107,91,149,0,0,8,8,106,10,0,0,33,52,76,53,63,28,206,254,28,68,129,0,0,0,4,17,195,2,1,0,83,0,233,228,158,0,0,8,8,107,10,0,0,33,63,76,53,63,28,233,254,28,68,129,0,0,0,4,17,195,2,1,0,91,0,123,102,168,0,0,8,8,108,10,0,0,33,57,76,53,63,28,198,254,28,68,129,0,0,0,4,17,195,2,1,0,83,0,168,245,177,0,0,8,8,109,10,0,0,33,52,76,53,63,28,155,254,64,68,129,0,0,0,0,140,102,1,1,0,178,0,138,44,187,0,0,44,24,139,10,1,255,66,37,1,33,199,11,4,33,168,19,5,33,6,0,6,36,1,0,0,0,0,100,41,153,9,101,33,254,14,102,43,50,128,1,0,10,33,0,0,140,102,29,212,254,5,69,196,17,195,1,53,63,93,254,28,68,129,0,0,0,4,17,195,2,1,0,83,0,12,133,187,0,0,8,8,110,10,0,0,33,57,76,53,63,28,75,254,5,69,196,17,195,1,53,63,93,254,28,68,129,0,0,0,4,17,195,2,1,0,80,0,223,6,197,0,0,8,8,111,10,0,0,33,63,76,53,63,28,97,254,5,69,196,17,195,1,53,63,93,254,28,68,129,0,0,0,4,17,195,2,1,0,87,0,46,144,206,0,0,8,8,112,10,0,0,33,57,76,53,63,28,19,254,5,69,196,17,195,1,53,63,93,254,28,68,129,0,0,0,4,17,195,2,1,0,83,0,85,18,216,0,0,8,8,113,10,0,0,33,63,76,53,63,28,255,254,5,69,196,17,195,1,53,63,93,254,28,68,129,0,0,0,4,17,195,2,1,0,87,0,186,147,225,0,0,8,8,114,10,0,0,33,68,76,53,63,28,212,254,5,69,196,17,195,1,53,63,93,254,28,68,129,0,0,0,4,17,195,2,1,0,87,0,119,50,235,0,0,8,8,115,10,0,0,33,73,76,53,63,28,190,254,5,69,196,17,195,1,53,63,93,254,28,68,129,0,0,0,4,17,195,2,1,0,87,0,153,182,4,0,0,8,8,116,10,0,0,33,68,76,53,63,28,49,254,5,69,196,17,195,1,53,63,93,254,28,68,129,0,0,0,4,17,195,2,1,0,87,0,45,69,14,0,0,8,8,117,10,0,0,33,63,76,53,63,28,6,254,5,69,196,17,195,1,53,63,93,254,28,68,129,0,0,0,4,17,195,2,1,0,83,0,166,214,23,0,0,8,8,118,10,0,0,33,57,76,53,63,28,6,254,5,69,196,17,195,1,53,63,93,254,28,68,129,0,0,0,4,17,195,2,1,0,83,0,175,43,38,0,0,8,8,119,10,0,0,33,63,76,53,63,28,196]
[2026-03-12 13:05:10] debug: 	zh:zstack:unpi:parser: --> parsed 32 - 2 - 4 - 129 - [0,0,25,0,65,229,1,13,0,204,0,83,12,75,0,0,12,1,11,1,0,102,17,32,1,48,106,2,32,65,229,29] - 28
[2026-03-12 13:05:10] debug: 	zh:zstack:znp: <-- AREQ: AF - incomingMsg - {"groupid":0,"clusterid":25,"srcaddr":58689,"srcendpoint":1,"dstendpoint":13,"wasbroadcast":0,"linkquality":204,"securityuse":0,"timestamp":4918355,"transseqnumber":0,"len":12,"data":{"type":"Buffer","data":[1,11,1,0,102,17,32,1,48,106,2,32]}}
[2026-03-12 13:05:10] debug: 	zh:controller: Received payload: clusterID=25, address=58689, groupID=0, endpoint=1, destinationEndpoint=13, wasBroadcast=false, linkQuality=204, frame={"header":{"frameControl":{"frameType":1,"manufacturerSpecific":false,"direction":0,"disableDefaultResponse":false,"reservedBits":0},"transactionSequenceNumber":11,"commandIdentifier":1},"payload":{"fieldControl":0,"manufacturerCode":4454,"imageType":288,"fileVersion":537029168},"command":{"ID":1,"response":2,"parameters":[{"name":"fieldControl","type":24},{"name":"manufacturerCode","type":33},{"name":"imageType","type":33,"max":65471},{"name":"fileVersion","type":35},{"name":"hardwareVersion","type":33,"conditions":[{"type":"bitMaskSet","param":"fieldControl","mask":1}]}],"required":true,"name":"queryNextImageRequest"}}
[2026-03-12 13:05:10] debug: 	zh:zstack:unpi:parser: --- parseNext [254,32,68,129,0,0,25,0,65,229,1,13,0,204,0,59,227,77,0,0,12,1,12,1,0,102,17,32,1,48,106,2,32,65,229,29,154,254,5,69,196,17,195,1,53,63,93,254,28,68,129,0,0,0,4,17,195,2,1,0,61,0,88,12,78,0,0,8,8,99,10,0,0,33,60,75,53,63,28,2,254,32,68,129,0,0,25,0,65,229,1,13,0,204,0,205,197,80,0,0,12,1,13,1,0,102,17,32,1,48,106,2,32,65,229,29,86,254,32,68,129,0,0,25,0,65,229,1,13,0,204,0,75,168,83,0,0,12,1,14,1,0,102,17,32,1,48,106,2,32,65,229,29,189,254,32,68,129,0,0,25,0,65,229,1,13,0,200,0,218,138,86,0,0,12,1,15,1,0,102,17,32,1,48,106,2,32,65,229,29,14,254,5,69,196,17,195,1,53,63,93,254,28,68,129,0,0,0,4,17,195,2,1,0,65,0,216,143,87,0,0,8,8,100,10,0,0,33,54,75,53,63,28,105,254,12,69,202,17,195,141,115,22,9,1,136,23,0,53,63,36,254,12,69,202,17,195,141,115,22,9,1,136,23,0,53,63,36,254,13,69,193,17,195,17,195,141,115,22,9,1,136,23,0,128,118,254,5,69,196,17,195,1,53,63,93,254,28,68,129,0,0,0,4,17,195,2,1,0,80,0,235,242,96,0,0,8,8,101,10,0,0,33,79,76,53,63,28,126,254,5,69,196,17,195,1,53,63,93,254,28,68,129,0,0,0,4,17,195,2,1,0,72,0,246,78,111,0,0,8,8,102,10,0,0,33,63,76,53,63,28,187,254,5,69,196,17,195,1,53,63,93,254,28,68,129,0,0,0,4,17,195,2,1,0,76,0,86,223,120,0,0,8,8,103,10,0,0,33,57,76,53,63,28,158,254,3,69,196,198,56,0,124,254,32,68,129,0,0,25,0,198,56,3,1,0,80,0,197,176,122,0,0,12,17,63,1,0,12,17,39,0,9,5,2,1,198,56,29,170,254,5,69,196,17,195,1,53,63,93,254,28,68,129,0,0,0,4,17,195,2,1,0,72,0,142,99,130,0,0,8,8,104,10,0,0,33,68,76,53,63,28,118,254,1,100,1,0,100,254,3,68,128,0,1,2,196,254,28,68,129,0,0,0,4,17,195,2,1,0,72,0,249,225,139,0,0,8,8,105,10,0,0,33,57,76,53,63,28,246,254,28,68,129,0,0,0,4,17,195,2,1,0,72,0,107,91,149,0,0,8,8,106,10,0,0,33,52,76,53,63,28,206,254,28,68,129,0,0,0,4,17,195,2,1,0,83,0,233,228,158,0,0,8,8,107,10,0,0,33,63,76,53,63,28,233,254,28,68,129,0,0,0,4,17,195,2,1,0,91,0,123,102,168,0,0,8,8,108,10,0,0,33,57,76,53,63,28,198,254,28,68,129,0,0,0,4,17,195,2,1,0,83,0,168,245,177,0,0,8,8,109,10,0,0,33,52,76,53,63,28,155,254,64,68,129,0,0,0,0,140,102,1,1,0,178,0,138,44,187,0,0,44,24,139,10,1,255,66,37,1,33,199,11,4,33,168,19,5,33,6,0,6,36,1,0,0,0,0,100,41,153,9,101,33,254,14,102,43,50,128,1,0,10,33,0,0,140,102,29,212,254,5,69,196,17,195,1,53,63,93,254,28,68,129,0,0,0,4,17,195,2,1,0,83,0,12,133,187,0,0,8,8,110,10,0,0,33,57,76,53,63,28,75,254,5,69,196,17,195,1,53,63,93,254,28,68,129,0,0,0,4,17,195,2,1,0,80,0,223,6,197,0,0,8,8,111,10,0,0,33,63,76,53,63,28,97,254,5,69,196,17,195,1,53,63,93,254,28,68,129,0,0,0,4,17,195,2,1,0,87,0,46,144,206,0,0,8,8,112,10,0,0,33,57,76,53,63,28,19,254,5,69,196,17,195,1,53,63,93,254,28,68,129,0,0,0,4,17,195,2,1,0,83,0,85,18,216,0,0,8,8,113,10,0,0,33,63,76,53,63,28,255,254,5,69,196,17,195,1,53,63,93,254,28,68,129,0,0,0,4,17,195,2,1,0,87,0,186,147,225,0,0,8,8,114,10,0,0,33,68,76,53,63,28,212,254,5,69,196,17,195,1,53,63,93,254,28,68,129,0,0,0,4,17,195,2,1,0,87,0,119,50,235,0,0,8,8,115,10,0,0,33,73,76,53,63,28,190,254,5,69,196,17,195,1,53,63,93,254,28,68,129,0,0,0,4,17,195,2,1,0,87,0,153,182,4,0,0,8,8,116,10,0,0,33,68,76,53,63,28,49,254,5,69,196,17,195,1,53,63,93,254,28,68,129,0,0,0,4,17,195,2,1,0,87,0,45,69,14,0,0,8,8,117,10,0,0,33,63,76,53,63,28,6,254,5,69,196,17,195,1,53,63,93,254,28,68,129,0,0,0,4,17,195,2,1,0,83,0,166,214,23,0,0,8,8,118,10,0,0,33,57,76,53,63,28,6,254,5,69,196,17,195,1,53,63,93,254,28,68,129,0,0,0,4,17,195,2,1,0,83,0,175,43,38,0,0,8,8,119,10,0,0,33,63,76,53,63,28,196]
[2026-03-12 13:05:10] debug: 	zh:zstack:unpi:parser: --> parsed 32 - 2 - 4 - 129 - [0,0,25,0,65,229,1,13,0,204,0,59,227,77,0,0,12,1,12,1,0,102,17,32,1,48,106,2,32,65,229,29] - 154
[2026-03-12 13:05:10] debug: 	zh:zstack:znp: <-- AREQ: AF - incomingMsg - {"groupid":0,"clusterid":25,"srcaddr":58689,"srcendpoint":1,"dstendpoint":13,"wasbroadcast":0,"linkquality":204,"securityuse":0,"timestamp":5104443,"transseqnumber":0,"len":12,"data":{"type":"Buffer","data":[1,12,1,0,102,17,32,1,48,106,2,32]}}
[2026-03-12 13:05:10] debug: 	zh:controller: Received payload: clusterID=25, address=58689, groupID=0, endpoint=1, destinationEndpoint=13, wasBroadcast=false, linkQuality=204, frame={"header":{"frameControl":{"frameType":1,"manufacturerSpecific":false,"direction":0,"disableDefaultResponse":false,"reservedBits":0},"transactionSequenceNumber":12,"commandIdentifier":1},"payload":{"fieldControl":0,"manufacturerCode":4454,"imageType":288,"fileVersion":537029168},"command":{"ID":1,"response":2,"parameters":[{"name":"fieldControl","type":24},{"name":"manufacturerCode","type":33},{"name":"imageType","type":33,"max":65471},{"name":"fileVersion","type":35},{"name":"hardwareVersion","type":33,"conditions":[{"type":"bitMaskSet","param":"fieldControl","mask":1}]}],"required":true,"name":"queryNextImageRequest"}}
[2026-03-12 13:05:10] debug: 	zh:zstack:unpi:parser: --- parseNext [254,5,69,196,17,195,1,53,63,93,254,28,68,129,0,0,0,4,17,195,2,1,0,61,0,88,12,78,0,0,8,8,99,10,0,0,33,60,75,53,63,28,2,254,32,68,129,0,0,25,0,65,229,1,13,0,204,0,205,197,80,0,0,12,1,13,1,0,102,17,32,1,48,106,2,32,65,229,29,86,254,32,68,129,0,0,25,0,65,229,1,13,0,204,0,75,168,83,0,0,12,1,14,1,0,102,17,32,1,48,106,2,32,65,229,29,189,254,32,68,129,0,0,25,0,65,229,1,13,0,200,0,218,138,86,0,0,12,1,15,1,0,102,17,32,1,48,106,2,32,65,229,29,14,254,5,69,196,17,195,1,53,63,93,254,28,68,129,0,0,0,4,17,195,2,1,0,65,0,216,143,87,0,0,8,8,100,10,0,0,33,54,75,53,63,28,105,254,12,69,202,17,195,141,115,22,9,1,136,23,0,53,63,36,254,12,69,202,17,195,141,115,22,9,1,136,23,0,53,63,36,254,13,69,193,17,195,17,195,141,115,22,9,1,136,23,0,128,118,254,5,69,196,17,195,1,53,63,93,254,28,68,129,0,0,0,4,17,195,2,1,0,80,0,235,242,96,0,0,8,8,101,10,0,0,33,79,76,53,63,28,126,254,5,69,196,17,195,1,53,63,93,254,28,68,129,0,0,0,4,17,195,2,1,0,72,0,246,78,111,0,0,8,8,102,10,0,0,33,63,76,53,63,28,187,254,5,69,196,17,195,1,53,63,93,254,28,68,129,0,0,0,4,17,195,2,1,0,76,0,86,223,120,0,0,8,8,103,10,0,0,33,57,76,53,63,28,158,254,3,69,196,198,56,0,124,254,32,68,129,0,0,25,0,198,56,3,1,0,80,0,197,176,122,0,0,12,17,63,1,0,12,17,39,0,9,5,2,1,198,56,29,170,254,5,69,196,17,195,1,53,63,93,254,28,68,129,0,0,0,4,17,195,2,1,0,72,0,142,99,130,0,0,8,8,104,10,0,0,33,68,76,53,63,28,118,254,1,100,1,0,100,254,3,68,128,0,1,2,196,254,28,68,129,0,0,0,4,17,195,2,1,0,72,0,249,225,139,0,0,8,8,105,10,0,0,33,57,76,53,63,28,246,254,28,68,129,0,0,0,4,17,195,2,1,0,72,0,107,91,149,0,0,8,8,106,10,0,0,33,52,76,53,63,28,206,254,28,68,129,0,0,0,4,17,195,2,1,0,83,0,233,228,158,0,0,8,8,107,10,0,0,33,63,76,53,63,28,233,254,28,68,129,0,0,0,4,17,195,2,1,0,91,0,123,102,168,0,0,8,8,108,10,0,0,33,57,76,53,63,28,198,254,28,68,129,0,0,0,4,17,195,2,1,0,83,0,168,245,177,0,0,8,8,109,10,0,0,33,52,76,53,63,28,155,254,64,68,129,0,0,0,0,140,102,1,1,0,178,0,138,44,187,0,0,44,24,139,10,1,255,66,37,1,33,199,11,4,33,168,19,5,33,6,0,6,36,1,0,0,0,0,100,41,153,9,101,33,254,14,102,43,50,128,1,0,10,33,0,0,140,102,29,212,254,5,69,196,17,195,1,53,63,93,254,28,68,129,0,0,0,4,17,195,2,1,0,83,0,12,133,187,0,0,8,8,110,10,0,0,33,57,76,53,63,28,75,254,5,69,196,17,195,1,53,63,93,254,28,68,129,0,0,0,4,17,195,2,1,0,80,0,223,6,197,0,0,8,8,111,10,0,0,33,63,76,53,63,28,97,254,5,69,196,17,195,1,53,63,93,254,28,68,129,0,0,0,4,17,195,2,1,0,87,0,46,144,206,0,0,8,8,112,10,0,0,33,57,76,53,63,28,19,254,5,69,196,17,195,1,53,63,93,254,28,68,129,0,0,0,4,17,195,2,1,0,83,0,85,18,216,0,0,8,8,113,10,0,0,33,63,76,53,63,28,255,254,5,69,196,17,195,1,53,63,93,254,28,68,129,0,0,0,4,17,195,2,1,0,87,0,186,147,225,0,0,8,8,114,10,0,0,33,68,76,53,63,28,212,254,5,69,196,17,195,1,53,63,93,254,28,68,129,0,0,0,4,17,195,2,1,0,87,0,119,50,235,0,0,8,8,115,10,0,0,33,73,76,53,63,28,190,254,5,69,196,17,195,1,53,63,93,254,28,68,129,0,0,0,4,17,195,2,1,0,87,0,153,182,4,0,0,8,8,116,10,0,0,33,68,76,53,63,28,49,254,5,69,196,17,195,1,53,63,93,254,28,68,129,0,0,0,4,17,195,2,1,0,87,0,45,69,14,0,0,8,8,117,10,0,0,33,63,76,53,63,28,6,254,5,69,196,17,195,1,53,63,93,254,28,68,129,0,0,0,4,17,195,2,1,0,83,0,166,214,23,0,0,8,8,118,10,0,0,33,57,76,53,63,28,6,254,5,69,196,17,195,1,53,63,93,254,28,68,129,0,0,0,4,17,195,2,1,0,83,0,175,43,38,0,0,8,8,119,10,0,0,33,63,76,53,63,28,196]
[2026-03-12 13:05:10] debug: 	zh:zstack:unpi:parser: --> parsed 5 - 2 - 5 - 196 - [17,195,1,53,63] - 93
[2026-03-12 13:05:10] debug: 	zh:zstack:znp: <-- AREQ: ZDO - srcRtgInd
[2026-03-12 13:05:10] debug: 	zh:zstack:unpi:parser: --- parseNext [254,28,68,129,0,0,0,4,17,195,2,1,0,61,0,88,12,78,0,0,8,8,99,10,0,0,33,60,75,53,63,28,2,254,32,68,129,0,0,25,0,65,229,1,13,0,204,0,205,197,80,0,0,12,1,13,1,0,102,17,32,1,48,106,2,32,65,229,29,86,254,32,68,129,0,0,25,0,65,229,1,13,0,204,0,75,168,83,0,0,12,1,14,1,0,102,17,32,1,48,106,2,32,65,229,29,189,254,32,68,129,0,0,25,0,65,229,1,13,0,200,0,218,138,86,0,0,12,1,15,1,0,102,17,32,1,48,106,2,32,65,229,29,14,254,5,69,196,17,195,1,53,63,93,254,28,68,129,0,0,0,4,17,195,2,1,0,65,0,216,143,87,0,0,8,8,100,10,0,0,33,54,75,53,63,28,105,254,12,69,202,17,195,141,115,22,9,1,136,23,0,53,63,36,254,12,69,202,17,195,141,115,22,9,1,136,23,0,53,63,36,254,13,69,193,17,195,17,195,141,115,22,9,1,136,23,0,128,118,254,5,69,196,17,195,1,53,63,93,254,28,68,129,0,0,0,4,17,195,2,1,0,80,0,235,242,96,0,0,8,8,101,10,0,0,33,79,76,53,63,28,126,254,5,69,196,17,195,1,53,63,93,254,28,68,129,0,0,0,4,17,195,2,1,0,72,0,246,78,111,0,0,8,8,102,10,0,0,33,63,76,53,63,28,187,254,5,69,196,17,195,1,53,63,93,254,28,68,129,0,0,0,4,17,195,2,1,0,76,0,86,223,120,0,0,8,8,103,10,0,0,33,57,76,53,63,28,158,254,3,69,196,198,56,0,124,254,32,68,129,0,0,25,0,198,56,3,1,0,80,0,197,176,122,0,0,12,17,63,1,0,12,17,39,0,9,5,2,1,198,56,29,170,254,5,69,196,17,195,1,53,63,93,254,28,68,129,0,0,0,4,17,195,2,1,0,72,0,142,99,130,0,0,8,8,104,10,0,0,33,68,76,53,63,28,118,254,1,100,1,0,100,254,3,68,128,0,1,2,196,254,28,68,129,0,0,0,4,17,195,2,1,0,72,0,249,225,139,0,0,8,8,105,10,0,0,33,57,76,53,63,28,246,254,28,68,129,0,0,0,4,17,195,2,1,0,72,0,107,91,149,0,0,8,8,106,10,0,0,33,52,76,53,63,28,206,254,28,68,129,0,0,0,4,17,195,2,1,0,83,0,233,228,158,0,0,8,8,107,10,0,0,33,63,76,53,63,28,233,254,28,68,129,0,0,0,4,17,195,2,1,0,91,0,123,102,168,0,0,8,8,108,10,0,0,33,57,76,53,63,28,198,254,28,68,129,0,0,0,4,17,195,2,1,0,83,0,168,245,177,0,0,8,8,109,10,0,0,33,52,76,53,63,28,155,254,64,68,129,0,0,0,0,140,102,1,1,0,178,0,138,44,187,0,0,44,24,139,10,1,255,66,37,1,33,199,11,4,33,168,19,5,33,6,0,6,36,1,0,0,0,0,100,41,153,9,101,33,254,14,102,43,50,128,1,0,10,33,0,0,140,102,29,212,254,5,69,196,17,195,1,53,63,93,254,28,68,129,0,0,0,4,17,195,2,1,0,83,0,12,133,187,0,0,8,8,110,10,0,0,33,57,76,53,63,28,75,254,5,69,196,17,195,1,53,63,93,254,28,68,129,0,0,0,4,17,195,2,1,0,80,0,223,6,197,0,0,8,8,111,10,0,0,33,63,76,53,63,28,97,254,5,69,196,17,195,1,53,63,93,254,28,68,129,0,0,0,4,17,195,2,1,0,87,0,46,144,206,0,0,8,8,112,10,0,0,33,57,76,53,63,28,19,254,5,69,196,17,195,1,53,63,93,254,28,68,129,0,0,0,4,17,195,2,1,0,83,0,85,18,216,0,0,8,8,113,10,0,0,33,63,76,53,63,28,255,254,5,69,196,17,195,1,53,63,93,254,28,68,129,0,0,0,4,17,195,2,1,0,87,0,186,147,225,0,0,8,8,114,10,0,0,33,68,76,53,63,28,212,254,5,69,196,17,195,1,53,63,93,254,28,68,129,0,0,0,4,17,195,2,1,0,87,0,119,50,235,0,0,8,8,115,10,0,0,33,73,76,53,63,28,190,254,5,69,196,17,195,1,53,63,93,254,28,68,129,0,0,0,4,17,195,2,1,0,87,0,153,182,4,0,0,8,8,116,10,0,0,33,68,76,53,63,28,49,254,5,69,196,17,195,1,53,63,93,254,28,68,129,0,0,0,4,17,195,2,1,0,87,0,45,69,14,0,0,8,8,117,10,0,0,33,63,76,53,63,28,6,254,5,69,196,17,195,1,53,63,93,254,28,68,129,0,0,0,4,17,195,2,1,0,83,0,166,214,23,0,0,8,8,118,10,0,0,33,57,76,53,63,28,6,254,5,69,196,17,195,1,53,63,93,254,28,68,129,0,0,0,4,17,195,2,1,0,83,0,175,43,38,0,0,8,8,119,10,0,0,33,63,76,53,63,28,196]
[2026-03-12 13:05:10] debug: 	zh:zstack:unpi:parser: --> parsed 28 - 2 - 4 - 129 - [0,0,0,4,17,195,2,1,0,61,0,88,12,78,0,0,8,8,99,10,0,0,33,60,75,53,63,28] - 2
[2026-03-12 13:05:10] debug: 	zh:zstack:znp: <-- AREQ: AF - incomingMsg - {"groupid":0,"clusterid":1024,"srcaddr":49937,"srcendpoint":2,"dstendpoint":1,"wasbroadcast":0,"linkquality":61,"securityuse":0,"timestamp":5114968,"transseqnumber":0,"len":8,"data":{"type":"Buffer","data":[8,99,10,0,0,33,60,75]}}
[2026-03-12 13:05:10] debug: 	zh:controller: Received payload: clusterID=1024, address=49937, groupID=0, endpoint=2, destinationEndpoint=1, wasBroadcast=false, linkQuality=61, frame={"header":{"frameControl":{"frameType":0,"manufacturerSpecific":false,"direction":1,"disableDefaultResponse":false,"reservedBits":0},"transactionSequenceNumber":99,"commandIdentifier":10},"payload":[{"attrId":0,"dataType":33,"attrData":19260}],"command":{"ID":10,"name":"report","parameters":[{"name":"attrId","type":9},{"name":"dataType","type":8},{"name":"attrData","type":1000}]}}
[2026-03-12 13:05:10] debug: 	zh:controller:endpoint: ZCL command 0x001788010916738d/2 msIlluminanceMeasurement.defaultRsp({"cmdId":10,"statusCode":0}, {"timeout":10000,"disableResponse":false,"disableRecovery":false,"disableDefaultResponse":true,"direction":1,"reservedBits":0,"transactionSequenceNumber":99,"writeUndiv":false})
[2026-03-12 13:05:10] debug: 	zh:zstack:unpi:parser: --- parseNext [254,32,68,129,0,0,25,0,65,229,1,13,0,204,0,205,197,80,0,0,12,1,13,1,0,102,17,32,1,48,106,2,32,65,229,29,86,254,32,68,129,0,0,25,0,65,229,1,13,0,204,0,75,168,83,0,0,12,1,14,1,0,102,17,32,1,48,106,2,32,65,229,29,189,254,32,68,129,0,0,25,0,65,229,1,13,0,200,0,218,138,86,0,0,12,1,15,1,0,102,17,32,1,48,106,2,32,65,229,29,14,254,5,69,196,17,195,1,53,63,93,254,28,68,129,0,0,0,4,17,195,2,1,0,65,0,216,143,87,0,0,8,8,100,10,0,0,33,54,75,53,63,28,105,254,12,69,202,17,195,141,115,22,9,1,136,23,0,53,63,36,254,12,69,202,17,195,141,115,22,9,1,136,23,0,53,63,36,254,13,69,193,17,195,17,195,141,115,22,9,1,136,23,0,128,118,254,5,69,196,17,195,1,53,63,93,254,28,68,129,0,0,0,4,17,195,2,1,0,80,0,235,242,96,0,0,8,8,101,10,0,0,33,79,76,53,63,28,126,254,5,69,196,17,195,1,53,63,93,254,28,68,129,0,0,0,4,17,195,2,1,0,72,0,246,78,111,0,0,8,8,102,10,0,0,33,63,76,53,63,28,187,254,5,69,196,17,195,1,53,63,93,254,28,68,129,0,0,0,4,17,195,2,1,0,76,0,86,223,120,0,0,8,8,103,10,0,0,33,57,76,53,63,28,158,254,3,69,196,198,56,0,124,254,32,68,129,0,0,25,0,198,56,3,1,0,80,0,197,176,122,0,0,12,17,63,1,0,12,17,39,0,9,5,2,1,198,56,29,170,254,5,69,196,17,195,1,53,63,93,254,28,68,129,0,0,0,4,17,195,2,1,0,72,0,142,99,130,0,0,8,8,104,10,0,0,33,68,76,53,63,28,118,254,1,100,1,0,100,254,3,68,128,0,1,2,196,254,28,68,129,0,0,0,4,17,195,2,1,0,72,0,249,225,139,0,0,8,8,105,10,0,0,33,57,76,53,63,28,246,254,28,68,129,0,0,0,4,17,195,2,1,0,72,0,107,91,149,0,0,8,8,106,10,0,0,33,52,76,53,63,28,206,254,28,68,129,0,0,0,4,17,195,2,1,0,83,0,233,228,158,0,0,8,8,107,10,0,0,33,63,76,53,63,28,233,254,28,68,129,0,0,0,4,17,195,2,1,0,91,0,123,102,168,0,0,8,8,108,10,0,0,33,57,76,53,63,28,198,254,28,68,129,0,0,0,4,17,195,2,1,0,83,0,168,245,177,0,0,8,8,109,10,0,0,33,52,76,53,63,28,155,254,64,68,129,0,0,0,0,140,102,1,1,0,178,0,138,44,187,0,0,44,24,139,10,1,255,66,37,1,33,199,11,4,33,168,19,5,33,6,0,6,36,1,0,0,0,0,100,41,153,9,101,33,254,14,102,43,50,128,1,0,10,33,0,0,140,102,29,212,254,5,69,196,17,195,1,53,63,93,254,28,68,129,0,0,0,4,17,195,2,1,0,83,0,12,133,187,0,0,8,8,110,10,0,0,33,57,76,53,63,28,75,254,5,69,196,17,195,1,53,63,93,254,28,68,129,0,0,0,4,17,195,2,1,0,80,0,223,6,197,0,0,8,8,111,10,0,0,33,63,76,53,63,28,97,254,5,69,196,17,195,1,53,63,93,254,28,68,129,0,0,0,4,17,195,2,1,0,87,0,46,144,206,0,0,8,8,112,10,0,0,33,57,76,53,63,28,19,254,5,69,196,17,195,1,53,63,93,254,28,68,129,0,0,0,4,17,195,2,1,0,83,0,85,18,216,0,0,8,8,113,10,0,0,33,63,76,53,63,28,255,254,5,69,196,17,195,1,53,63,93,254,28,68,129,0,0,0,4,17,195,2,1,0,87,0,186,147,225,0,0,8,8,114,10,0,0,33,68,76,53,63,28,212,254,5,69,196,17,195,1,53,63,93,254,28,68,129,0,0,0,4,17,195,2,1,0,87,0,119,50,235,0,0,8,8,115,10,0,0,33,73,76,53,63,28,190,254,5,69,196,17,195,1,53,63,93,254,28,68,129,0,0,0,4,17,195,2,1,0,87,0,153,182,4,0,0,8,8,116,10,0,0,33,68,76,53,63,28,49,254,5,69,196,17,195,1,53,63,93,254,28,68,129,0,0,0,4,17,195,2,1,0,87,0,45,69,14,0,0,8,8,117,10,0,0,33,63,76,53,63,28,6,254,5,69,196,17,195,1,53,63,93,254,28,68,129,0,0,0,4,17,195,2,1,0,83,0,166,214,23,0,0,8,8,118,10,0,0,33,57,76,53,63,28,6,254,5,69,196,17,195,1,53,63,93,254,28,68,129,0,0,0,4,17,195,2,1,0,83,0,175,43,38,0,0,8,8,119,10,0,0,33,63,76,53,63,28,196]
[2026-03-12 13:05:10] debug: 	zh:zstack:unpi:parser: --> parsed 32 - 2 - 4 - 129 - [0,0,25,0,65,229,1,13,0,204,0,205,197,80,0,0,12,1,13,1,0,102,17,32,1,48,106,2,32,65,229,29] - 86
[2026-03-12 13:05:10] debug: 	zh:zstack:znp: <-- AREQ: AF - incomingMsg - {"groupid":0,"clusterid":25,"srcaddr":58689,"srcendpoint":1,"dstendpoint":13,"wasbroadcast":0,"linkquality":204,"securityuse":0,"timestamp":5293517,"transseqnumber":0,"len":12,"data":{"type":"Buffer","data":[1,13,1,0,102,17,32,1,48,106,2,32]}}
[2026-03-12 13:05:10] debug: 	zh:controller: Received payload: clusterID=25, address=58689, groupID=0, endpoint=1, destinationEndpoint=13, wasBroadcast=false, linkQuality=204, frame={"header":{"frameControl":{"frameType":1,"manufacturerSpecific":false,"direction":0,"disableDefaultResponse":false,"reservedBits":0},"transactionSequenceNumber":13,"commandIdentifier":1},"payload":{"fieldControl":0,"manufacturerCode":4454,"imageType":288,"fileVersion":537029168},"command":{"ID":1,"response":2,"parameters":[{"name":"fieldControl","type":24},{"name":"manufacturerCode","type":33},{"name":"imageType","type":33,"max":65471},{"name":"fileVersion","type":35},{"name":"hardwareVersion","type":33,"conditions":[{"type":"bitMaskSet","param":"fieldControl","mask":1}]}],"required":true,"name":"queryNextImageRequest"}}
[2026-03-12 13:05:10] debug: 	zh:zstack:unpi:parser: --- parseNext [254,32,68,129,0,0,25,0,65,229,1,13,0,204,0,75,168,83,0,0,12,1,14,1,0,102,17,32,1,48,106,2,32,65,229,29,189,254,32,68,129,0,0,25,0,65,229,1,13,0,200,0,218,138,86,0,0,12,1,15,1,0,102,17,32,1,48,106,2,32,65,229,29,14,254,5,69,196,17,195,1,53,63,93,254,28,68,129,0,0,0,4,17,195,2,1,0,65,0,216,143,87,0,0,8,8,100,10,0,0,33,54,75,53,63,28,105,254,12,69,202,17,195,141,115,22,9,1,136,23,0,53,63,36,254,12,69,202,17,195,141,115,22,9,1,136,23,0,53,63,36,254,13,69,193,17,195,17,195,141,115,22,9,1,136,23,0,128,118,254,5,69,196,17,195,1,53,63,93,254,28,68,129,0,0,0,4,17,195,2,1,0,80,0,235,242,96,0,0,8,8,101,10,0,0,33,79,76,53,63,28,126,254,5,69,196,17,195,1,53,63,93,254,28,68,129,0,0,0,4,17,195,2,1,0,72,0,246,78,111,0,0,8,8,102,10,0,0,33,63,76,53,63,28,187,254,5,69,196,17,195,1,53,63,93,254,28,68,129,0,0,0,4,17,195,2,1,0,76,0,86,223,120,0,0,8,8,103,10,0,0,33,57,76,53,63,28,158,254,3,69,196,198,56,0,124,254,32,68,129,0,0,25,0,198,56,3,1,0,80,0,197,176,122,0,0,12,17,63,1,0,12,17,39,0,9,5,2,1,198,56,29,170,254,5,69,196,17,195,1,53,63,93,254,28,68,129,0,0,0,4,17,195,2,1,0,72,0,142,99,130,0,0,8,8,104,10,0,0,33,68,76,53,63,28,118,254,1,100,1,0,100,254,3,68,128,0,1,2,196,254,28,68,129,0,0,0,4,17,195,2,1,0,72,0,249,225,139,0,0,8,8,105,10,0,0,33,57,76,53,63,28,246,254,28,68,129,0,0,0,4,17,195,2,1,0,72,0,107,91,149,0,0,8,8,106,10,0,0,33,52,76,53,63,28,206,254,28,68,129,0,0,0,4,17,195,2,1,0,83,0,233,228,158,0,0,8,8,107,10,0,0,33,63,76,53,63,28,233,254,28,68,129,0,0,0,4,17,195,2,1,0,91,0,123,102,168,0,0,8,8,108,10,0,0,33,57,76,53,63,28,198,254,28,68,129,0,0,0,4,17,195,2,1,0,83,0,168,245,177,0,0,8,8,109,10,0,0,33,52,76,53,63,28,155,254,64,68,129,0,0,0,0,140,102,1,1,0,178,0,138,44,187,0,0,44,24,139,10,1,255,66,37,1,33,199,11,4,33,168,19,5,33,6,0,6,36,1,0,0,0,0,100,41,153,9,101,33,254,14,102,43,50,128,1,0,10,33,0,0,140,102,29,212,254,5,69,196,17,195,1,53,63,93,254,28,68,129,0,0,0,4,17,195,2,1,0,83,0,12,133,187,0,0,8,8,110,10,0,0,33,57,76,53,63,28,75,254,5,69,196,17,195,1,53,63,93,254,28,68,129,0,0,0,4,17,195,2,1,0,80,0,223,6,197,0,0,8,8,111,10,0,0,33,63,76,53,63,28,97,254,5,69,196,17,195,1,53,63,93,254,28,68,129,0,0,0,4,17,195,2,1,0,87,0,46,144,206,0,0,8,8,112,10,0,0,33,57,76,53,63,28,19,254,5,69,196,17,195,1,53,63,93,254,28,68,129,0,0,0,4,17,195,2,1,0,83,0,85,18,216,0,0,8,8,113,10,0,0,33,63,76,53,63,28,255,254,5,69,196,17,195,1,53,63,93,254,28,68,129,0,0,0,4,17,195,2,1,0,87,0,186,147,225,0,0,8,8,114,10,0,0,33,68,76,53,63,28,212,254,5,69,196,17,195,1,53,63,93,254,28,68,129,0,0,0,4,17,195,2,1,0,87,0,119,50,235,0,0,8,8,115,10,0,0,33,73,76,53,63,28,190,254,5,69,196,17,195,1,53,63,93,254,28,68,129,0,0,0,4,17,195,2,1,0,87,0,153,182,4,0,0,8,8,116,10,0,0,33,68,76,53,63,28,49,254,5,69,196,17,195,1,53,63,93,254,28,68,129,0,0,0,4,17,195,2,1,0,87,0,45,69,14,0,0,8,8,117,10,0,0,33,63,76,53,63,28,6,254,5,69,196,17,195,1,53,63,93,254,28,68,129,0,0,0,4,17,195,2,1,0,83,0,166,214,23,0,0,8,8,118,10,0,0,33,57,76,53,63,28,6,254,5,69,196,17,195,1,53,63,93,254,28,68,129,0,0,0,4,17,195,2,1,0,83,0,175,43,38,0,0,8,8,119,10,0,0,33,63,76,53,63,28,196]
[2026-03-12 13:05:10] debug: 	zh:zstack:unpi:parser: --> parsed 32 - 2 - 4 - 129 - [0,0,25,0,65,229,1,13,0,204,0,75,168,83,0,0,12,1,14,1,0,102,17,32,1,48,106,2,32,65,229,29] - 189
[2026-03-12 13:05:10] debug: 	zh:zstack:znp: <-- AREQ: AF - incomingMsg - {"groupid":0,"clusterid":25,"srcaddr":58689,"srcendpoint":1,"dstendpoint":13,"wasbroadcast":0,"linkquality":204,"securityuse":0,"timestamp":5482571,"transseqnumber":0,"len":12,"data":{"type":"Buffer","data":[1,14,1,0,102,17,32,1,48,106,2,32]}}
[2026-03-12 13:05:10] debug: 	zh:controller: Received payload: clusterID=25, address=58689, groupID=0, endpoint=1, destinationEndpoint=13, wasBroadcast=false, linkQuality=204, frame={"header":{"frameControl":{"frameType":1,"manufacturerSpecific":false,"direction":0,"disableDefaultResponse":false,"reservedBits":0},"transactionSequenceNumber":14,"commandIdentifier":1},"payload":{"fieldControl":0,"manufacturerCode":4454,"imageType":288,"fileVersion":537029168},"command":{"ID":1,"response":2,"parameters":[{"name":"fieldControl","type":24},{"name":"manufacturerCode","type":33},{"name":"imageType","type":33,"max":65471},{"name":"fileVersion","type":35},{"name":"hardwareVersion","type":33,"conditions":[{"type":"bitMaskSet","param":"fieldControl","mask":1}]}],"required":true,"name":"queryNextImageRequest"}}
[2026-03-12 13:05:10] debug: 	zh:zstack:unpi:parser: --- parseNext [254,32,68,129,0,0,25,0,65,229,1,13,0,200,0,218,138,86,0,0,12,1,15,1,0,102,17,32,1,48,106,2,32,65,229,29,14,254,5,69,196,17,195,1,53,63,93,254,28,68,129,0,0,0,4,17,195,2,1,0,65,0,216,143,87,0,0,8,8,100,10,0,0,33,54,75,53,63,28,105,254,12,69,202,17,195,141,115,22,9,1,136,23,0,53,63,36,254,12,69,202,17,195,141,115,22,9,1,136,23,0,53,63,36,254,13,69,193,17,195,17,195,141,115,22,9,1,136,23,0,128,118,254,5,69,196,17,195,1,53,63,93,254,28,68,129,0,0,0,4,17,195,2,1,0,80,0,235,242,96,0,0,8,8,101,10,0,0,33,79,76,53,63,28,126,254,5,69,196,17,195,1,53,63,93,254,28,68,129,0,0,0,4,17,195,2,1,0,72,0,246,78,111,0,0,8,8,102,10,0,0,33,63,76,53,63,28,187,254,5,69,196,17,195,1,53,63,93,254,28,68,129,0,0,0,4,17,195,2,1,0,76,0,86,223,120,0,0,8,8,103,10,0,0,33,57,76,53,63,28,158,254,3,69,196,198,56,0,124,254,32,68,129,0,0,25,0,198,56,3,1,0,80,0,197,176,122,0,0,12,17,63,1,0,12,17,39,0,9,5,2,1,198,56,29,170,254,5,69,196,17,195,1,53,63,93,254,28,68,129,0,0,0,4,17,195,2,1,0,72,0,142,99,130,0,0,8,8,104,10,0,0,33,68,76,53,63,28,118,254,1,100,1,0,100,254,3,68,128,0,1,2,196,254,28,68,129,0,0,0,4,17,195,2,1,0,72,0,249,225,139,0,0,8,8,105,10,0,0,33,57,76,53,63,28,246,254,28,68,129,0,0,0,4,17,195,2,1,0,72,0,107,91,149,0,0,8,8,106,10,0,0,33,52,76,53,63,28,206,254,28,68,129,0,0,0,4,17,195,2,1,0,83,0,233,228,158,0,0,8,8,107,10,0,0,33,63,76,53,63,28,233,254,28,68,129,0,0,0,4,17,195,2,1,0,91,0,123,102,168,0,0,8,8,108,10,0,0,33,57,76,53,63,28,198,254,28,68,129,0,0,0,4,17,195,2,1,0,83,0,168,245,177,0,0,8,8,109,10,0,0,33,52,76,53,63,28,155,254,64,68,129,0,0,0,0,140,102,1,1,0,178,0,138,44,187,0,0,44,24,139,10,1,255,66,37,1,33,199,11,4,33,168,19,5,33,6,0,6,36,1,0,0,0,0,100,41,153,9,101,33,254,14,102,43,50,128,1,0,10,33,0,0,140,102,29,212,254,5,69,196,17,195,1,53,63,93,254,28,68,129,0,0,0,4,17,195,2,1,0,83,0,12,133,187,0,0,8,8,110,10,0,0,33,57,76,53,63,28,75,254,5,69,196,17,195,1,53,63,93,254,28,68,129,0,0,0,4,17,195,2,1,0,80,0,223,6,197,0,0,8,8,111,10,0,0,33,63,76,53,63,28,97,254,5,69,196,17,195,1,53,63,93,254,28,68,129,0,0,0,4,17,195,2,1,0,87,0,46,144,206,0,0,8,8,112,10,0,0,33,57,76,53,63,28,19,254,5,69,196,17,195,1,53,63,93,254,28,68,129,0,0,0,4,17,195,2,1,0,83,0,85,18,216,0,0,8,8,113,10,0,0,33,63,76,53,63,28,255,254,5,69,196,17,195,1,53,63,93,254,28,68,129,0,0,0,4,17,195,2,1,0,87,0,186,147,225,0,0,8,8,114,10,0,0,33,68,76,53,63,28,212,254,5,69,196,17,195,1,53,63,93,254,28,68,129,0,0,0,4,17,195,2,1,0,87,0,119,50,235,0,0,8,8,115,10,0,0,33,73,76,53,63,28,190,254,5,69,196,17,195,1,53,63,93,254,28,68,129,0,0,0,4,17,195,2,1,0,87,0,153,182,4,0,0,8,8,116,10,0,0,33,68,76,53,63,28,49,254,5,69,196,17,195,1,53,63,93,254,28,68,129,0,0,0,4,17,195,2,1,0,87,0,45,69,14,0,0,8,8,117,10,0,0,33,63,76,53,63,28,6,254,5,69,196,17,195,1,53,63,93,254,28,68,129,0,0,0,4,17,195,2,1,0,83,0,166,214,23,0,0,8,8,118,10,0,0,33,57,76,53,63,28,6,254,5,69,196,17,195,1,53,63,93,254,28,68,129,0,0,0,4,17,195,2,1,0,83,0,175,43,38,0,0,8,8,119,10,0,0,33,63,76,53,63,28,196]
[2026-03-12 13:05:10] debug: 	zh:zstack:unpi:parser: --> parsed 32 - 2 - 4 - 129 - [0,0,25,0,65,229,1,13,0,200,0,218,138,86,0,0,12,1,15,1,0,102,17,32,1,48,106,2,32,65,229,29] - 14
[2026-03-12 13:05:10] debug: 	zh:zstack:znp: <-- AREQ: AF - incomingMsg - {"groupid":0,"clusterid":25,"srcaddr":58689,"srcendpoint":1,"dstendpoint":13,"wasbroadcast":0,"linkquality":200,"securityuse":0,"timestamp":5671642,"transseqnumber":0,"len":12,"data":{"type":"Buffer","data":[1,15,1,0,102,17,32,1,48,106,2,32]}}
[2026-03-12 13:05:10] debug: 	zh:controller: Received payload: clusterID=25, address=58689, groupID=0, endpoint=1, destinationEndpoint=13, wasBroadcast=false, linkQuality=200, frame={"header":{"frameControl":{"frameType":1,"manufacturerSpecific":false,"direction":0,"disableDefaultResponse":false,"reservedBits":0},"transactionSequenceNumber":15,"commandIdentifier":1},"payload":{"fieldControl":0,"manufacturerCode":4454,"imageType":288,"fileVersion":537029168},"command":{"ID":1,"response":2,"parameters":[{"name":"fieldControl","type":24},{"name":"manufacturerCode","type":33},{"name":"imageType","type":33,"max":65471},{"name":"fileVersion","type":35},{"name":"hardwareVersion","type":33,"conditions":[{"type":"bitMaskSet","param":"fieldControl","mask":1}]}],"required":true,"name":"queryNextImageRequest"}}
[2026-03-12 13:05:10] debug: 	zh:zstack:unpi:parser: --- parseNext [254,5,69,196,17,195,1,53,63,93,254,28,68,129,0,0,0,4,17,195,2,1,0,65,0,216,143,87,0,0,8,8,100,10,0,0,33,54,75,53,63,28,105,254,12,69,202,17,195,141,115,22,9,1,136,23,0,53,63,36,254,12,69,202,17,195,141,115,22,9,1,136,23,0,53,63,36,254,13,69,193,17,195,17,195,141,115,22,9,1,136,23,0,128,118,254,5,69,196,17,195,1,53,63,93,254,28,68,129,0,0,0,4,17,195,2,1,0,80,0,235,242,96,0,0,8,8,101,10,0,0,33,79,76,53,63,28,126,254,5,69,196,17,195,1,53,63,93,254,28,68,129,0,0,0,4,17,195,2,1,0,72,0,246,78,111,0,0,8,8,102,10,0,0,33,63,76,53,63,28,187,254,5,69,196,17,195,1,53,63,93,254,28,68,129,0,0,0,4,17,195,2,1,0,76,0,86,223,120,0,0,8,8,103,10,0,0,33,57,76,53,63,28,158,254,3,69,196,198,56,0,124,254,32,68,129,0,0,25,0,198,56,3,1,0,80,0,197,176,122,0,0,12,17,63,1,0,12,17,39,0,9,5,2,1,198,56,29,170,254,5,69,196,17,195,1,53,63,93,254,28,68,129,0,0,0,4,17,195,2,1,0,72,0,142,99,130,0,0,8,8,104,10,0,0,33,68,76,53,63,28,118,254,1,100,1,0,100,254,3,68,128,0,1,2,196,254,28,68,129,0,0,0,4,17,195,2,1,0,72,0,249,225,139,0,0,8,8,105,10,0,0,33,57,76,53,63,28,246,254,28,68,129,0,0,0,4,17,195,2,1,0,72,0,107,91,149,0,0,8,8,106,10,0,0,33,52,76,53,63,28,206,254,28,68,129,0,0,0,4,17,195,2,1,0,83,0,233,228,158,0,0,8,8,107,10,0,0,33,63,76,53,63,28,233,254,28,68,129,0,0,0,4,17,195,2,1,0,91,0,123,102,168,0,0,8,8,108,10,0,0,33,57,76,53,63,28,198,254,28,68,129,0,0,0,4,17,195,2,1,0,83,0,168,245,177,0,0,8,8,109,10,0,0,33,52,76,53,63,28,155,254,64,68,129,0,0,0,0,140,102,1,1,0,178,0,138,44,187,0,0,44,24,139,10,1,255,66,37,1,33,199,11,4,33,168,19,5,33,6,0,6,36,1,0,0,0,0,100,41,153,9,101,33,254,14,102,43,50,128,1,0,10,33,0,0,140,102,29,212,254,5,69,196,17,195,1,53,63,93,254,28,68,129,0,0,0,4,17,195,2,1,0,83,0,12,133,187,0,0,8,8,110,10,0,0,33,57,76,53,63,28,75,254,5,69,196,17,195,1,53,63,93,254,28,68,129,0,0,0,4,17,195,2,1,0,80,0,223,6,197,0,0,8,8,111,10,0,0,33,63,76,53,63,28,97,254,5,69,196,17,195,1,53,63,93,254,28,68,129,0,0,0,4,17,195,2,1,0,87,0,46,144,206,0,0,8,8,112,10,0,0,33,57,76,53,63,28,19,254,5,69,196,17,195,1,53,63,93,254,28,68,129,0,0,0,4,17,195,2,1,0,83,0,85,18,216,0,0,8,8,113,10,0,0,33,63,76,53,63,28,255,254,5,69,196,17,195,1,53,63,93,254,28,68,129,0,0,0,4,17,195,2,1,0,87,0,186,147,225,0,0,8,8,114,10,0,0,33,68,76,53,63,28,212,254,5,69,196,17,195,1,53,63,93,254,28,68,129,0,0,0,4,17,195,2,1,0,87,0,119,50,235,0,0,8,8,115,10,0,0,33,73,76,53,63,28,190,254,5,69,196,17,195,1,53,63,93,254,28,68,129,0,0,0,4,17,195,2,1,0,87,0,153,182,4,0,0,8,8,116,10,0,0,33,68,76,53,63,28,49,254,5,69,196,17,195,1,53,63,93,254,28,68,129,0,0,0,4,17,195,2,1,0,87,0,45,69,14,0,0,8,8,117,10,0,0,33,63,76,53,63,28,6,254,5,69,196,17,195,1,53,63,93,254,28,68,129,0,0,0,4,17,195,2,1,0,83,0,166,214,23,0,0,8,8,118,10,0,0,33,57,76,53,63,28,6,254,5,69,196,17,195,1,53,63,93,254,28,68,129,0,0,0,4,17,195,2,1,0,83,0,175,43,38,0,0,8,8,119,10,0,0,33,63,76,53,63,28,196]
[2026-03-12 13:05:10] debug: 	zh:zstack:unpi:parser: --> parsed 5 - 2 - 5 - 196 - [17,195,1,53,63] - 93
[2026-03-12 13:05:10] debug: 	zh:zstack:znp: <-- AREQ: ZDO - srcRtgInd
[2026-03-12 13:05:10] debug: 	zh:zstack:unpi:parser: --- parseNext [254,28,68,129,0,0,0,4,17,195,2,1,0,65,0,216,143,87,0,0,8,8,100,10,0,0,33,54,75,53,63,28,105,254,12,69,202,17,195,141,115,22,9,1,136,23,0,53,63,36,254,12,69,202,17,195,141,115,22,9,1,136,23,0,53,63,36,254,13,69,193,17,195,17,195,141,115,22,9,1,136,23,0,128,118,254,5,69,196,17,195,1,53,63,93,254,28,68,129,0,0,0,4,17,195,2,1,0,80,0,235,242,96,0,0,8,8,101,10,0,0,33,79,76,53,63,28,126,254,5,69,196,17,195,1,53,63,93,254,28,68,129,0,0,0,4,17,195,2,1,0,72,0,246,78,111,0,0,8,8,102,10,0,0,33,63,76,53,63,28,187,254,5,69,196,17,195,1,53,63,93,254,28,68,129,0,0,0,4,17,195,2,1,0,76,0,86,223,120,0,0,8,8,103,10,0,0,33,57,76,53,63,28,158,254,3,69,196,198,56,0,124,254,32,68,129,0,0,25,0,198,56,3,1,0,80,0,197,176,122,0,0,12,17,63,1,0,12,17,39,0,9,5,2,1,198,56,29,170,254,5,69,196,17,195,1,53,63,93,254,28,68,129,0,0,0,4,17,195,2,1,0,72,0,142,99,130,0,0,8,8,104,10,0,0,33,68,76,53,63,28,118,254,1,100,1,0,100,254,3,68,128,0,1,2,196,254,28,68,129,0,0,0,4,17,195,2,1,0,72,0,249,225,139,0,0,8,8,105,10,0,0,33,57,76,53,63,28,246,254,28,68,129,0,0,0,4,17,195,2,1,0,72,0,107,91,149,0,0,8,8,106,10,0,0,33,52,76,53,63,28,206,254,28,68,129,0,0,0,4,17,195,2,1,0,83,0,233,228,158,0,0,8,8,107,10,0,0,33,63,76,53,63,28,233,254,28,68,129,0,0,0,4,17,195,2,1,0,91,0,123,102,168,0,0,8,8,108,10,0,0,33,57,76,53,63,28,198,254,28,68,129,0,0,0,4,17,195,2,1,0,83,0,168,245,177,0,0,8,8,109,10,0,0,33,52,76,53,63,28,155,254,64,68,129,0,0,0,0,140,102,1,1,0,178,0,138,44,187,0,0,44,24,139,10,1,255,66,37,1,33,199,11,4,33,168,19,5,33,6,0,6,36,1,0,0,0,0,100,41,153,9,101,33,254,14,102,43,50,128,1,0,10,33,0,0,140,102,29,212,254,5,69,196,17,195,1,53,63,93,254,28,68,129,0,0,0,4,17,195,2,1,0,83,0,12,133,187,0,0,8,8,110,10,0,0,33,57,76,53,63,28,75,254,5,69,196,17,195,1,53,63,93,254,28,68,129,0,0,0,4,17,195,2,1,0,80,0,223,6,197,0,0,8,8,111,10,0,0,33,63,76,53,63,28,97,254,5,69,196,17,195,1,53,63,93,254,28,68,129,0,0,0,4,17,195,2,1,0,87,0,46,144,206,0,0,8,8,112,10,0,0,33,57,76,53,63,28,19,254,5,69,196,17,195,1,53,63,93,254,28,68,129,0,0,0,4,17,195,2,1,0,83,0,85,18,216,0,0,8,8,113,10,0,0,33,63,76,53,63,28,255,254,5,69,196,17,195,1,53,63,93,254,28,68,129,0,0,0,4,17,195,2,1,0,87,0,186,147,225,0,0,8,8,114,10,0,0,33,68,76,53,63,28,212,254,5,69,196,17,195,1,53,63,93,254,28,68,129,0,0,0,4,17,195,2,1,0,87,0,119,50,235,0,0,8,8,115,10,0,0,33,73,76,53,63,28,190,254,5,69,196,17,195,1,53,63,93,254,28,68,129,0,0,0,4,17,195,2,1,0,87,0,153,182,4,0,0,8,8,116,10,0,0,33,68,76,53,63,28,49,254,5,69,196,17,195,1,53,63,93,254,28,68,129,0,0,0,4,17,195,2,1,0,87,0,45,69,14,0,0,8,8,117,10,0,0,33,63,76,53,63,28,6,254,5,69,196,17,195,1,53,63,93,254,28,68,129,0,0,0,4,17,195,2,1,0,83,0,166,214,23,0,0,8,8,118,10,0,0,33,57,76,53,63,28,6,254,5,69,196,17,195,1,53,63,93,254,28,68,129,0,0,0,4,17,195,2,1,0,83,0,175,43,38,0,0,8,8,119,10,0,0,33,63,76,53,63,28,196]
[2026-03-12 13:05:10] debug: 	zh:zstack:unpi:parser: --> parsed 28 - 2 - 4 - 129 - [0,0,0,4,17,195,2,1,0,65,0,216,143,87,0,0,8,8,100,10,0,0,33,54,75,53,63,28] - 105
[2026-03-12 13:05:10] debug: 	zh:zstack:znp: <-- AREQ: AF - incomingMsg - {"groupid":0,"clusterid":1024,"srcaddr":49937,"srcendpoint":2,"dstendpoint":1,"wasbroadcast":0,"linkquality":65,"securityuse":0,"timestamp":5738456,"transseqnumber":0,"len":8,"data":{"type":"Buffer","data":[8,100,10,0,0,33,54,75]}}
[2026-03-12 13:05:10] debug: 	zh:controller: Received payload: clusterID=1024, address=49937, groupID=0, endpoint=2, destinationEndpoint=1, wasBroadcast=false, linkQuality=65, frame={"header":{"frameControl":{"frameType":0,"manufacturerSpecific":false,"direction":1,"disableDefaultResponse":false,"reservedBits":0},"transactionSequenceNumber":100,"commandIdentifier":10},"payload":[{"attrId":0,"dataType":33,"attrData":19254}],"command":{"ID":10,"name":"report","parameters":[{"name":"attrId","type":9},{"name":"dataType","type":8},{"name":"attrData","type":1000}]}}
[2026-03-12 13:05:10] debug: 	zh:controller:endpoint: ZCL command 0x001788010916738d/2 msIlluminanceMeasurement.defaultRsp({"cmdId":10,"statusCode":0}, {"timeout":10000,"disableResponse":false,"disableRecovery":false,"disableDefaultResponse":true,"direction":1,"reservedBits":0,"transactionSequenceNumber":100,"writeUndiv":false})
[2026-03-12 13:05:10] debug: 	zh:zstack:unpi:parser: --- parseNext [254,12,69,202,17,195,141,115,22,9,1,136,23,0,53,63,36,254,12,69,202,17,195,141,115,22,9,1,136,23,0,53,63,36,254,13,69,193,17,195,17,195,141,115,22,9,1,136,23,0,128,118,254,5,69,196,17,195,1,53,63,93,254,28,68,129,0,0,0,4,17,195,2,1,0,80,0,235,242,96,0,0,8,8,101,10,0,0,33,79,76,53,63,28,126,254,5,69,196,17,195,1,53,63,93,254,28,68,129,0,0,0,4,17,195,2,1,0,72,0,246,78,111,0,0,8,8,102,10,0,0,33,63,76,53,63,28,187,254,5,69,196,17,195,1,53,63,93,254,28,68,129,0,0,0,4,17,195,2,1,0,76,0,86,223,120,0,0,8,8,103,10,0,0,33,57,76,53,63,28,158,254,3,69,196,198,56,0,124,254,32,68,129,0,0,25,0,198,56,3,1,0,80,0,197,176,122,0,0,12,17,63,1,0,12,17,39,0,9,5,2,1,198,56,29,170,254,5,69,196,17,195,1,53,63,93,254,28,68,129,0,0,0,4,17,195,2,1,0,72,0,142,99,130,0,0,8,8,104,10,0,0,33,68,76,53,63,28,118,254,1,100,1,0,100,254,3,68,128,0,1,2,196,254,28,68,129,0,0,0,4,17,195,2,1,0,72,0,249,225,139,0,0,8,8,105,10,0,0,33,57,76,53,63,28,246,254,28,68,129,0,0,0,4,17,195,2,1,0,72,0,107,91,149,0,0,8,8,106,10,0,0,33,52,76,53,63,28,206,254,28,68,129,0,0,0,4,17,195,2,1,0,83,0,233,228,158,0,0,8,8,107,10,0,0,33,63,76,53,63,28,233,254,28,68,129,0,0,0,4,17,195,2,1,0,91,0,123,102,168,0,0,8,8,108,10,0,0,33,57,76,53,63,28,198,254,28,68,129,0,0,0,4,17,195,2,1,0,83,0,168,245,177,0,0,8,8,109,10,0,0,33,52,76,53,63,28,155,254,64,68,129,0,0,0,0,140,102,1,1,0,178,0,138,44,187,0,0,44,24,139,10,1,255,66,37,1,33,199,11,4,33,168,19,5,33,6,0,6,36,1,0,0,0,0,100,41,153,9,101,33,254,14,102,43,50,128,1,0,10,33,0,0,140,102,29,212,254,5,69,196,17,195,1,53,63,93,254,28,68,129,0,0,0,4,17,195,2,1,0,83,0,12,133,187,0,0,8,8,110,10,0,0,33,57,76,53,63,28,75,254,5,69,196,17,195,1,53,63,93,254,28,68,129,0,0,0,4,17,195,2,1,0,80,0,223,6,197,0,0,8,8,111,10,0,0,33,63,76,53,63,28,97,254,5,69,196,17,195,1,53,63,93,254,28,68,129,0,0,0,4,17,195,2,1,0,87,0,46,144,206,0,0,8,8,112,10,0,0,33,57,76,53,63,28,19,254,5,69,196,17,195,1,53,63,93,254,28,68,129,0,0,0,4,17,195,2,1,0,83,0,85,18,216,0,0,8,8,113,10,0,0,33,63,76,53,63,28,255,254,5,69,196,17,195,1,53,63,93,254,28,68,129,0,0,0,4,17,195,2,1,0,87,0,186,147,225,0,0,8,8,114,10,0,0,33,68,76,53,63,28,212,254,5,69,196,17,195,1,53,63,93,254,28,68,129,0,0,0,4,17,195,2,1,0,87,0,119,50,235,0,0,8,8,115,10,0,0,33,73,76,53,63,28,190,254,5,69,196,17,195,1,53,63,93,254,28,68,129,0,0,0,4,17,195,2,1,0,87,0,153,182,4,0,0,8,8,116,10,0,0,33,68,76,53,63,28,49,254,5,69,196,17,195,1,53,63,93,254,28,68,129,0,0,0,4,17,195,2,1,0,87,0,45,69,14,0,0,8,8,117,10,0,0,33,63,76,53,63,28,6,254,5,69,196,17,195,1,53,63,93,254,28,68,129,0,0,0,4,17,195,2,1,0,83,0,166,214,23,0,0,8,8,118,10,0,0,33,57,76,53,63,28,6,254,5,69,196,17,195,1,53,63,93,254,28,68,129,0,0,0,4,17,195,2,1,0,83,0,175,43,38,0,0,8,8,119,10,0,0,33,63,76,53,63,28,196]
[2026-03-12 13:05:10] debug: 	zh:zstack:unpi:parser: --> parsed 12 - 2 - 5 - 202 - [17,195,141,115,22,9,1,136,23,0,53,63] - 36
[2026-03-12 13:05:10] debug: 	zh:zstack:znp: <-- AREQ: ZDO - tcDeviceInd
[2026-03-12 13:05:10] debug: 	zh:controller: Device '0x001788010916738d' joined
[2026-03-12 13:05:10] debug: 	zh:zstack:unpi:parser: --- parseNext [254,12,69,202,17,195,141,115,22,9,1,136,23,0,53,63,36,254,13,69,193,17,195,17,195,141,115,22,9,1,136,23,0,128,118,254,5,69,196,17,195,1,53,63,93,254,28,68,129,0,0,0,4,17,195,2,1,0,80,0,235,242,96,0,0,8,8,101,10,0,0,33,79,76,53,63,28,126,254,5,69,196,17,195,1,53,63,93,254,28,68,129,0,0,0,4,17,195,2,1,0,72,0,246,78,111,0,0,8,8,102,10,0,0,33,63,76,53,63,28,187,254,5,69,196,17,195,1,53,63,93,254,28,68,129,0,0,0,4,17,195,2,1,0,76,0,86,223,120,0,0,8,8,103,10,0,0,33,57,76,53,63,28,158,254,3,69,196,198,56,0,124,254,32,68,129,0,0,25,0,198,56,3,1,0,80,0,197,176,122,0,0,12,17,63,1,0,12,17,39,0,9,5,2,1,198,56,29,170,254,5,69,196,17,195,1,53,63,93,254,28,68,129,0,0,0,4,17,195,2,1,0,72,0,142,99,130,0,0,8,8,104,10,0,0,33,68,76,53,63,28,118,254,1,100,1,0,100,254,3,68,128,0,1,2,196,254,28,68,129,0,0,0,4,17,195,2,1,0,72,0,249,225,139,0,0,8,8,105,10,0,0,33,57,76,53,63,28,246,254,28,68,129,0,0,0,4,17,195,2,1,0,72,0,107,91,149,0,0,8,8,106,10,0,0,33,52,76,53,63,28,206,254,28,68,129,0,0,0,4,17,195,2,1,0,83,0,233,228,158,0,0,8,8,107,10,0,0,33,63,76,53,63,28,233,254,28,68,129,0,0,0,4,17,195,2,1,0,91,0,123,102,168,0,0,8,8,108,10,0,0,33,57,76,53,63,28,198,254,28,68,129,0,0,0,4,17,195,2,1,0,83,0,168,245,177,0,0,8,8,109,10,0,0,33,52,76,53,63,28,155,254,64,68,129,0,0,0,0,140,102,1,1,0,178,0,138,44,187,0,0,44,24,139,10,1,255,66,37,1,33,199,11,4,33,168,19,5,33,6,0,6,36,1,0,0,0,0,100,41,153,9,101,33,254,14,102,43,50,128,1,0,10,33,0,0,140,102,29,212,254,5,69,196,17,195,1,53,63,93,254,28,68,129,0,0,0,4,17,195,2,1,0,83,0,12,133,187,0,0,8,8,110,10,0,0,33,57,76,53,63,28,75,254,5,69,196,17,195,1,53,63,93,254,28,68,129,0,0,0,4,17,195,2,1,0,80,0,223,6,197,0,0,8,8,111,10,0,0,33,63,76,53,63,28,97,254,5,69,196,17,195,1,53,63,93,254,28,68,129,0,0,0,4,17,195,2,1,0,87,0,46,144,206,0,0,8,8,112,10,0,0,33,57,76,53,63,28,19,254,5,69,196,17,195,1,53,63,93,254,28,68,129,0,0,0,4,17,195,2,1,0,83,0,85,18,216,0,0,8,8,113,10,0,0,33,63,76,53,63,28,255,254,5,69,196,17,195,1,53,63,93,254,28,68,129,0,0,0,4,17,195,2,1,0,87,0,186,147,225,0,0,8,8,114,10,0,0,33,68,76,53,63,28,212,254,5,69,196,17,195,1,53,63,93,254,28,68,129,0,0,0,4,17,195,2,1,0,87,0,119,50,235,0,0,8,8,115,10,0,0,33,73,76,53,63,28,190,254,5,69,196,17,195,1,53,63,93,254,28,68,129,0,0,0,4,17,195,2,1,0,87,0,153,182,4,0,0,8,8,116,10,0,0,33,68,76,53,63,28,49,254,5,69,196,17,195,1,53,63,93,254,28,68,129,0,0,0,4,17,195,2,1,0,87,0,45,69,14,0,0,8,8,117,10,0,0,33,63,76,53,63,28,6,254,5,69,196,17,195,1,53,63,93,254,28,68,129,0,0,0,4,17,195,2,1,0,83,0,166,214,23,0,0,8,8,118,10,0,0,33,57,76,53,63,28,6,254,5,69,196,17,195,1,53,63,93,254,28,68,129,0,0,0,4,17,195,2,1,0,83,0,175,43,38,0,0,8,8,119,10,0,0,33,63,76,53,63,28,196]
[2026-03-12 13:05:10] debug: 	zh:zstack:unpi:parser: --> parsed 12 - 2 - 5 - 202 - [17,195,141,115,22,9,1,136,23,0,53,63] - 36
[2026-03-12 13:05:10] debug: 	zh:zstack:znp: <-- AREQ: ZDO - tcDeviceInd
[2026-03-12 13:05:10] debug: 	zh:controller: Device '0x001788010916738d' joined
[2026-03-12 13:05:10] debug: 	zh:zstack:unpi:parser: --- parseNext [254,13,69,193,17,195,17,195,141,115,22,9,1,136,23,0,128,118,254,5,69,196,17,195,1,53,63,93,254,28,68,129,0,0,0,4,17,195,2,1,0,80,0,235,242,96,0,0,8,8,101,10,0,0,33,79,76,53,63,28,126,254,5,69,196,17,195,1,53,63,93,254,28,68,129,0,0,0,4,17,195,2,1,0,72,0,246,78,111,0,0,8,8,102,10,0,0,33,63,76,53,63,28,187,254,5,69,196,17,195,1,53,63,93,254,28,68,129,0,0,0,4,17,195,2,1,0,76,0,86,223,120,0,0,8,8,103,10,0,0,33,57,76,53,63,28,158,254,3,69,196,198,56,0,124,254,32,68,129,0,0,25,0,198,56,3,1,0,80,0,197,176,122,0,0,12,17,63,1,0,12,17,39,0,9,5,2,1,198,56,29,170,254,5,69,196,17,195,1,53,63,93,254,28,68,129,0,0,0,4,17,195,2,1,0,72,0,142,99,130,0,0,8,8,104,10,0,0,33,68,76,53,63,28,118,254,1,100,1,0,100,254,3,68,128,0,1,2,196,254,28,68,129,0,0,0,4,17,195,2,1,0,72,0,249,225,139,0,0,8,8,105,10,0,0,33,57,76,53,63,28,246,254,28,68,129,0,0,0,4,17,195,2,1,0,72,0,107,91,149,0,0,8,8,106,10,0,0,33,52,76,53,63,28,206,254,28,68,129,0,0,0,4,17,195,2,1,0,83,0,233,228,158,0,0,8,8,107,10,0,0,33,63,76,53,63,28,233,254,28,68,129,0,0,0,4,17,195,2,1,0,91,0,123,102,168,0,0,8,8,108,10,0,0,33,57,76,53,63,28,198,254,28,68,129,0,0,0,4,17,195,2,1,0,83,0,168,245,177,0,0,8,8,109,10,0,0,33,52,76,53,63,28,155,254,64,68,129,0,0,0,0,140,102,1,1,0,178,0,138,44,187,0,0,44,24,139,10,1,255,66,37,1,33,199,11,4,33,168,19,5,33,6,0,6,36,1,0,0,0,0,100,41,153,9,101,33,254,14,102,43,50,128,1,0,10,33,0,0,140,102,29,212,254,5,69,196,17,195,1,53,63,93,254,28,68,129,0,0,0,4,17,195,2,1,0,83,0,12,133,187,0,0,8,8,110,10,0,0,33,57,76,53,63,28,75,254,5,69,196,17,195,1,53,63,93,254,28,68,129,0,0,0,4,17,195,2,1,0,80,0,223,6,197,0,0,8,8,111,10,0,0,33,63,76,53,63,28,97,254,5,69,196,17,195,1,53,63,93,254,28,68,129,0,0,0,4,17,195,2,1,0,87,0,46,144,206,0,0,8,8,112,10,0,0,33,57,76,53,63,28,19,254,5,69,196,17,195,1,53,63,93,254,28,68,129,0,0,0,4,17,195,2,1,0,83,0,85,18,216,0,0,8,8,113,10,0,0,33,63,76,53,63,28,255,254,5,69,196,17,195,1,53,63,93,254,28,68,129,0,0,0,4,17,195,2,1,0,87,0,186,147,225,0,0,8,8,114,10,0,0,33,68,76,53,63,28,212,254,5,69,196,17,195,1,53,63,93,254,28,68,129,0,0,0,4,17,195,2,1,0,87,0,119,50,235,0,0,8,8,115,10,0,0,33,73,76,53,63,28,190,254,5,69,196,17,195,1,53,63,93,254,28,68,129,0,0,0,4,17,195,2,1,0,87,0,153,182,4,0,0,8,8,116,10,0,0,33,68,76,53,63,28,49,254,5,69,196,17,195,1,53,63,93,254,28,68,129,0,0,0,4,17,195,2,1,0,87,0,45,69,14,0,0,8,8,117,10,0,0,33,63,76,53,63,28,6,254,5,69,196,17,195,1,53,63,93,254,28,68,129,0,0,0,4,17,195,2,1,0,83,0,166,214,23,0,0,8,8,118,10,0,0,33,57,76,53,63,28,6,254,5,69,196,17,195,1,53,63,93,254,28,68,129,0,0,0,4,17,195,2,1,0,83,0,175,43,38,0,0,8,8,119,10,0,0,33,63,76,53,63,28,196]
[2026-03-12 13:05:10] debug: 	zh:zstack:unpi:parser: --> parsed 13 - 2 - 5 - 193 - [17,195,17,195,141,115,22,9,1,136,23,0,128] - 118
[2026-03-12 13:05:10] debug: 	zh:zstack:znp: <-- AREQ: ZDO - endDeviceAnnceInd
[2026-03-12 13:05:10] debug: 	zh:controller: Received ZDO response: clusterId=END_DEVICE_ANNOUNCE, status=SUCCESS, payload={"nwkAddress":49937,"eui64":"0x001788010916738d","capabilities":{"alternatePANCoordinator":0,"deviceType":0,"powerSource":0,"rxOnWhenIdle":0,"reserved1":0,"reserved2":0,"securityCapability":0,"allocateAddress":1}}
[2026-03-12 13:05:10] debug: 	zh:controller: Device announce from '0x001788010916738d:49937'
[2026-03-12 13:05:10] debug: 	z2m: Device 'Hue-Motiondetect' announced itself
[2026-03-12 13:05:10] debug: 	zh:zstack:unpi:parser: --- parseNext [254,5,69,196,17,195,1,53,63,93,254,28,68,129,0,0,0,4,17,195,2,1,0,80,0,235,242,96,0,0,8,8,101,10,0,0,33,79,76,53,63,28,126,254,5,69,196,17,195,1,53,63,93,254,28,68,129,0,0,0,4,17,195,2,1,0,72,0,246,78,111,0,0,8,8,102,10,0,0,33,63,76,53,63,28,187,254,5,69,196,17,195,1,53,63,93,254,28,68,129,0,0,0,4,17,195,2,1,0,76,0,86,223,120,0,0,8,8,103,10,0,0,33,57,76,53,63,28,158,254,3,69,196,198,56,0,124,254,32,68,129,0,0,25,0,198,56,3,1,0,80,0,197,176,122,0,0,12,17,63,1,0,12,17,39,0,9,5,2,1,198,56,29,170,254,5,69,196,17,195,1,53,63,93,254,28,68,129,0,0,0,4,17,195,2,1,0,72,0,142,99,130,0,0,8,8,104,10,0,0,33,68,76,53,63,28,118,254,1,100,1,0,100,254,3,68,128,0,1,2,196,254,28,68,129,0,0,0,4,17,195,2,1,0,72,0,249,225,139,0,0,8,8,105,10,0,0,33,57,76,53,63,28,246,254,28,68,129,0,0,0,4,17,195,2,1,0,72,0,107,91,149,0,0,8,8,106,10,0,0,33,52,76,53,63,28,206,254,28,68,129,0,0,0,4,17,195,2,1,0,83,0,233,228,158,0,0,8,8,107,10,0,0,33,63,76,53,63,28,233,254,28,68,129,0,0,0,4,17,195,2,1,0,91,0,123,102,168,0,0,8,8,108,10,0,0,33,57,76,53,63,28,198,254,28,68,129,0,0,0,4,17,195,2,1,0,83,0,168,245,177,0,0,8,8,109,10,0,0,33,52,76,53,63,28,155,254,64,68,129,0,0,0,0,140,102,1,1,0,178,0,138,44,187,0,0,44,24,139,10,1,255,66,37,1,33,199,11,4,33,168,19,5,33,6,0,6,36,1,0,0,0,0,100,41,153,9,101,33,254,14,102,43,50,128,1,0,10,33,0,0,140,102,29,212,254,5,69,196,17,195,1,53,63,93,254,28,68,129,0,0,0,4,17,195,2,1,0,83,0,12,133,187,0,0,8,8,110,10,0,0,33,57,76,53,63,28,75,254,5,69,196,17,195,1,53,63,93,254,28,68,129,0,0,0,4,17,195,2,1,0,80,0,223,6,197,0,0,8,8,111,10,0,0,33,63,76,53,63,28,97,254,5,69,196,17,195,1,53,63,93,254,28,68,129,0,0,0,4,17,195,2,1,0,87,0,46,144,206,0,0,8,8,112,10,0,0,33,57,76,53,63,28,19,254,5,69,196,17,195,1,53,63,93,254,28,68,129,0,0,0,4,17,195,2,1,0,83,0,85,18,216,0,0,8,8,113,10,0,0,33,63,76,53,63,28,255,254,5,69,196,17,195,1,53,63,93,254,28,68,129,0,0,0,4,17,195,2,1,0,87,0,186,147,225,0,0,8,8,114,10,0,0,33,68,76,53,63,28,212,254,5,69,196,17,195,1,53,63,93,254,28,68,129,0,0,0,4,17,195,2,1,0,87,0,119,50,235,0,0,8,8,115,10,0,0,33,73,76,53,63,28,190,254,5,69,196,17,195,1,53,63,93,254,28,68,129,0,0,0,4,17,195,2,1,0,87,0,153,182,4,0,0,8,8,116,10,0,0,33,68,76,53,63,28,49,254,5,69,196,17,195,1,53,63,93,254,28,68,129,0,0,0,4,17,195,2,1,0,87,0,45,69,14,0,0,8,8,117,10,0,0,33,63,76,53,63,28,6,254,5,69,196,17,195,1,53,63,93,254,28,68,129,0,0,0,4,17,195,2,1,0,83,0,166,214,23,0,0,8,8,118,10,0,0,33,57,76,53,63,28,6,254,5,69,196,17,195,1,53,63,93,254,28,68,129,0,0,0,4,17,195,2,1,0,83,0,175,43,38,0,0,8,8,119,10,0,0,33,63,76,53,63,28,196]
[2026-03-12 13:05:10] debug: 	zh:zstack:unpi:parser: --> parsed 5 - 2 - 5 - 196 - [17,195,1,53,63] - 93
[2026-03-12 13:05:10] debug: 	zh:zstack:znp: <-- AREQ: ZDO - srcRtgInd
[2026-03-12 13:05:10] debug: 	zh:zstack:unpi:parser: --- parseNext [254,28,68,129,0,0,0,4,17,195,2,1,0,80,0,235,242,96,0,0,8,8,101,10,0,0,33,79,76,53,63,28,126,254,5,69,196,17,195,1,53,63,93,254,28,68,129,0,0,0,4,17,195,2,1,0,72,0,246,78,111,0,0,8,8,102,10,0,0,33,63,76,53,63,28,187,254,5,69,196,17,195,1,53,63,93,254,28,68,129,0,0,0,4,17,195,2,1,0,76,0,86,223,120,0,0,8,8,103,10,0,0,33,57,76,53,63,28,158,254,3,69,196,198,56,0,124,254,32,68,129,0,0,25,0,198,56,3,1,0,80,0,197,176,122,0,0,12,17,63,1,0,12,17,39,0,9,5,2,1,198,56,29,170,254,5,69,196,17,195,1,53,63,93,254,28,68,129,0,0,0,4,17,195,2,1,0,72,0,142,99,130,0,0,8,8,104,10,0,0,33,68,76,53,63,28,118,254,1,100,1,0,100,254,3,68,128,0,1,2,196,254,28,68,129,0,0,0,4,17,195,2,1,0,72,0,249,225,139,0,0,8,8,105,10,0,0,33,57,76,53,63,28,246,254,28,68,129,0,0,0,4,17,195,2,1,0,72,0,107,91,149,0,0,8,8,106,10,0,0,33,52,76,53,63,28,206,254,28,68,129,0,0,0,4,17,195,2,1,0,83,0,233,228,158,0,0,8,8,107,10,0,0,33,63,76,53,63,28,233,254,28,68,129,0,0,0,4,17,195,2,1,0,91,0,123,102,168,0,0,8,8,108,10,0,0,33,57,76,53,63,28,198,254,28,68,129,0,0,0,4,17,195,2,1,0,83,0,168,245,177,0,0,8,8,109,10,0,0,33,52,76,53,63,28,155,254,64,68,129,0,0,0,0,140,102,1,1,0,178,0,138,44,187,0,0,44,24,139,10,1,255,66,37,1,33,199,11,4,33,168,19,5,33,6,0,6,36,1,0,0,0,0,100,41,153,9,101,33,254,14,102,43,50,128,1,0,10,33,0,0,140,102,29,212,254,5,69,196,17,195,1,53,63,93,254,28,68,129,0,0,0,4,17,195,2,1,0,83,0,12,133,187,0,0,8,8,110,10,0,0,33,57,76,53,63,28,75,254,5,69,196,17,195,1,53,63,93,254,28,68,129,0,0,0,4,17,195,2,1,0,80,0,223,6,197,0,0,8,8,111,10,0,0,33,63,76,53,63,28,97,254,5,69,196,17,195,1,53,63,93,254,28,68,129,0,0,0,4,17,195,2,1,0,87,0,46,144,206,0,0,8,8,112,10,0,0,33,57,76,53,63,28,19,254,5,69,196,17,195,1,53,63,93,254,28,68,129,0,0,0,4,17,195,2,1,0,83,0,85,18,216,0,0,8,8,113,10,0,0,33,63,76,53,63,28,255,254,5,69,196,17,195,1,53,63,93,254,28,68,129,0,0,0,4,17,195,2,1,0,87,0,186,147,225,0,0,8,8,114,10,0,0,33,68,76,53,63,28,212,254,5,69,196,17,195,1,53,63,93,254,28,68,129,0,0,0,4,17,195,2,1,0,87,0,119,50,235,0,0,8,8,115,10,0,0,33,73,76,53,63,28,190,254,5,69,196,17,195,1,53,63,93,254,28,68,129,0,0,0,4,17,195,2,1,0,87,0,153,182,4,0,0,8,8,116,10,0,0,33,68,76,53,63,28,49,254,5,69,196,17,195,1,53,63,93,254,28,68,129,0,0,0,4,17,195,2,1,0,87,0,45,69,14,0,0,8,8,117,10,0,0,33,63,76,53,63,28,6,254,5,69,196,17,195,1,53,63,93,254,28,68,129,0,0,0,4,17,195,2,1,0,83,0,166,214,23,0,0,8,8,118,10,0,0,33,57,76,53,63,28,6,254,5,69,196,17,195,1,53,63,93,254,28,68,129,0,0,0,4,17,195,2,1,0,83,0,175,43,38,0,0,8,8,119,10,0,0,33,63,76,53,63,28,196]
[2026-03-12 13:05:10] debug: 	zh:zstack:unpi:parser: --> parsed 28 - 2 - 4 - 129 - [0,0,0,4,17,195,2,1,0,80,0,235,242,96,0,0,8,8,101,10,0,0,33,79,76,53,63,28] - 126
[2026-03-12 13:05:10] debug: 	zh:zstack:znp: <-- AREQ: AF - incomingMsg - {"groupid":0,"clusterid":1024,"srcaddr":49937,"srcendpoint":2,"dstendpoint":1,"wasbroadcast":0,"linkquality":80,"securityuse":0,"timestamp":6353643,"transseqnumber":0,"len":8,"data":{"type":"Buffer","data":[8,101,10,0,0,33,79,76]}}
[2026-03-12 13:05:10] debug: 	zh:controller: Received payload: clusterID=1024, address=49937, groupID=0, endpoint=2, destinationEndpoint=1, wasBroadcast=false, linkQuality=80, frame={"header":{"frameControl":{"frameType":0,"manufacturerSpecific":false,"direction":1,"disableDefaultResponse":false,"reservedBits":0},"transactionSequenceNumber":101,"commandIdentifier":10},"payload":[{"attrId":0,"dataType":33,"attrData":19535}],"command":{"ID":10,"name":"report","parameters":[{"name":"attrId","type":9},{"name":"dataType","type":8},{"name":"attrData","type":1000}]}}
[2026-03-12 13:05:10] debug: 	zh:controller:endpoint: ZCL command 0x001788010916738d/2 msIlluminanceMeasurement.defaultRsp({"cmdId":10,"statusCode":0}, {"timeout":10000,"disableResponse":false,"disableRecovery":false,"disableDefaultResponse":true,"direction":1,"reservedBits":0,"transactionSequenceNumber":101,"writeUndiv":false})
[2026-03-12 13:05:10] debug: 	zh:zstack:unpi:parser: --- parseNext [254,5,69,196,17,195,1,53,63,93,254,28,68,129,0,0,0,4,17,195,2,1,0,72,0,246,78,111,0,0,8,8,102,10,0,0,33,63,76,53,63,28,187,254,5,69,196,17,195,1,53,63,93,254,28,68,129,0,0,0,4,17,195,2,1,0,76,0,86,223,120,0,0,8,8,103,10,0,0,33,57,76,53,63,28,158,254,3,69,196,198,56,0,124,254,32,68,129,0,0,25,0,198,56,3,1,0,80,0,197,176,122,0,0,12,17,63,1,0,12,17,39,0,9,5,2,1,198,56,29,170,254,5,69,196,17,195,1,53,63,93,254,28,68,129,0,0,0,4,17,195,2,1,0,72,0,142,99,130,0,0,8,8,104,10,0,0,33,68,76,53,63,28,118,254,1,100,1,0,100,254,3,68,128,0,1,2,196,254,28,68,129,0,0,0,4,17,195,2,1,0,72,0,249,225,139,0,0,8,8,105,10,0,0,33,57,76,53,63,28,246,254,28,68,129,0,0,0,4,17,195,2,1,0,72,0,107,91,149,0,0,8,8,106,10,0,0,33,52,76,53,63,28,206,254,28,68,129,0,0,0,4,17,195,2,1,0,83,0,233,228,158,0,0,8,8,107,10,0,0,33,63,76,53,63,28,233,254,28,68,129,0,0,0,4,17,195,2,1,0,91,0,123,102,168,0,0,8,8,108,10,0,0,33,57,76,53,63,28,198,254,28,68,129,0,0,0,4,17,195,2,1,0,83,0,168,245,177,0,0,8,8,109,10,0,0,33,52,76,53,63,28,155,254,64,68,129,0,0,0,0,140,102,1,1,0,178,0,138,44,187,0,0,44,24,139,10,1,255,66,37,1,33,199,11,4,33,168,19,5,33,6,0,6,36,1,0,0,0,0,100,41,153,9,101,33,254,14,102,43,50,128,1,0,10,33,0,0,140,102,29,212,254,5,69,196,17,195,1,53,63,93,254,28,68,129,0,0,0,4,17,195,2,1,0,83,0,12,133,187,0,0,8,8,110,10,0,0,33,57,76,53,63,28,75,254,5,69,196,17,195,1,53,63,93,254,28,68,129,0,0,0,4,17,195,2,1,0,80,0,223,6,197,0,0,8,8,111,10,0,0,33,63,76,53,63,28,97,254,5,69,196,17,195,1,53,63,93,254,28,68,129,0,0,0,4,17,195,2,1,0,87,0,46,144,206,0,0,8,8,112,10,0,0,33,57,76,53,63,28,19,254,5,69,196,17,195,1,53,63,93,254,28,68,129,0,0,0,4,17,195,2,1,0,83,0,85,18,216,0,0,8,8,113,10,0,0,33,63,76,53,63,28,255,254,5,69,196,17,195,1,53,63,93,254,28,68,129,0,0,0,4,17,195,2,1,0,87,0,186,147,225,0,0,8,8,114,10,0,0,33,68,76,53,63,28,212,254,5,69,196,17,195,1,53,63,93,254,28,68,129,0,0,0,4,17,195,2,1,0,87,0,119,50,235,0,0,8,8,115,10,0,0,33,73,76,53,63,28,190,254,5,69,196,17,195,1,53,63,93,254,28,68,129,0,0,0,4,17,195,2,1,0,87,0,153,182,4,0,0,8,8,116,10,0,0,33,68,76,53,63,28,49,254,5,69,196,17,195,1,53,63,93,254,28,68,129,0,0,0,4,17,195,2,1,0,87,0,45,69,14,0,0,8,8,117,10,0,0,33,63,76,53,63,28,6,254,5,69,196,17,195,1,53,63,93,254,28,68,129,0,0,0,4,17,195,2,1,0,83,0,166,214,23,0,0,8,8,118,10,0,0,33,57,76,53,63,28,6,254,5,69,196,17,195,1,53,63,93,254,28,68,129,0,0,0,4,17,195,2,1,0,83,0,175,43,38,0,0,8,8,119,10,0,0,33,63,76,53,63,28,196]
[2026-03-12 13:05:10] debug: 	zh:zstack:unpi:parser: --> parsed 5 - 2 - 5 - 196 - [17,195,1,53,63] - 93
[2026-03-12 13:05:10] debug: 	zh:zstack:znp: <-- AREQ: ZDO - srcRtgInd
[2026-03-12 13:05:10] debug: 	zh:zstack:unpi:parser: --- parseNext [254,28,68,129,0,0,0,4,17,195,2,1,0,72,0,246,78,111,0,0,8,8,102,10,0,0,33,63,76,53,63,28,187,254,5,69,196,17,195,1,53,63,93,254,28,68,129,0,0,0,4,17,195,2,1,0,76,0,86,223,120,0,0,8,8,103,10,0,0,33,57,76,53,63,28,158,254,3,69,196,198,56,0,124,254,32,68,129,0,0,25,0,198,56,3,1,0,80,0,197,176,122,0,0,12,17,63,1,0,12,17,39,0,9,5,2,1,198,56,29,170,254,5,69,196,17,195,1,53,63,93,254,28,68,129,0,0,0,4,17,195,2,1,0,72,0,142,99,130,0,0,8,8,104,10,0,0,33,68,76,53,63,28,118,254,1,100,1,0,100,254,3,68,128,0,1,2,196,254,28,68,129,0,0,0,4,17,195,2,1,0,72,0,249,225,139,0,0,8,8,105,10,0,0,33,57,76,53,63,28,246,254,28,68,129,0,0,0,4,17,195,2,1,0,72,0,107,91,149,0,0,8,8,106,10,0,0,33,52,76,53,63,28,206,254,28,68,129,0,0,0,4,17,195,2,1,0,83,0,233,228,158,0,0,8,8,107,10,0,0,33,63,76,53,63,28,233,254,28,68,129,0,0,0,4,17,195,2,1,0,91,0,123,102,168,0,0,8,8,108,10,0,0,33,57,76,53,63,28,198,254,28,68,129,0,0,0,4,17,195,2,1,0,83,0,168,245,177,0,0,8,8,109,10,0,0,33,52,76,53,63,28,155,254,64,68,129,0,0,0,0,140,102,1,1,0,178,0,138,44,187,0,0,44,24,139,10,1,255,66,37,1,33,199,11,4,33,168,19,5,33,6,0,6,36,1,0,0,0,0,100,41,153,9,101,33,254,14,102,43,50,128,1,0,10,33,0,0,140,102,29,212,254,5,69,196,17,195,1,53,63,93,254,28,68,129,0,0,0,4,17,195,2,1,0,83,0,12,133,187,0,0,8,8,110,10,0,0,33,57,76,53,63,28,75,254,5,69,196,17,195,1,53,63,93,254,28,68,129,0,0,0,4,17,195,2,1,0,80,0,223,6,197,0,0,8,8,111,10,0,0,33,63,76,53,63,28,97,254,5,69,196,17,195,1,53,63,93,254,28,68,129,0,0,0,4,17,195,2,1,0,87,0,46,144,206,0,0,8,8,112,10,0,0,33,57,76,53,63,28,19,254,5,69,196,17,195,1,53,63,93,254,28,68,129,0,0,0,4,17,195,2,1,0,83,0,85,18,216,0,0,8,8,113,10,0,0,33,63,76,53,63,28,255,254,5,69,196,17,195,1,53,63,93,254,28,68,129,0,0,0,4,17,195,2,1,0,87,0,186,147,225,0,0,8,8,114,10,0,0,33,68,76,53,63,28,212,254,5,69,196,17,195,1,53,63,93,254,28,68,129,0,0,0,4,17,195,2,1,0,87,0,119,50,235,0,0,8,8,115,10,0,0,33,73,76,53,63,28,190,254,5,69,196,17,195,1,53,63,93,254,28,68,129,0,0,0,4,17,195,2,1,0,87,0,153,182,4,0,0,8,8,116,10,0,0,33,68,76,53,63,28,49,254,5,69,196,17,195,1,53,63,93,254,28,68,129,0,0,0,4,17,195,2,1,0,87,0,45,69,14,0,0,8,8,117,10,0,0,33,63,76,53,63,28,6,254,5,69,196,17,195,1,53,63,93,254,28,68,129,0,0,0,4,17,195,2,1,0,83,0,166,214,23,0,0,8,8,118,10,0,0,33,57,76,53,63,28,6,254,5,69,196,17,195,1,53,63,93,254,28,68,129,0,0,0,4,17,195,2,1,0,83,0,175,43,38,0,0,8,8,119,10,0,0,33,63,76,53,63,28,196]
[2026-03-12 13:05:10] debug: 	zh:zstack:unpi:parser: --> parsed 28 - 2 - 4 - 129 - [0,0,0,4,17,195,2,1,0,72,0,246,78,111,0,0,8,8,102,10,0,0,33,63,76,53,63,28] - 187
[2026-03-12 13:05:10] debug: 	zh:zstack:znp: <-- AREQ: AF - incomingMsg - {"groupid":0,"clusterid":1024,"srcaddr":49937,"srcendpoint":2,"dstendpoint":1,"wasbroadcast":0,"linkquality":72,"securityuse":0,"timestamp":7294710,"transseqnumber":0,"len":8,"data":{"type":"Buffer","data":[8,102,10,0,0,33,63,76]}}
[2026-03-12 13:05:10] debug: 	zh:controller: Received payload: clusterID=1024, address=49937, groupID=0, endpoint=2, destinationEndpoint=1, wasBroadcast=false, linkQuality=72, frame={"header":{"frameControl":{"frameType":0,"manufacturerSpecific":false,"direction":1,"disableDefaultResponse":false,"reservedBits":0},"transactionSequenceNumber":102,"commandIdentifier":10},"payload":[{"attrId":0,"dataType":33,"attrData":19519}],"command":{"ID":10,"name":"report","parameters":[{"name":"attrId","type":9},{"name":"dataType","type":8},{"name":"attrData","type":1000}]}}
[2026-03-12 13:05:10] debug: 	zh:controller:endpoint: ZCL command 0x001788010916738d/2 msIlluminanceMeasurement.defaultRsp({"cmdId":10,"statusCode":0}, {"timeout":10000,"disableResponse":false,"disableRecovery":false,"disableDefaultResponse":true,"direction":1,"reservedBits":0,"transactionSequenceNumber":102,"writeUndiv":false})
[2026-03-12 13:05:10] debug: 	zh:zstack:unpi:parser: --- parseNext [254,5,69,196,17,195,1,53,63,93,254,28,68,129,0,0,0,4,17,195,2,1,0,76,0,86,223,120,0,0,8,8,103,10,0,0,33,57,76,53,63,28,158,254,3,69,196,198,56,0,124,254,32,68,129,0,0,25,0,198,56,3,1,0,80,0,197,176,122,0,0,12,17,63,1,0,12,17,39,0,9,5,2,1,198,56,29,170,254,5,69,196,17,195,1,53,63,93,254,28,68,129,0,0,0,4,17,195,2,1,0,72,0,142,99,130,0,0,8,8,104,10,0,0,33,68,76,53,63,28,118,254,1,100,1,0,100,254,3,68,128,0,1,2,196,254,28,68,129,0,0,0,4,17,195,2,1,0,72,0,249,225,139,0,0,8,8,105,10,0,0,33,57,76,53,63,28,246,254,28,68,129,0,0,0,4,17,195,2,1,0,72,0,107,91,149,0,0,8,8,106,10,0,0,33,52,76,53,63,28,206,254,28,68,129,0,0,0,4,17,195,2,1,0,83,0,233,228,158,0,0,8,8,107,10,0,0,33,63,76,53,63,28,233,254,28,68,129,0,0,0,4,17,195,2,1,0,91,0,123,102,168,0,0,8,8,108,10,0,0,33,57,76,53,63,28,198,254,28,68,129,0,0,0,4,17,195,2,1,0,83,0,168,245,177,0,0,8,8,109,10,0,0,33,52,76,53,63,28,155,254,64,68,129,0,0,0,0,140,102,1,1,0,178,0,138,44,187,0,0,44,24,139,10,1,255,66,37,1,33,199,11,4,33,168,19,5,33,6,0,6,36,1,0,0,0,0,100,41,153,9,101,33,254,14,102,43,50,128,1,0,10,33,0,0,140,102,29,212,254,5,69,196,17,195,1,53,63,93,254,28,68,129,0,0,0,4,17,195,2,1,0,83,0,12,133,187,0,0,8,8,110,10,0,0,33,57,76,53,63,28,75,254,5,69,196,17,195,1,53,63,93,254,28,68,129,0,0,0,4,17,195,2,1,0,80,0,223,6,197,0,0,8,8,111,10,0,0,33,63,76,53,63,28,97,254,5,69,196,17,195,1,53,63,93,254,28,68,129,0,0,0,4,17,195,2,1,0,87,0,46,144,206,0,0,8,8,112,10,0,0,33,57,76,53,63,28,19,254,5,69,196,17,195,1,53,63,93,254,28,68,129,0,0,0,4,17,195,2,1,0,83,0,85,18,216,0,0,8,8,113,10,0,0,33,63,76,53,63,28,255,254,5,69,196,17,195,1,53,63,93,254,28,68,129,0,0,0,4,17,195,2,1,0,87,0,186,147,225,0,0,8,8,114,10,0,0,33,68,76,53,63,28,212,254,5,69,196,17,195,1,53,63,93,254,28,68,129,0,0,0,4,17,195,2,1,0,87,0,119,50,235,0,0,8,8,115,10,0,0,33,73,76,53,63,28,190,254,5,69,196,17,195,1,53,63,93,254,28,68,129,0,0,0,4,17,195,2,1,0,87,0,153,182,4,0,0,8,8,116,10,0,0,33,68,76,53,63,28,49,254,5,69,196,17,195,1,53,63,93,254,28,68,129,0,0,0,4,17,195,2,1,0,87,0,45,69,14,0,0,8,8,117,10,0,0,33,63,76,53,63,28,6,254,5,69,196,17,195,1,53,63,93,254,28,68,129,0,0,0,4,17,195,2,1,0,83,0,166,214,23,0,0,8,8,118,10,0,0,33,57,76,53,63,28,6,254,5,69,196,17,195,1,53,63,93,254,28,68,129,0,0,0,4,17,195,2,1,0,83,0,175,43,38,0,0,8,8,119,10,0,0,33,63,76,53,63,28,196]
[2026-03-12 13:05:10] debug: 	zh:zstack:unpi:parser: --> parsed 5 - 2 - 5 - 196 - [17,195,1,53,63] - 93
[2026-03-12 13:05:10] debug: 	zh:zstack:znp: <-- AREQ: ZDO - srcRtgInd
[2026-03-12 13:05:10] debug: 	zh:zstack:unpi:parser: --- parseNext [254,28,68,129,0,0,0,4,17,195,2,1,0,76,0,86,223,120,0,0,8,8,103,10,0,0,33,57,76,53,63,28,158,254,3,69,196,198,56,0,124,254,32,68,129,0,0,25,0,198,56,3,1,0,80,0,197,176,122,0,0,12,17,63,1,0,12,17,39,0,9,5,2,1,198,56,29,170,254,5,69,196,17,195,1,53,63,93,254,28,68,129,0,0,0,4,17,195,2,1,0,72,0,142,99,130,0,0,8,8,104,10,0,0,33,68,76,53,63,28,118,254,1,100,1,0,100,254,3,68,128,0,1,2,196,254,28,68,129,0,0,0,4,17,195,2,1,0,72,0,249,225,139,0,0,8,8,105,10,0,0,33,57,76,53,63,28,246,254,28,68,129,0,0,0,4,17,195,2,1,0,72,0,107,91,149,0,0,8,8,106,10,0,0,33,52,76,53,63,28,206,254,28,68,129,0,0,0,4,17,195,2,1,0,83,0,233,228,158,0,0,8,8,107,10,0,0,33,63,76,53,63,28,233,254,28,68,129,0,0,0,4,17,195,2,1,0,91,0,123,102,168,0,0,8,8,108,10,0,0,33,57,76,53,63,28,198,254,28,68,129,0,0,0,4,17,195,2,1,0,83,0,168,245,177,0,0,8,8,109,10,0,0,33,52,76,53,63,28,155,254,64,68,129,0,0,0,0,140,102,1,1,0,178,0,138,44,187,0,0,44,24,139,10,1,255,66,37,1,33,199,11,4,33,168,19,5,33,6,0,6,36,1,0,0,0,0,100,41,153,9,101,33,254,14,102,43,50,128,1,0,10,33,0,0,140,102,29,212,254,5,69,196,17,195,1,53,63,93,254,28,68,129,0,0,0,4,17,195,2,1,0,83,0,12,133,187,0,0,8,8,110,10,0,0,33,57,76,53,63,28,75,254,5,69,196,17,195,1,53,63,93,254,28,68,129,0,0,0,4,17,195,2,1,0,80,0,223,6,197,0,0,8,8,111,10,0,0,33,63,76,53,63,28,97,254,5,69,196,17,195,1,53,63,93,254,28,68,129,0,0,0,4,17,195,2,1,0,87,0,46,144,206,0,0,8,8,112,10,0,0,33,57,76,53,63,28,19,254,5,69,196,17,195,1,53,63,93,254,28,68,129,0,0,0,4,17,195,2,1,0,83,0,85,18,216,0,0,8,8,113,10,0,0,33,63,76,53,63,28,255,254,5,69,196,17,195,1,53,63,93,254,28,68,129,0,0,0,4,17,195,2,1,0,87,0,186,147,225,0,0,8,8,114,10,0,0,33,68,76,53,63,28,212,254,5,69,196,17,195,1,53,63,93,254,28,68,129,0,0,0,4,17,195,2,1,0,87,0,119,50,235,0,0,8,8,115,10,0,0,33,73,76,53,63,28,190,254,5,69,196,17,195,1,53,63,93,254,28,68,129,0,0,0,4,17,195,2,1,0,87,0,153,182,4,0,0,8,8,116,10,0,0,33,68,76,53,63,28,49,254,5,69,196,17,195,1,53,63,93,254,28,68,129,0,0,0,4,17,195,2,1,0,87,0,45,69,14,0,0,8,8,117,10,0,0,33,63,76,53,63,28,6,254,5,69,196,17,195,1,53,63,93,254,28,68,129,0,0,0,4,17,195,2,1,0,83,0,166,214,23,0,0,8,8,118,10,0,0,33,57,76,53,63,28,6,254,5,69,196,17,195,1,53,63,93,254,28,68,129,0,0,0,4,17,195,2,1,0,83,0,175,43,38,0,0,8,8,119,10,0,0,33,63,76,53,63,28,196]
[2026-03-12 13:05:10] debug: 	zh:zstack:unpi:parser: --> parsed 28 - 2 - 4 - 129 - [0,0,0,4,17,195,2,1,0,76,0,86,223,120,0,0,8,8,103,10,0,0,33,57,76,53,63,28] - 158
[2026-03-12 13:05:10] debug: 	zh:zstack:znp: <-- AREQ: AF - incomingMsg - {"groupid":0,"clusterid":1024,"srcaddr":49937,"srcendpoint":2,"dstendpoint":1,"wasbroadcast":0,"linkquality":76,"securityuse":0,"timestamp":7921494,"transseqnumber":0,"len":8,"data":{"type":"Buffer","data":[8,103,10,0,0,33,57,76]}}
[2026-03-12 13:05:10] debug: 	zh:controller: Received payload: clusterID=1024, address=49937, groupID=0, endpoint=2, destinationEndpoint=1, wasBroadcast=false, linkQuality=76, frame={"header":{"frameControl":{"frameType":0,"manufacturerSpecific":false,"direction":1,"disableDefaultResponse":false,"reservedBits":0},"transactionSequenceNumber":103,"commandIdentifier":10},"payload":[{"attrId":0,"dataType":33,"attrData":19513}],"command":{"ID":10,"name":"report","parameters":[{"name":"attrId","type":9},{"name":"dataType","type":8},{"name":"attrData","type":1000}]}}
[2026-03-12 13:05:10] debug: 	zh:controller:endpoint: ZCL command 0x001788010916738d/2 msIlluminanceMeasurement.defaultRsp({"cmdId":10,"statusCode":0}, {"timeout":10000,"disableResponse":false,"disableRecovery":false,"disableDefaultResponse":true,"direction":1,"reservedBits":0,"transactionSequenceNumber":103,"writeUndiv":false})
[2026-03-12 13:05:10] debug: 	zh:zstack:unpi:parser: --- parseNext [254,3,69,196,198,56,0,124,254,32,68,129,0,0,25,0,198,56,3,1,0,80,0,197,176,122,0,0,12,17,63,1,0,12,17,39,0,9,5,2,1,198,56,29,170,254,5,69,196,17,195,1,53,63,93,254,28,68,129,0,0,0,4,17,195,2,1,0,72,0,142,99,130,0,0,8,8,104,10,0,0,33,68,76,53,63,28,118,254,1,100,1,0,100,254,3,68,128,0,1,2,196,254,28,68,129,0,0,0,4,17,195,2,1,0,72,0,249,225,139,0,0,8,8,105,10,0,0,33,57,76,53,63,28,246,254,28,68,129,0,0,0,4,17,195,2,1,0,72,0,107,91,149,0,0,8,8,106,10,0,0,33,52,76,53,63,28,206,254,28,68,129,0,0,0,4,17,195,2,1,0,83,0,233,228,158,0,0,8,8,107,10,0,0,33,63,76,53,63,28,233,254,28,68,129,0,0,0,4,17,195,2,1,0,91,0,123,102,168,0,0,8,8,108,10,0,0,33,57,76,53,63,28,198,254,28,68,129,0,0,0,4,17,195,2,1,0,83,0,168,245,177,0,0,8,8,109,10,0,0,33,52,76,53,63,28,155,254,64,68,129,0,0,0,0,140,102,1,1,0,178,0,138,44,187,0,0,44,24,139,10,1,255,66,37,1,33,199,11,4,33,168,19,5,33,6,0,6,36,1,0,0,0,0,100,41,153,9,101,33,254,14,102,43,50,128,1,0,10,33,0,0,140,102,29,212,254,5,69,196,17,195,1,53,63,93,254,28,68,129,0,0,0,4,17,195,2,1,0,83,0,12,133,187,0,0,8,8,110,10,0,0,33,57,76,53,63,28,75,254,5,69,196,17,195,1,53,63,93,254,28,68,129,0,0,0,4,17,195,2,1,0,80,0,223,6,197,0,0,8,8,111,10,0,0,33,63,76,53,63,28,97,254,5,69,196,17,195,1,53,63,93,254,28,68,129,0,0,0,4,17,195,2,1,0,87,0,46,144,206,0,0,8,8,112,10,0,0,33,57,76,53,63,28,19,254,5,69,196,17,195,1,53,63,93,254,28,68,129,0,0,0,4,17,195,2,1,0,83,0,85,18,216,0,0,8,8,113,10,0,0,33,63,76,53,63,28,255,254,5,69,196,17,195,1,53,63,93,254,28,68,129,0,0,0,4,17,195,2,1,0,87,0,186,147,225,0,0,8,8,114,10,0,0,33,68,76,53,63,28,212,254,5,69,196,17,195,1,53,63,93,254,28,68,129,0,0,0,4,17,195,2,1,0,87,0,119,50,235,0,0,8,8,115,10,0,0,33,73,76,53,63,28,190,254,5,69,196,17,195,1,53,63,93,254,28,68,129,0,0,0,4,17,195,2,1,0,87,0,153,182,4,0,0,8,8,116,10,0,0,33,68,76,53,63,28,49,254,5,69,196,17,195,1,53,63,93,254,28,68,129,0,0,0,4,17,195,2,1,0,87,0,45,69,14,0,0,8,8,117,10,0,0,33,63,76,53,63,28,6,254,5,69,196,17,195,1,53,63,93,254,28,68,129,0,0,0,4,17,195,2,1,0,83,0,166,214,23,0,0,8,8,118,10,0,0,33,57,76,53,63,28,6,254,5,69,196,17,195,1,53,63,93,254,28,68,129,0,0,0,4,17,195,2,1,0,83,0,175,43,38,0,0,8,8,119,10,0,0,33,63,76,53,63,28,196]
[2026-03-12 13:05:10] debug: 	zh:zstack:unpi:parser: --> parsed 3 - 2 - 5 - 196 - [198,56,0] - 124
[2026-03-12 13:05:10] debug: 	zh:zstack:znp: <-- AREQ: ZDO - srcRtgInd
[2026-03-12 13:05:10] debug: 	zh:zstack:unpi:parser: --- parseNext [254,32,68,129,0,0,25,0,198,56,3,1,0,80,0,197,176,122,0,0,12,17,63,1,0,12,17,39,0,9,5,2,1,198,56,29,170,254,5,69,196,17,195,1,53,63,93,254,28,68,129,0,0,0,4,17,195,2,1,0,72,0,142,99,130,0,0,8,8,104,10,0,0,33,68,76,53,63,28,118,254,1,100,1,0,100,254,3,68,128,0,1,2,196,254,28,68,129,0,0,0,4,17,195,2,1,0,72,0,249,225,139,0,0,8,8,105,10,0,0,33,57,76,53,63,28,246,254,28,68,129,0,0,0,4,17,195,2,1,0,72,0,107,91,149,0,0,8,8,106,10,0,0,33,52,76,53,63,28,206,254,28,68,129,0,0,0,4,17,195,2,1,0,83,0,233,228,158,0,0,8,8,107,10,0,0,33,63,76,53,63,28,233,254,28,68,129,0,0,0,4,17,195,2,1,0,91,0,123,102,168,0,0,8,8,108,10,0,0,33,57,76,53,63,28,198,254,28,68,129,0,0,0,4,17,195,2,1,0,83,0,168,245,177,0,0,8,8,109,10,0,0,33,52,76,53,63,28,155,254,64,68,129,0,0,0,0,140,102,1,1,0,178,0,138,44,187,0,0,44,24,139,10,1,255,66,37,1,33,199,11,4,33,168,19,5,33,6,0,6,36,1,0,0,0,0,100,41,153,9,101,33,254,14,102,43,50,128,1,0,10,33,0,0,140,102,29,212,254,5,69,196,17,195,1,53,63,93,254,28,68,129,0,0,0,4,17,195,2,1,0,83,0,12,133,187,0,0,8,8,110,10,0,0,33,57,76,53,63,28,75,254,5,69,196,17,195,1,53,63,93,254,28,68,129,0,0,0,4,17,195,2,1,0,80,0,223,6,197,0,0,8,8,111,10,0,0,33,63,76,53,63,28,97,254,5,69,196,17,195,1,53,63,93,254,28,68,129,0,0,0,4,17,195,2,1,0,87,0,46,144,206,0,0,8,8,112,10,0,0,33,57,76,53,63,28,19,254,5,69,196,17,195,1,53,63,93,254,28,68,129,0,0,0,4,17,195,2,1,0,83,0,85,18,216,0,0,8,8,113,10,0,0,33,63,76,53,63,28,255,254,5,69,196,17,195,1,53,63,93,254,28,68,129,0,0,0,4,17,195,2,1,0,87,0,186,147,225,0,0,8,8,114,10,0,0,33,68,76,53,63,28,212,254,5,69,196,17,195,1,53,63,93,254,28,68,129,0,0,0,4,17,195,2,1,0,87,0,119,50,235,0,0,8,8,115,10,0,0,33,73,76,53,63,28,190,254,5,69,196,17,195,1,53,63,93,254,28,68,129,0,0,0,4,17,195,2,1,0,87,0,153,182,4,0,0,8,8,116,10,0,0,33,68,76,53,63,28,49,254,5,69,196,17,195,1,53,63,93,254,28,68,129,0,0,0,4,17,195,2,1,0,87,0,45,69,14,0,0,8,8,117,10,0,0,33,63,76,53,63,28,6,254,5,69,196,17,195,1,53,63,93,254,28,68,129,0,0,0,4,17,195,2,1,0,83,0,166,214,23,0,0,8,8,118,10,0,0,33,57,76,53,63,28,6,254,5,69,196,17,195,1,53,63,93,254,28,68,129,0,0,0,4,17,195,2,1,0,83,0,175,43,38,0,0,8,8,119,10,0,0,33,63,76,53,63,28,196]
[2026-03-12 13:05:10] debug: 	zh:zstack:unpi:parser: --> parsed 32 - 2 - 4 - 129 - [0,0,25,0,198,56,3,1,0,80,0,197,176,122,0,0,12,17,63,1,0,12,17,39,0,9,5,2,1,198,56,29] - 170
[2026-03-12 13:05:10] debug: 	zh:zstack:znp: <-- AREQ: AF - incomingMsg - {"groupid":0,"clusterid":25,"srcaddr":14534,"srcendpoint":3,"dstendpoint":1,"wasbroadcast":0,"linkquality":80,"securityuse":0,"timestamp":8040645,"transseqnumber":0,"len":12,"data":{"type":"Buffer","data":[17,63,1,0,12,17,39,0,9,5,2,1]}}
[2026-03-12 13:05:10] debug: 	zh:controller: Received payload: clusterID=25, address=14534, groupID=0, endpoint=3, destinationEndpoint=1, wasBroadcast=false, linkQuality=80, frame={"header":{"frameControl":{"frameType":1,"manufacturerSpecific":false,"direction":0,"disableDefaultResponse":true,"reservedBits":0},"transactionSequenceNumber":63,"commandIdentifier":1},"payload":{"fieldControl":0,"manufacturerCode":4364,"imageType":39,"fileVersion":16909577},"command":{"ID":1,"response":2,"parameters":[{"name":"fieldControl","type":24},{"name":"manufacturerCode","type":33},{"name":"imageType","type":33,"max":65471},{"name":"fileVersion","type":35},{"name":"hardwareVersion","type":33,"conditions":[{"type":"bitMaskSet","param":"fieldControl","mask":1}]}],"required":true,"name":"queryNextImageRequest"}}
[2026-03-12 13:05:10] debug: 	zh:zstack:unpi:parser: --- parseNext [254,5,69,196,17,195,1,53,63,93,254,28,68,129,0,0,0,4,17,195,2,1,0,72,0,142,99,130,0,0,8,8,104,10,0,0,33,68,76,53,63,28,118,254,1,100,1,0,100,254,3,68,128,0,1,2,196,254,28,68,129,0,0,0,4,17,195,2,1,0,72,0,249,225,139,0,0,8,8,105,10,0,0,33,57,76,53,63,28,246,254,28,68,129,0,0,0,4,17,195,2,1,0,72,0,107,91,149,0,0,8,8,106,10,0,0,33,52,76,53,63,28,206,254,28,68,129,0,0,0,4,17,195,2,1,0,83,0,233,228,158,0,0,8,8,107,10,0,0,33,63,76,53,63,28,233,254,28,68,129,0,0,0,4,17,195,2,1,0,91,0,123,102,168,0,0,8,8,108,10,0,0,33,57,76,53,63,28,198,254,28,68,129,0,0,0,4,17,195,2,1,0,83,0,168,245,177,0,0,8,8,109,10,0,0,33,52,76,53,63,28,155,254,64,68,129,0,0,0,0,140,102,1,1,0,178,0,138,44,187,0,0,44,24,139,10,1,255,66,37,1,33,199,11,4,33,168,19,5,33,6,0,6,36,1,0,0,0,0,100,41,153,9,101,33,254,14,102,43,50,128,1,0,10,33,0,0,140,102,29,212,254,5,69,196,17,195,1,53,63,93,254,28,68,129,0,0,0,4,17,195,2,1,0,83,0,12,133,187,0,0,8,8,110,10,0,0,33,57,76,53,63,28,75,254,5,69,196,17,195,1,53,63,93,254,28,68,129,0,0,0,4,17,195,2,1,0,80,0,223,6,197,0,0,8,8,111,10,0,0,33,63,76,53,63,28,97,254,5,69,196,17,195,1,53,63,93,254,28,68,129,0,0,0,4,17,195,2,1,0,87,0,46,144,206,0,0,8,8,112,10,0,0,33,57,76,53,63,28,19,254,5,69,196,17,195,1,53,63,93,254,28,68,129,0,0,0,4,17,195,2,1,0,83,0,85,18,216,0,0,8,8,113,10,0,0,33,63,76,53,63,28,255,254,5,69,196,17,195,1,53,63,93,254,28,68,129,0,0,0,4,17,195,2,1,0,87,0,186,147,225,0,0,8,8,114,10,0,0,33,68,76,53,63,28,212,254,5,69,196,17,195,1,53,63,93,254,28,68,129,0,0,0,4,17,195,2,1,0,87,0,119,50,235,0,0,8,8,115,10,0,0,33,73,76,53,63,28,190,254,5,69,196,17,195,1,53,63,93,254,28,68,129,0,0,0,4,17,195,2,1,0,87,0,153,182,4,0,0,8,8,116,10,0,0,33,68,76,53,63,28,49,254,5,69,196,17,195,1,53,63,93,254,28,68,129,0,0,0,4,17,195,2,1,0,87,0,45,69,14,0,0,8,8,117,10,0,0,33,63,76,53,63,28,6,254,5,69,196,17,195,1,53,63,93,254,28,68,129,0,0,0,4,17,195,2,1,0,83,0,166,214,23,0,0,8,8,118,10,0,0,33,57,76,53,63,28,6,254,5,69,196,17,195,1,53,63,93,254,28,68,129,0,0,0,4,17,195,2,1,0,83,0,175,43,38,0,0,8,8,119,10,0,0,33,63,76,53,63,28,196]
[2026-03-12 13:05:10] debug: 	zh:zstack:unpi:parser: --> parsed 5 - 2 - 5 - 196 - [17,195,1,53,63] - 93
[2026-03-12 13:05:10] debug: 	zh:zstack:znp: <-- AREQ: ZDO - srcRtgInd
[2026-03-12 13:05:10] debug: 	zh:zstack:unpi:parser: --- parseNext [254,28,68,129,0,0,0,4,17,195,2,1,0,72,0,142,99,130,0,0,8,8,104,10,0,0,33,68,76,53,63,28,118,254,1,100,1,0,100,254,3,68,128,0,1,2,196,254,28,68,129,0,0,0,4,17,195,2,1,0,72,0,249,225,139,0,0,8,8,105,10,0,0,33,57,76,53,63,28,246,254,28,68,129,0,0,0,4,17,195,2,1,0,72,0,107,91,149,0,0,8,8,106,10,0,0,33,52,76,53,63,28,206,254,28,68,129,0,0,0,4,17,195,2,1,0,83,0,233,228,158,0,0,8,8,107,10,0,0,33,63,76,53,63,28,233,254,28,68,129,0,0,0,4,17,195,2,1,0,91,0,123,102,168,0,0,8,8,108,10,0,0,33,57,76,53,63,28,198,254,28,68,129,0,0,0,4,17,195,2,1,0,83,0,168,245,177,0,0,8,8,109,10,0,0,33,52,76,53,63,28,155,254,64,68,129,0,0,0,0,140,102,1,1,0,178,0,138,44,187,0,0,44,24,139,10,1,255,66,37,1,33,199,11,4,33,168,19,5,33,6,0,6,36,1,0,0,0,0,100,41,153,9,101,33,254,14,102,43,50,128,1,0,10,33,0,0,140,102,29,212,254,5,69,196,17,195,1,53,63,93,254,28,68,129,0,0,0,4,17,195,2,1,0,83,0,12,133,187,0,0,8,8,110,10,0,0,33,57,76,53,63,28,75,254,5,69,196,17,195,1,53,63,93,254,28,68,129,0,0,0,4,17,195,2,1,0,80,0,223,6,197,0,0,8,8,111,10,0,0,33,63,76,53,63,28,97,254,5,69,196,17,195,1,53,63,93,254,28,68,129,0,0,0,4,17,195,2,1,0,87,0,46,144,206,0,0,8,8,112,10,0,0,33,57,76,53,63,28,19,254,5,69,196,17,195,1,53,63,93,254,28,68,129,0,0,0,4,17,195,2,1,0,83,0,85,18,216,0,0,8,8,113,10,0,0,33,63,76,53,63,28,255,254,5,69,196,17,195,1,53,63,93,254,28,68,129,0,0,0,4,17,195,2,1,0,87,0,186,147,225,0,0,8,8,114,10,0,0,33,68,76,53,63,28,212,254,5,69,196,17,195,1,53,63,93,254,28,68,129,0,0,0,4,17,195,2,1,0,87,0,119,50,235,0,0,8,8,115,10,0,0,33,73,76,53,63,28,190,254,5,69,196,17,195,1,53,63,93,254,28,68,129,0,0,0,4,17,195,2,1,0,87,0,153,182,4,0,0,8,8,116,10,0,0,33,68,76,53,63,28,49,254,5,69,196,17,195,1,53,63,93,254,28,68,129,0,0,0,4,17,195,2,1,0,87,0,45,69,14,0,0,8,8,117,10,0,0,33,63,76,53,63,28,6,254,5,69,196,17,195,1,53,63,93,254,28,68,129,0,0,0,4,17,195,2,1,0,83,0,166,214,23,0,0,8,8,118,10,0,0,33,57,76,53,63,28,6,254,5,69,196,17,195,1,53,63,93,254,28,68,129,0,0,0,4,17,195,2,1,0,83,0,175,43,38,0,0,8,8,119,10,0,0,33,63,76,53,63,28,196]
[2026-03-12 13:05:10] debug: 	zh:zstack:unpi:parser: --> parsed 28 - 2 - 4 - 129 - [0,0,0,4,17,195,2,1,0,72,0,142,99,130,0,0,8,8,104,10,0,0,33,68,76,53,63,28] - 118
[2026-03-12 13:05:10] debug: 	zh:zstack:znp: <-- AREQ: AF - incomingMsg - {"groupid":0,"clusterid":1024,"srcaddr":49937,"srcendpoint":2,"dstendpoint":1,"wasbroadcast":0,"linkquality":72,"securityuse":0,"timestamp":8545166,"transseqnumber":0,"len":8,"data":{"type":"Buffer","data":[8,104,10,0,0,33,68,76]}}
[2026-03-12 13:05:10] debug: 	zh:controller: Received payload: clusterID=1024, address=49937, groupID=0, endpoint=2, destinationEndpoint=1, wasBroadcast=false, linkQuality=72, frame={"header":{"frameControl":{"frameType":0,"manufacturerSpecific":false,"direction":1,"disableDefaultResponse":false,"reservedBits":0},"transactionSequenceNumber":104,"commandIdentifier":10},"payload":[{"attrId":0,"dataType":33,"attrData":19524}],"command":{"ID":10,"name":"report","parameters":[{"name":"attrId","type":9},{"name":"dataType","type":8},{"name":"attrData","type":1000}]}}
[2026-03-12 13:05:10] debug: 	zh:controller:endpoint: ZCL command 0x001788010916738d/2 msIlluminanceMeasurement.defaultRsp({"cmdId":10,"statusCode":0}, {"timeout":10000,"disableResponse":false,"disableRecovery":false,"disableDefaultResponse":true,"direction":1,"reservedBits":0,"transactionSequenceNumber":104,"writeUndiv":false})
[2026-03-12 13:05:10] debug: 	zh:zstack:unpi:parser: --- parseNext [254,1,100,1,0,100,254,3,68,128,0,1,2,196,254,28,68,129,0,0,0,4,17,195,2,1,0,72,0,249,225,139,0,0,8,8,105,10,0,0,33,57,76,53,63,28,246,254,28,68,129,0,0,0,4,17,195,2,1,0,72,0,107,91,149,0,0,8,8,106,10,0,0,33,52,76,53,63,28,206,254,28,68,129,0,0,0,4,17,195,2,1,0,83,0,233,228,158,0,0,8,8,107,10,0,0,33,63,76,53,63,28,233,254,28,68,129,0,0,0,4,17,195,2,1,0,91,0,123,102,168,0,0,8,8,108,10,0,0,33,57,76,53,63,28,198,254,28,68,129,0,0,0,4,17,195,2,1,0,83,0,168,245,177,0,0,8,8,109,10,0,0,33,52,76,53,63,28,155,254,64,68,129,0,0,0,0,140,102,1,1,0,178,0,138,44,187,0,0,44,24,139,10,1,255,66,37,1,33,199,11,4,33,168,19,5,33,6,0,6,36,1,0,0,0,0,100,41,153,9,101,33,254,14,102,43,50,128,1,0,10,33,0,0,140,102,29,212,254,5,69,196,17,195,1,53,63,93,254,28,68,129,0,0,0,4,17,195,2,1,0,83,0,12,133,187,0,0,8,8,110,10,0,0,33,57,76,53,63,28,75,254,5,69,196,17,195,1,53,63,93,254,28,68,129,0,0,0,4,17,195,2,1,0,80,0,223,6,197,0,0,8,8,111,10,0,0,33,63,76,53,63,28,97,254,5,69,196,17,195,1,53,63,93,254,28,68,129,0,0,0,4,17,195,2,1,0,87,0,46,144,206,0,0,8,8,112,10,0,0,33,57,76,53,63,28,19,254,5,69,196,17,195,1,53,63,93,254,28,68,129,0,0,0,4,17,195,2,1,0,83,0,85,18,216,0,0,8,8,113,10,0,0,33,63,76,53,63,28,255,254,5,69,196,17,195,1,53,63,93,254,28,68,129,0,0,0,4,17,195,2,1,0,87,0,186,147,225,0,0,8,8,114,10,0,0,33,68,76,53,63,28,212,254,5,69,196,17,195,1,53,63,93,254,28,68,129,0,0,0,4,17,195,2,1,0,87,0,119,50,235,0,0,8,8,115,10,0,0,33,73,76,53,63,28,190,254,5,69,196,17,195,1,53,63,93,254,28,68,129,0,0,0,4,17,195,2,1,0,87,0,153,182,4,0,0,8,8,116,10,0,0,33,68,76,53,63,28,49,254,5,69,196,17,195,1,53,63,93,254,28,68,129,0,0,0,4,17,195,2,1,0,87,0,45,69,14,0,0,8,8,117,10,0,0,33,63,76,53,63,28,6,254,5,69,196,17,195,1,53,63,93,254,28,68,129,0,0,0,4,17,195,2,1,0,83,0,166,214,23,0,0,8,8,118,10,0,0,33,57,76,53,63,28,6,254,5,69,196,17,195,1,53,63,93,254,28,68,129,0,0,0,4,17,195,2,1,0,83,0,175,43,38,0,0,8,8,119,10,0,0,33,63,76,53,63,28,196]
[2026-03-12 13:05:10] debug: 	zh:zstack:unpi:parser: --> parsed 1 - 3 - 4 - 1 - [0] - 100
[2026-03-12 13:05:10] debug: 	zh:zstack:znp: <-- SRSP: AF - dataRequest - {"status":0}
[2026-03-12 13:05:10] debug: 	zh:zstack:unpi:parser: --- parseNext [254,3,68,128,0,1,2,196,254,28,68,129,0,0,0,4,17,195,2,1,0,72,0,249,225,139,0,0,8,8,105,10,0,0,33,57,76,53,63,28,246,254,28,68,129,0,0,0,4,17,195,2,1,0,72,0,107,91,149,0,0,8,8,106,10,0,0,33,52,76,53,63,28,206,254,28,68,129,0,0,0,4,17,195,2,1,0,83,0,233,228,158,0,0,8,8,107,10,0,0,33,63,76,53,63,28,233,254,28,68,129,0,0,0,4,17,195,2,1,0,91,0,123,102,168,0,0,8,8,108,10,0,0,33,57,76,53,63,28,198,254,28,68,129,0,0,0,4,17,195,2,1,0,83,0,168,245,177,0,0,8,8,109,10,0,0,33,52,76,53,63,28,155,254,64,68,129,0,0,0,0,140,102,1,1,0,178,0,138,44,187,0,0,44,24,139,10,1,255,66,37,1,33,199,11,4,33,168,19,5,33,6,0,6,36,1,0,0,0,0,100,41,153,9,101,33,254,14,102,43,50,128,1,0,10,33,0,0,140,102,29,212,254,5,69,196,17,195,1,53,63,93,254,28,68,129,0,0,0,4,17,195,2,1,0,83,0,12,133,187,0,0,8,8,110,10,0,0,33,57,76,53,63,28,75,254,5,69,196,17,195,1,53,63,93,254,28,68,129,0,0,0,4,17,195,2,1,0,80,0,223,6,197,0,0,8,8,111,10,0,0,33,63,76,53,63,28,97,254,5,69,196,17,195,1,53,63,93,254,28,68,129,0,0,0,4,17,195,2,1,0,87,0,46,144,206,0,0,8,8,112,10,0,0,33,57,76,53,63,28,19,254,5,69,196,17,195,1,53,63,93,254,28,68,129,0,0,0,4,17,195,2,1,0,83,0,85,18,216,0,0,8,8,113,10,0,0,33,63,76,53,63,28,255,254,5,69,196,17,195,1,53,63,93,254,28,68,129,0,0,0,4,17,195,2,1,0,87,0,186,147,225,0,0,8,8,114,10,0,0,33,68,76,53,63,28,212,254,5,69,196,17,195,1,53,63,93,254,28,68,129,0,0,0,4,17,195,2,1,0,87,0,119,50,235,0,0,8,8,115,10,0,0,33,73,76,53,63,28,190,254,5,69,196,17,195,1,53,63,93,254,28,68,129,0,0,0,4,17,195,2,1,0,87,0,153,182,4,0,0,8,8,116,10,0,0,33,68,76,53,63,28,49,254,5,69,196,17,195,1,53,63,93,254,28,68,129,0,0,0,4,17,195,2,1,0,87,0,45,69,14,0,0,8,8,117,10,0,0,33,63,76,53,63,28,6,254,5,69,196,17,195,1,53,63,93,254,28,68,129,0,0,0,4,17,195,2,1,0,83,0,166,214,23,0,0,8,8,118,10,0,0,33,57,76,53,63,28,6,254,5,69,196,17,195,1,53,63,93,254,28,68,129,0,0,0,4,17,195,2,1,0,83,0,175,43,38,0,0,8,8,119,10,0,0,33,63,76,53,63,28,196]
[2026-03-12 13:05:10] debug: 	zh:zstack:unpi:parser: --> parsed 3 - 2 - 4 - 128 - [0,1,2] - 196
[2026-03-12 13:05:10] debug: 	zh:zstack:znp: <-- AREQ: AF - dataConfirm - {"status":0,"endpoint":1,"transid":2}
[2026-03-12 13:05:10] debug: 	zh:zstack:unpi:parser: --- parseNext [254,28,68,129,0,0,0,4,17,195,2,1,0,72,0,249,225,139,0,0,8,8,105,10,0,0,33,57,76,53,63,28,246,254,28,68,129,0,0,0,4,17,195,2,1,0,72,0,107,91,149,0,0,8,8,106,10,0,0,33,52,76,53,63,28,206,254,28,68,129,0,0,0,4,17,195,2,1,0,83,0,233,228,158,0,0,8,8,107,10,0,0,33,63,76,53,63,28,233,254,28,68,129,0,0,0,4,17,195,2,1,0,91,0,123,102,168,0,0,8,8,108,10,0,0,33,57,76,53,63,28,198,254,28,68,129,0,0,0,4,17,195,2,1,0,83,0,168,245,177,0,0,8,8,109,10,0,0,33,52,76,53,63,28,155,254,64,68,129,0,0,0,0,140,102,1,1,0,178,0,138,44,187,0,0,44,24,139,10,1,255,66,37,1,33,199,11,4,33,168,19,5,33,6,0,6,36,1,0,0,0,0,100,41,153,9,101,33,254,14,102,43,50,128,1,0,10,33,0,0,140,102,29,212,254,5,69,196,17,195,1,53,63,93,254,28,68,129,0,0,0,4,17,195,2,1,0,83,0,12,133,187,0,0,8,8,110,10,0,0,33,57,76,53,63,28,75,254,5,69,196,17,195,1,53,63,93,254,28,68,129,0,0,0,4,17,195,2,1,0,80,0,223,6,197,0,0,8,8,111,10,0,0,33,63,76,53,63,28,97,254,5,69,196,17,195,1,53,63,93,254,28,68,129,0,0,0,4,17,195,2,1,0,87,0,46,144,206,0,0,8,8,112,10,0,0,33,57,76,53,63,28,19,254,5,69,196,17,195,1,53,63,93,254,28,68,129,0,0,0,4,17,195,2,1,0,83,0,85,18,216,0,0,8,8,113,10,0,0,33,63,76,53,63,28,255,254,5,69,196,17,195,1,53,63,93,254,28,68,129,0,0,0,4,17,195,2,1,0,87,0,186,147,225,0,0,8,8,114,10,0,0,33,68,76,53,63,28,212,254,5,69,196,17,195,1,53,63,93,254,28,68,129,0,0,0,4,17,195,2,1,0,87,0,119,50,235,0,0,8,8,115,10,0,0,33,73,76,53,63,28,190,254,5,69,196,17,195,1,53,63,93,254,28,68,129,0,0,0,4,17,195,2,1,0,87,0,153,182,4,0,0,8,8,116,10,0,0,33,68,76,53,63,28,49,254,5,69,196,17,195,1,53,63,93,254,28,68,129,0,0,0,4,17,195,2,1,0,87,0,45,69,14,0,0,8,8,117,10,0,0,33,63,76,53,63,28,6,254,5,69,196,17,195,1,53,63,93,254,28,68,129,0,0,0,4,17,195,2,1,0,83,0,166,214,23,0,0,8,8,118,10,0,0,33,57,76,53,63,28,6,254,5,69,196,17,195,1,53,63,93,254,28,68,129,0,0,0,4,17,195,2,1,0,83,0,175,43,38,0,0,8,8,119,10,0,0,33,63,76,53,63,28,196]
[2026-03-12 13:05:10] debug: 	zh:zstack:unpi:parser: --> parsed 28 - 2 - 4 - 129 - [0,0,0,4,17,195,2,1,0,72,0,249,225,139,0,0,8,8,105,10,0,0,33,57,76,53,63,28] - 246
[2026-03-12 13:05:10] debug: 	zh:zstack:znp: <-- AREQ: AF - incomingMsg - {"groupid":0,"clusterid":1024,"srcaddr":49937,"srcendpoint":2,"dstendpoint":1,"wasbroadcast":0,"linkquality":72,"securityuse":0,"timestamp":9167353,"transseqnumber":0,"len":8,"data":{"type":"Buffer","data":[8,105,10,0,0,33,57,76]}}
[2026-03-12 13:05:10] debug: 	zh:controller: Received payload: clusterID=1024, address=49937, groupID=0, endpoint=2, destinationEndpoint=1, wasBroadcast=false, linkQuality=72, frame={"header":{"frameControl":{"frameType":0,"manufacturerSpecific":false,"direction":1,"disableDefaultResponse":false,"reservedBits":0},"transactionSequenceNumber":105,"commandIdentifier":10},"payload":[{"attrId":0,"dataType":33,"attrData":19513}],"command":{"ID":10,"name":"report","parameters":[{"name":"attrId","type":9},{"name":"dataType","type":8},{"name":"attrData","type":1000}]}}
[2026-03-12 13:05:10] debug: 	zh:controller:endpoint: ZCL command 0x001788010916738d/2 msIlluminanceMeasurement.defaultRsp({"cmdId":10,"statusCode":0}, {"timeout":10000,"disableResponse":false,"disableRecovery":false,"disableDefaultResponse":true,"direction":1,"reservedBits":0,"transactionSequenceNumber":105,"writeUndiv":false})
[2026-03-12 13:05:10] debug: 	zh:zstack:unpi:parser: --- parseNext [254,28,68,129,0,0,0,4,17,195,2,1,0,72,0,107,91,149,0,0,8,8,106,10,0,0,33,52,76,53,63,28,206,254,28,68,129,0,0,0,4,17,195,2,1,0,83,0,233,228,158,0,0,8,8,107,10,0,0,33,63,76,53,63,28,233,254,28,68,129,0,0,0,4,17,195,2,1,0,91,0,123,102,168,0,0,8,8,108,10,0,0,33,57,76,53,63,28,198,254,28,68,129,0,0,0,4,17,195,2,1,0,83,0,168,245,177,0,0,8,8,109,10,0,0,33,52,76,53,63,28,155,254,64,68,129,0,0,0,0,140,102,1,1,0,178,0,138,44,187,0,0,44,24,139,10,1,255,66,37,1,33,199,11,4,33,168,19,5,33,6,0,6,36,1,0,0,0,0,100,41,153,9,101,33,254,14,102,43,50,128,1,0,10,33,0,0,140,102,29,212,254,5,69,196,17,195,1,53,63,93,254,28,68,129,0,0,0,4,17,195,2,1,0,83,0,12,133,187,0,0,8,8,110,10,0,0,33,57,76,53,63,28,75,254,5,69,196,17,195,1,53,63,93,254,28,68,129,0,0,0,4,17,195,2,1,0,80,0,223,6,197,0,0,8,8,111,10,0,0,33,63,76,53,63,28,97,254,5,69,196,17,195,1,53,63,93,254,28,68,129,0,0,0,4,17,195,2,1,0,87,0,46,144,206,0,0,8,8,112,10,0,0,33,57,76,53,63,28,19,254,5,69,196,17,195,1,53,63,93,254,28,68,129,0,0,0,4,17,195,2,1,0,83,0,85,18,216,0,0,8,8,113,10,0,0,33,63,76,53,63,28,255,254,5,69,196,17,195,1,53,63,93,254,28,68,129,0,0,0,4,17,195,2,1,0,87,0,186,147,225,0,0,8,8,114,10,0,0,33,68,76,53,63,28,212,254,5,69,196,17,195,1,53,63,93,254,28,68,129,0,0,0,4,17,195,2,1,0,87,0,119,50,235,0,0,8,8,115,10,0,0,33,73,76,53,63,28,190,254,5,69,196,17,195,1,53,63,93,254,28,68,129,0,0,0,4,17,195,2,1,0,87,0,153,182,4,0,0,8,8,116,10,0,0,33,68,76,53,63,28,49,254,5,69,196,17,195,1,53,63,93,254,28,68,129,0,0,0,4,17,195,2,1,0,87,0,45,69,14,0,0,8,8,117,10,0,0,33,63,76,53,63,28,6,254,5,69,196,17,195,1,53,63,93,254,28,68,129,0,0,0,4,17,195,2,1,0,83,0,166,214,23,0,0,8,8,118,10,0,0,33,57,76,53,63,28,6,254,5,69,196,17,195,1,53,63,93,254,28,68,129,0,0,0,4,17,195,2,1,0,83,0,175,43,38,0,0,8,8,119,10,0,0,33,63,76,53,63,28,196]
[2026-03-12 13:05:10] debug: 	zh:zstack:unpi:parser: --> parsed 28 - 2 - 4 - 129 - [0,0,0,4,17,195,2,1,0,72,0,107,91,149,0,0,8,8,106,10,0,0,33,52,76,53,63,28] - 206
[2026-03-12 13:05:10] debug: 	zh:zstack:znp: <-- AREQ: AF - incomingMsg - {"groupid":0,"clusterid":1024,"srcaddr":49937,"srcendpoint":2,"dstendpoint":1,"wasbroadcast":0,"linkquality":72,"securityuse":0,"timestamp":9788267,"transseqnumber":0,"len":8,"data":{"type":"Buffer","data":[8,106,10,0,0,33,52,76]}}
[2026-03-12 13:05:10] debug: 	zh:controller: Received payload: clusterID=1024, address=49937, groupID=0, endpoint=2, destinationEndpoint=1, wasBroadcast=false, linkQuality=72, frame={"header":{"frameControl":{"frameType":0,"manufacturerSpecific":false,"direction":1,"disableDefaultResponse":false,"reservedBits":0},"transactionSequenceNumber":106,"commandIdentifier":10},"payload":[{"attrId":0,"dataType":33,"attrData":19508}],"command":{"ID":10,"name":"report","parameters":[{"name":"attrId","type":9},{"name":"dataType","type":8},{"name":"attrData","type":1000}]}}
[2026-03-12 13:05:10] debug: 	zh:controller:endpoint: ZCL command 0x001788010916738d/2 msIlluminanceMeasurement.defaultRsp({"cmdId":10,"statusCode":0}, {"timeout":10000,"disableResponse":false,"disableRecovery":false,"disableDefaultResponse":true,"direction":1,"reservedBits":0,"transactionSequenceNumber":106,"writeUndiv":false})
[2026-03-12 13:05:10] debug: 	zh:zstack:unpi:parser: --- parseNext [254,28,68,129,0,0,0,4,17,195,2,1,0,83,0,233,228,158,0,0,8,8,107,10,0,0,33,63,76,53,63,28,233,254,28,68,129,0,0,0,4,17,195,2,1,0,91,0,123,102,168,0,0,8,8,108,10,0,0,33,57,76,53,63,28,198,254,28,68,129,0,0,0,4,17,195,2,1,0,83,0,168,245,177,0,0,8,8,109,10,0,0,33,52,76,53,63,28,155,254,64,68,129,0,0,0,0,140,102,1,1,0,178,0,138,44,187,0,0,44,24,139,10,1,255,66,37,1,33,199,11,4,33,168,19,5,33,6,0,6,36,1,0,0,0,0,100,41,153,9,101,33,254,14,102,43,50,128,1,0,10,33,0,0,140,102,29,212,254,5,69,196,17,195,1,53,63,93,254,28,68,129,0,0,0,4,17,195,2,1,0,83,0,12,133,187,0,0,8,8,110,10,0,0,33,57,76,53,63,28,75,254,5,69,196,17,195,1,53,63,93,254,28,68,129,0,0,0,4,17,195,2,1,0,80,0,223,6,197,0,0,8,8,111,10,0,0,33,63,76,53,63,28,97,254,5,69,196,17,195,1,53,63,93,254,28,68,129,0,0,0,4,17,195,2,1,0,87,0,46,144,206,0,0,8,8,112,10,0,0,33,57,76,53,63,28,19,254,5,69,196,17,195,1,53,63,93,254,28,68,129,0,0,0,4,17,195,2,1,0,83,0,85,18,216,0,0,8,8,113,10,0,0,33,63,76,53,63,28,255,254,5,69,196,17,195,1,53,63,93,254,28,68,129,0,0,0,4,17,195,2,1,0,87,0,186,147,225,0,0,8,8,114,10,0,0,33,68,76,53,63,28,212,254,5,69,196,17,195,1,53,63,93,254,28,68,129,0,0,0,4,17,195,2,1,0,87,0,119,50,235,0,0,8,8,115,10,0,0,33,73,76,53,63,28,190,254,5,69,196,17,195,1,53,63,93,254,28,68,129,0,0,0,4,17,195,2,1,0,87,0,153,182,4,0,0,8,8,116,10,0,0,33,68,76,53,63,28,49,254,5,69,196,17,195,1,53,63,93,254,28,68,129,0,0,0,4,17,195,2,1,0,87,0,45,69,14,0,0,8,8,117,10,0,0,33,63,76,53,63,28,6,254,5,69,196,17,195,1,53,63,93,254,28,68,129,0,0,0,4,17,195,2,1,0,83,0,166,214,23,0,0,8,8,118,10,0,0,33,57,76,53,63,28,6,254,5,69,196,17,195,1,53,63,93,254,28,68,129,0,0,0,4,17,195,2,1,0,83,0,175,43,38,0,0,8,8,119,10,0,0,33,63,76,53,63,28,196]
[2026-03-12 13:05:10] debug: 	zh:zstack:unpi:parser: --> parsed 28 - 2 - 4 - 129 - [0,0,0,4,17,195,2,1,0,83,0,233,228,158,0,0,8,8,107,10,0,0,33,63,76,53,63,28] - 233
[2026-03-12 13:05:10] debug: 	zh:zstack:znp: <-- AREQ: AF - incomingMsg - {"groupid":0,"clusterid":1024,"srcaddr":49937,"srcendpoint":2,"dstendpoint":1,"wasbroadcast":0,"linkquality":83,"securityuse":0,"timestamp":10413289,"transseqnumber":0,"len":8,"data":{"type":"Buffer","data":[8,107,10,0,0,33,63,76]}}
[2026-03-12 13:05:10] debug: 	zh:controller: Received payload: clusterID=1024, address=49937, groupID=0, endpoint=2, destinationEndpoint=1, wasBroadcast=false, linkQuality=83, frame={"header":{"frameControl":{"frameType":0,"manufacturerSpecific":false,"direction":1,"disableDefaultResponse":false,"reservedBits":0},"transactionSequenceNumber":107,"commandIdentifier":10},"payload":[{"attrId":0,"dataType":33,"attrData":19519}],"command":{"ID":10,"name":"report","parameters":[{"name":"attrId","type":9},{"name":"dataType","type":8},{"name":"attrData","type":1000}]}}
[2026-03-12 13:05:10] debug: 	zh:controller:endpoint: ZCL command 0x001788010916738d/2 msIlluminanceMeasurement.defaultRsp({"cmdId":10,"statusCode":0}, {"timeout":10000,"disableResponse":false,"disableRecovery":false,"disableDefaultResponse":true,"direction":1,"reservedBits":0,"transactionSequenceNumber":107,"writeUndiv":false})
[2026-03-12 13:05:10] debug: 	zh:zstack:unpi:parser: --- parseNext [254,28,68,129,0,0,0,4,17,195,2,1,0,91,0,123,102,168,0,0,8,8,108,10,0,0,33,57,76,53,63,28,198,254,28,68,129,0,0,0,4,17,195,2,1,0,83,0,168,245,177,0,0,8,8,109,10,0,0,33,52,76,53,63,28,155,254,64,68,129,0,0,0,0,140,102,1,1,0,178,0,138,44,187,0,0,44,24,139,10,1,255,66,37,1,33,199,11,4,33,168,19,5,33,6,0,6,36,1,0,0,0,0,100,41,153,9,101,33,254,14,102,43,50,128,1,0,10,33,0,0,140,102,29,212,254,5,69,196,17,195,1,53,63,93,254,28,68,129,0,0,0,4,17,195,2,1,0,83,0,12,133,187,0,0,8,8,110,10,0,0,33,57,76,53,63,28,75,254,5,69,196,17,195,1,53,63,93,254,28,68,129,0,0,0,4,17,195,2,1,0,80,0,223,6,197,0,0,8,8,111,10,0,0,33,63,76,53,63,28,97,254,5,69,196,17,195,1,53,63,93,254,28,68,129,0,0,0,4,17,195,2,1,0,87,0,46,144,206,0,0,8,8,112,10,0,0,33,57,76,53,63,28,19,254,5,69,196,17,195,1,53,63,93,254,28,68,129,0,0,0,4,17,195,2,1,0,83,0,85,18,216,0,0,8,8,113,10,0,0,33,63,76,53,63,28,255,254,5,69,196,17,195,1,53,63,93,254,28,68,129,0,0,0,4,17,195,2,1,0,87,0,186,147,225,0,0,8,8,114,10,0,0,33,68,76,53,63,28,212,254,5,69,196,17,195,1,53,63,93,254,28,68,129,0,0,0,4,17,195,2,1,0,87,0,119,50,235,0,0,8,8,115,10,0,0,33,73,76,53,63,28,190,254,5,69,196,17,195,1,53,63,93,254,28,68,129,0,0,0,4,17,195,2,1,0,87,0,153,182,4,0,0,8,8,116,10,0,0,33,68,76,53,63,28,49,254,5,69,196,17,195,1,53,63,93,254,28,68,129,0,0,0,4,17,195,2,1,0,87,0,45,69,14,0,0,8,8,117,10,0,0,33,63,76,53,63,28,6,254,5,69,196,17,195,1,53,63,93,254,28,68,129,0,0,0,4,17,195,2,1,0,83,0,166,214,23,0,0,8,8,118,10,0,0,33,57,76,53,63,28,6,254,5,69,196,17,195,1,53,63,93,254,28,68,129,0,0,0,4,17,195,2,1,0,83,0,175,43,38,0,0,8,8,119,10,0,0,33,63,76,53,63,28,196]
[2026-03-12 13:05:10] debug: 	zh:zstack:unpi:parser: --> parsed 28 - 2 - 4 - 129 - [0,0,0,4,17,195,2,1,0,91,0,123,102,168,0,0,8,8,108,10,0,0,33,57,76,53,63,28] - 198
[2026-03-12 13:05:10] debug: 	zh:zstack:znp: <-- AREQ: AF - incomingMsg - {"groupid":0,"clusterid":1024,"srcaddr":49937,"srcendpoint":2,"dstendpoint":1,"wasbroadcast":0,"linkquality":91,"securityuse":0,"timestamp":11036283,"transseqnumber":0,"len":8,"data":{"type":"Buffer","data":[8,108,10,0,0,33,57,76]}}
[2026-03-12 13:05:10] debug: 	zh:controller: Received payload: clusterID=1024, address=49937, groupID=0, endpoint=2, destinationEndpoint=1, wasBroadcast=false, linkQuality=91, frame={"header":{"frameControl":{"frameType":0,"manufacturerSpecific":false,"direction":1,"disableDefaultResponse":false,"reservedBits":0},"transactionSequenceNumber":108,"commandIdentifier":10},"payload":[{"attrId":0,"dataType":33,"attrData":19513}],"command":{"ID":10,"name":"report","parameters":[{"name":"attrId","type":9},{"name":"dataType","type":8},{"name":"attrData","type":1000}]}}
[2026-03-12 13:05:10] debug: 	zh:controller:endpoint: ZCL command 0x001788010916738d/2 msIlluminanceMeasurement.defaultRsp({"cmdId":10,"statusCode":0}, {"timeout":10000,"disableResponse":false,"disableRecovery":false,"disableDefaultResponse":true,"direction":1,"reservedBits":0,"transactionSequenceNumber":108,"writeUndiv":false})
[2026-03-12 13:05:10] debug: 	zh:zstack:unpi:parser: --- parseNext [254,28,68,129,0,0,0,4,17,195,2,1,0,83,0,168,245,177,0,0,8,8,109,10,0,0,33,52,76,53,63,28,155,254,64,68,129,0,0,0,0,140,102,1,1,0,178,0,138,44,187,0,0,44,24,139,10,1,255,66,37,1,33,199,11,4,33,168,19,5,33,6,0,6,36,1,0,0,0,0,100,41,153,9,101,33,254,14,102,43,50,128,1,0,10,33,0,0,140,102,29,212,254,5,69,196,17,195,1,53,63,93,254,28,68,129,0,0,0,4,17,195,2,1,0,83,0,12,133,187,0,0,8,8,110,10,0,0,33,57,76,53,63,28,75,254,5,69,196,17,195,1,53,63,93,254,28,68,129,0,0,0,4,17,195,2,1,0,80,0,223,6,197,0,0,8,8,111,10,0,0,33,63,76,53,63,28,97,254,5,69,196,17,195,1,53,63,93,254,28,68,129,0,0,0,4,17,195,2,1,0,87,0,46,144,206,0,0,8,8,112,10,0,0,33,57,76,53,63,28,19,254,5,69,196,17,195,1,53,63,93,254,28,68,129,0,0,0,4,17,195,2,1,0,83,0,85,18,216,0,0,8,8,113,10,0,0,33,63,76,53,63,28,255,254,5,69,196,17,195,1,53,63,93,254,28,68,129,0,0,0,4,17,195,2,1,0,87,0,186,147,225,0,0,8,8,114,10,0,0,33,68,76,53,63,28,212,254,5,69,196,17,195,1,53,63,93,254,28,68,129,0,0,0,4,17,195,2,1,0,87,0,119,50,235,0,0,8,8,115,10,0,0,33,73,76,53,63,28,190,254,5,69,196,17,195,1,53,63,93,254,28,68,129,0,0,0,4,17,195,2,1,0,87,0,153,182,4,0,0,8,8,116,10,0,0,33,68,76,53,63,28,49,254,5,69,196,17,195,1,53,63,93,254,28,68,129,0,0,0,4,17,195,2,1,0,87,0,45,69,14,0,0,8,8,117,10,0,0,33,63,76,53,63,28,6,254,5,69,196,17,195,1,53,63,93,254,28,68,129,0,0,0,4,17,195,2,1,0,83,0,166,214,23,0,0,8,8,118,10,0,0,33,57,76,53,63,28,6,254,5,69,196,17,195,1,53,63,93,254,28,68,129,0,0,0,4,17,195,2,1,0,83,0,175,43,38,0,0,8,8,119,10,0,0,33,63,76,53,63,28,196]
[2026-03-12 13:05:10] debug: 	zh:zstack:unpi:parser: --> parsed 28 - 2 - 4 - 129 - [0,0,0,4,17,195,2,1,0,83,0,168,245,177,0,0,8,8,109,10,0,0,33,52,76,53,63,28] - 155
[2026-03-12 13:05:10] debug: 	zh:zstack:znp: <-- AREQ: AF - incomingMsg - {"groupid":0,"clusterid":1024,"srcaddr":49937,"srcendpoint":2,"dstendpoint":1,"wasbroadcast":0,"linkquality":83,"securityuse":0,"timestamp":11662760,"transseqnumber":0,"len":8,"data":{"type":"Buffer","data":[8,109,10,0,0,33,52,76]}}
[2026-03-12 13:05:10] debug: 	zh:controller: Received payload: clusterID=1024, address=49937, groupID=0, endpoint=2, destinationEndpoint=1, wasBroadcast=false, linkQuality=83, frame={"header":{"frameControl":{"frameType":0,"manufacturerSpecific":false,"direction":1,"disableDefaultResponse":false,"reservedBits":0},"transactionSequenceNumber":109,"commandIdentifier":10},"payload":[{"attrId":0,"dataType":33,"attrData":19508}],"command":{"ID":10,"name":"report","parameters":[{"name":"attrId","type":9},{"name":"dataType","type":8},{"name":"attrData","type":1000}]}}
[2026-03-12 13:05:10] debug: 	zh:controller:endpoint: ZCL command 0x001788010916738d/2 msIlluminanceMeasurement.defaultRsp({"cmdId":10,"statusCode":0}, {"timeout":10000,"disableResponse":false,"disableRecovery":false,"disableDefaultResponse":true,"direction":1,"reservedBits":0,"transactionSequenceNumber":109,"writeUndiv":false})
[2026-03-12 13:05:10] debug: 	zh:zstack:unpi:parser: --- parseNext [254,64,68,129,0,0,0,0,140,102,1,1,0,178,0,138,44,187,0,0,44,24,139,10,1,255,66,37,1,33,199,11,4,33,168,19,5,33,6,0,6,36,1,0,0,0,0,100,41,153,9,101,33,254,14,102,43,50,128,1,0,10,33,0,0,140,102,29,212,254,5,69,196,17,195,1,53,63,93,254,28,68,129,0,0,0,4,17,195,2,1,0,83,0,12,133,187,0,0,8,8,110,10,0,0,33,57,76,53,63,28,75,254,5,69,196,17,195,1,53,63,93,254,28,68,129,0,0,0,4,17,195,2,1,0,80,0,223,6,197,0,0,8,8,111,10,0,0,33,63,76,53,63,28,97,254,5,69,196,17,195,1,53,63,93,254,28,68,129,0,0,0,4,17,195,2,1,0,87,0,46,144,206,0,0,8,8,112,10,0,0,33,57,76,53,63,28,19,254,5,69,196,17,195,1,53,63,93,254,28,68,129,0,0,0,4,17,195,2,1,0,83,0,85,18,216,0,0,8,8,113,10,0,0,33,63,76,53,63,28,255,254,5,69,196,17,195,1,53,63,93,254,28,68,129,0,0,0,4,17,195,2,1,0,87,0,186,147,225,0,0,8,8,114,10,0,0,33,68,76,53,63,28,212,254,5,69,196,17,195,1,53,63,93,254,28,68,129,0,0,0,4,17,195,2,1,0,87,0,119,50,235,0,0,8,8,115,10,0,0,33,73,76,53,63,28,190,254,5,69,196,17,195,1,53,63,93,254,28,68,129,0,0,0,4,17,195,2,1,0,87,0,153,182,4,0,0,8,8,116,10,0,0,33,68,76,53,63,28,49,254,5,69,196,17,195,1,53,63,93,254,28,68,129,0,0,0,4,17,195,2,1,0,87,0,45,69,14,0,0,8,8,117,10,0,0,33,63,76,53,63,28,6,254,5,69,196,17,195,1,53,63,93,254,28,68,129,0,0,0,4,17,195,2,1,0,83,0,166,214,23,0,0,8,8,118,10,0,0,33,57,76,53,63,28,6,254,5,69,196,17,195,1,53,63,93,254,28,68,129,0,0,0,4,17,195,2,1,0,83,0,175,43,38,0,0,8,8,119,10,0,0,33,63,76,53,63,28,196]
[2026-03-12 13:05:10] debug: 	zh:zstack:unpi:parser: --> parsed 64 - 2 - 4 - 129 - [0,0,0,0,140,102,1,1,0,178,0,138,44,187,0,0,44,24,139,10,1,255,66,37,1,33,199,11,4,33,168,19,5,33,6,0,6,36,1,0,0,0,0,100,41,153,9,101,33,254,14,102,43,50,128,1,0,10,33,0,0,140,102,29] - 212
[2026-03-12 13:05:10] debug: 	zh:zstack:znp: <-- AREQ: AF - incomingMsg - {"groupid":0,"clusterid":0,"srcaddr":26252,"srcendpoint":1,"dstendpoint":1,"wasbroadcast":0,"linkquality":178,"securityuse":0,"timestamp":12266634,"transseqnumber":0,"len":44,"data":{"type":"Buffer","data":[24,139,10,1,255,66,37,1,33,199,11,4,33,168,19,5,33,6,0,6,36,1,0,0,0,0,100,41,153,9,101,33,254,14,102,43,50,128,1,0,10,33,0,0]}}
[2026-03-12 13:05:10] debug: 	zh:controller: Received payload: clusterID=0, address=26252, groupID=0, endpoint=1, destinationEndpoint=1, wasBroadcast=false, linkQuality=178, frame={"header":{"frameControl":{"frameType":0,"manufacturerSpecific":false,"direction":1,"disableDefaultResponse":true,"reservedBits":0},"transactionSequenceNumber":139,"commandIdentifier":10},"payload":[{"attrId":65281,"dataType":66,"attrData":{"1":3015,"4":5032,"5":6,"6":1,"10":0,"100":2457,"101":3838,"102":98354}}],"command":{"ID":10,"name":"report","parameters":[{"name":"attrId","type":9},{"name":"dataType","type":8},{"name":"attrData","type":1000}]}}
[2026-03-12 13:05:10] debug: 	zh:zstack:unpi:parser: --- parseNext [254,5,69,196,17,195,1,53,63,93,254,28,68,129,0,0,0,4,17,195,2,1,0,83,0,12,133,187,0,0,8,8,110,10,0,0,33,57,76,53,63,28,75,254,5,69,196,17,195,1,53,63,93,254,28,68,129,0,0,0,4,17,195,2,1,0,80,0,223,6,197,0,0,8,8,111,10,0,0,33,63,76,53,63,28,97,254,5,69,196,17,195,1,53,63,93,254,28,68,129,0,0,0,4,17,195,2,1,0,87,0,46,144,206,0,0,8,8,112,10,0,0,33,57,76,53,63,28,19,254,5,69,196,17,195,1,53,63,93,254,28,68,129,0,0,0,4,17,195,2,1,0,83,0,85,18,216,0,0,8,8,113,10,0,0,33,63,76,53,63,28,255,254,5,69,196,17,195,1,53,63,93,254,28,68,129,0,0,0,4,17,195,2,1,0,87,0,186,147,225,0,0,8,8,114,10,0,0,33,68,76,53,63,28,212,254,5,69,196,17,195,1,53,63,93,254,28,68,129,0,0,0,4,17,195,2,1,0,87,0,119,50,235,0,0,8,8,115,10,0,0,33,73,76,53,63,28,190,254,5,69,196,17,195,1,53,63,93,254,28,68,129,0,0,0,4,17,195,2,1,0,87,0,153,182,4,0,0,8,8,116,10,0,0,33,68,76,53,63,28,49,254,5,69,196,17,195,1,53,63,93,254,28,68,129,0,0,0,4,17,195,2,1,0,87,0,45,69,14,0,0,8,8,117,10,0,0,33,63,76,53,63,28,6,254,5,69,196,17,195,1,53,63,93,254,28,68,129,0,0,0,4,17,195,2,1,0,83,0,166,214,23,0,0,8,8,118,10,0,0,33,57,76,53,63,28,6,254,5,69,196,17,195,1,53,63,93,254,28,68,129,0,0,0,4,17,195,2,1,0,83,0,175,43,38,0,0,8,8,119,10,0,0,33,63,76,53,63,28,196]
[2026-03-12 13:05:10] debug: 	zh:zstack:unpi:parser: --> parsed 5 - 2 - 5 - 196 - [17,195,1,53,63] - 93
[2026-03-12 13:05:10] debug: 	zh:zstack:znp: <-- AREQ: ZDO - srcRtgInd
[2026-03-12 13:05:10] debug: 	zh:zstack:unpi:parser: --- parseNext [254,28,68,129,0,0,0,4,17,195,2,1,0,83,0,12,133,187,0,0,8,8,110,10,0,0,33,57,76,53,63,28,75,254,5,69,196,17,195,1,53,63,93,254,28,68,129,0,0,0,4,17,195,2,1,0,80,0,223,6,197,0,0,8,8,111,10,0,0,33,63,76,53,63,28,97,254,5,69,196,17,195,1,53,63,93,254,28,68,129,0,0,0,4,17,195,2,1,0,87,0,46,144,206,0,0,8,8,112,10,0,0,33,57,76,53,63,28,19,254,5,69,196,17,195,1,53,63,93,254,28,68,129,0,0,0,4,17,195,2,1,0,83,0,85,18,216,0,0,8,8,113,10,0,0,33,63,76,53,63,28,255,254,5,69,196,17,195,1,53,63,93,254,28,68,129,0,0,0,4,17,195,2,1,0,87,0,186,147,225,0,0,8,8,114,10,0,0,33,68,76,53,63,28,212,254,5,69,196,17,195,1,53,63,93,254,28,68,129,0,0,0,4,17,195,2,1,0,87,0,119,50,235,0,0,8,8,115,10,0,0,33,73,76,53,63,28,190,254,5,69,196,17,195,1,53,63,93,254,28,68,129,0,0,0,4,17,195,2,1,0,87,0,153,182,4,0,0,8,8,116,10,0,0,33,68,76,53,63,28,49,254,5,69,196,17,195,1,53,63,93,254,28,68,129,0,0,0,4,17,195,2,1,0,87,0,45,69,14,0,0,8,8,117,10,0,0,33,63,76,53,63,28,6,254,5,69,196,17,195,1,53,63,93,254,28,68,129,0,0,0,4,17,195,2,1,0,83,0,166,214,23,0,0,8,8,118,10,0,0,33,57,76,53,63,28,6,254,5,69,196,17,195,1,53,63,93,254,28,68,129,0,0,0,4,17,195,2,1,0,83,0,175,43,38,0,0,8,8,119,10,0,0,33,63,76,53,63,28,196]
[2026-03-12 13:05:10] debug: 	zh:zstack:unpi:parser: --> parsed 28 - 2 - 4 - 129 - [0,0,0,4,17,195,2,1,0,83,0,12,133,187,0,0,8,8,110,10,0,0,33,57,76,53,63,28] - 75
[2026-03-12 13:05:10] debug: 	zh:zstack:znp: <-- AREQ: AF - incomingMsg - {"groupid":0,"clusterid":1024,"srcaddr":49937,"srcendpoint":2,"dstendpoint":1,"wasbroadcast":0,"linkquality":83,"securityuse":0,"timestamp":12289292,"transseqnumber":0,"len":8,"data":{"type":"Buffer","data":[8,110,10,0,0,33,57,76]}}
[2026-03-12 13:05:10] debug: 	zh:controller: Received payload: clusterID=1024, address=49937, groupID=0, endpoint=2, destinationEndpoint=1, wasBroadcast=false, linkQuality=83, frame={"header":{"frameControl":{"frameType":0,"manufacturerSpecific":false,"direction":1,"disableDefaultResponse":false,"reservedBits":0},"transactionSequenceNumber":110,"commandIdentifier":10},"payload":[{"attrId":0,"dataType":33,"attrData":19513}],"command":{"ID":10,"name":"report","parameters":[{"name":"attrId","type":9},{"name":"dataType","type":8},{"name":"attrData","type":1000}]}}
[2026-03-12 13:05:10] debug: 	zh:controller:endpoint: ZCL command 0x001788010916738d/2 msIlluminanceMeasurement.defaultRsp({"cmdId":10,"statusCode":0}, {"timeout":10000,"disableResponse":false,"disableRecovery":false,"disableDefaultResponse":true,"direction":1,"reservedBits":0,"transactionSequenceNumber":110,"writeUndiv":false})
[2026-03-12 13:05:10] debug: 	zh:zstack:unpi:parser: --- parseNext [254,5,69,196,17,195,1,53,63,93,254,28,68,129,0,0,0,4,17,195,2,1,0,80,0,223,6,197,0,0,8,8,111,10,0,0,33,63,76,53,63,28,97,254,5,69,196,17,195,1,53,63,93,254,28,68,129,0,0,0,4,17,195,2,1,0,87,0,46,144,206,0,0,8,8,112,10,0,0,33,57,76,53,63,28,19,254,5,69,196,17,195,1,53,63,93,254,28,68,129,0,0,0,4,17,195,2,1,0,83,0,85,18,216,0,0,8,8,113,10,0,0,33,63,76,53,63,28,255,254,5,69,196,17,195,1,53,63,93,254,28,68,129,0,0,0,4,17,195,2,1,0,87,0,186,147,225,0,0,8,8,114,10,0,0,33,68,76,53,63,28,212,254,5,69,196,17,195,1,53,63,93,254,28,68,129,0,0,0,4,17,195,2,1,0,87,0,119,50,235,0,0,8,8,115,10,0,0,33,73,76,53,63,28,190,254,5,69,196,17,195,1,53,63,93,254,28,68,129,0,0,0,4,17,195,2,1,0,87,0,153,182,4,0,0,8,8,116,10,0,0,33,68,76,53,63,28,49,254,5,69,196,17,195,1,53,63,93,254,28,68,129,0,0,0,4,17,195,2,1,0,87,0,45,69,14,0,0,8,8,117,10,0,0,33,63,76,53,63,28,6,254,5,69,196,17,195,1,53,63,93,254,28,68,129,0,0,0,4,17,195,2,1,0,83,0,166,214,23,0,0,8,8,118,10,0,0,33,57,76,53,63,28,6,254,5,69,196,17,195,1,53,63,93,254,28,68,129,0,0,0,4,17,195,2,1,0,83,0,175,43,38,0,0,8,8,119,10,0,0,33,63,76,53,63,28,196]
[2026-03-12 13:05:10] debug: 	zh:zstack:unpi:parser: --> parsed 5 - 2 - 5 - 196 - [17,195,1,53,63] - 93
[2026-03-12 13:05:10] debug: 	zh:zstack:znp: <-- AREQ: ZDO - srcRtgInd
[2026-03-12 13:05:10] debug: 	zh:zstack:unpi:parser: --- parseNext [254,28,68,129,0,0,0,4,17,195,2,1,0,80,0,223,6,197,0,0,8,8,111,10,0,0,33,63,76,53,63,28,97,254,5,69,196,17,195,1,53,63,93,254,28,68,129,0,0,0,4,17,195,2,1,0,87,0,46,144,206,0,0,8,8,112,10,0,0,33,57,76,53,63,28,19,254,5,69,196,17,195,1,53,63,93,254,28,68,129,0,0,0,4,17,195,2,1,0,83,0,85,18,216,0,0,8,8,113,10,0,0,33,63,76,53,63,28,255,254,5,69,196,17,195,1,53,63,93,254,28,68,129,0,0,0,4,17,195,2,1,0,87,0,186,147,225,0,0,8,8,114,10,0,0,33,68,76,53,63,28,212,254,5,69,196,17,195,1,53,63,93,254,28,68,129,0,0,0,4,17,195,2,1,0,87,0,119,50,235,0,0,8,8,115,10,0,0,33,73,76,53,63,28,190,254,5,69,196,17,195,1,53,63,93,254,28,68,129,0,0,0,4,17,195,2,1,0,87,0,153,182,4,0,0,8,8,116,10,0,0,33,68,76,53,63,28,49,254,5,69,196,17,195,1,53,63,93,254,28,68,129,0,0,0,4,17,195,2,1,0,87,0,45,69,14,0,0,8,8,117,10,0,0,33,63,76,53,63,28,6,254,5,69,196,17,195,1,53,63,93,254,28,68,129,0,0,0,4,17,195,2,1,0,83,0,166,214,23,0,0,8,8,118,10,0,0,33,57,76,53,63,28,6,254,5,69,196,17,195,1,53,63,93,254,28,68,129,0,0,0,4,17,195,2,1,0,83,0,175,43,38,0,0,8,8,119,10,0,0,33,63,76,53,63,28,196]
[2026-03-12 13:05:10] debug: 	zh:zstack:unpi:parser: --> parsed 28 - 2 - 4 - 129 - [0,0,0,4,17,195,2,1,0,80,0,223,6,197,0,0,8,8,111,10,0,0,33,63,76,53,63,28] - 97
[2026-03-12 13:05:10] debug: 	zh:zstack:znp: <-- AREQ: AF - incomingMsg - {"groupid":0,"clusterid":1024,"srcaddr":49937,"srcendpoint":2,"dstendpoint":1,"wasbroadcast":0,"linkquality":80,"securityuse":0,"timestamp":12912351,"transseqnumber":0,"len":8,"data":{"type":"Buffer","data":[8,111,10,0,0,33,63,76]}}
[2026-03-12 13:05:10] debug: 	zh:controller: Received payload: clusterID=1024, address=49937, groupID=0, endpoint=2, destinationEndpoint=1, wasBroadcast=false, linkQuality=80, frame={"header":{"frameControl":{"frameType":0,"manufacturerSpecific":false,"direction":1,"disableDefaultResponse":false,"reservedBits":0},"transactionSequenceNumber":111,"commandIdentifier":10},"payload":[{"attrId":0,"dataType":33,"attrData":19519}],"command":{"ID":10,"name":"report","parameters":[{"name":"attrId","type":9},{"name":"dataType","type":8},{"name":"attrData","type":1000}]}}
[2026-03-12 13:05:10] debug: 	zh:controller:endpoint: ZCL command 0x001788010916738d/2 msIlluminanceMeasurement.defaultRsp({"cmdId":10,"statusCode":0}, {"timeout":10000,"disableResponse":false,"disableRecovery":false,"disableDefaultResponse":true,"direction":1,"reservedBits":0,"transactionSequenceNumber":111,"writeUndiv":false})
[2026-03-12 13:05:10] debug: 	zh:zstack:unpi:parser: --- parseNext [254,5,69,196,17,195,1,53,63,93,254,28,68,129,0,0,0,4,17,195,2,1,0,87,0,46,144,206,0,0,8,8,112,10,0,0,33,57,76,53,63,28,19,254,5,69,196,17,195,1,53,63,93,254,28,68,129,0,0,0,4,17,195,2,1,0,83,0,85,18,216,0,0,8,8,113,10,0,0,33,63,76,53,63,28,255,254,5,69,196,17,195,1,53,63,93,254,28,68,129,0,0,0,4,17,195,2,1,0,87,0,186,147,225,0,0,8,8,114,10,0,0,33,68,76,53,63,28,212,254,5,69,196,17,195,1,53,63,93,254,28,68,129,0,0,0,4,17,195,2,1,0,87,0,119,50,235,0,0,8,8,115,10,0,0,33,73,76,53,63,28,190,254,5,69,196,17,195,1,53,63,93,254,28,68,129,0,0,0,4,17,195,2,1,0,87,0,153,182,4,0,0,8,8,116,10,0,0,33,68,76,53,63,28,49,254,5,69,196,17,195,1,53,63,93,254,28,68,129,0,0,0,4,17,195,2,1,0,87,0,45,69,14,0,0,8,8,117,10,0,0,33,63,76,53,63,28,6,254,5,69,196,17,195,1,53,63,93,254,28,68,129,0,0,0,4,17,195,2,1,0,83,0,166,214,23,0,0,8,8,118,10,0,0,33,57,76,53,63,28,6,254,5,69,196,17,195,1,53,63,93,254,28,68,129,0,0,0,4,17,195,2,1,0,83,0,175,43,38,0,0,8,8,119,10,0,0,33,63,76,53,63,28,196]
[2026-03-12 13:05:10] debug: 	zh:zstack:unpi:parser: --> parsed 5 - 2 - 5 - 196 - [17,195,1,53,63] - 93
[2026-03-12 13:05:10] debug: 	zh:zstack:znp: <-- AREQ: ZDO - srcRtgInd
[2026-03-12 13:05:10] debug: 	zh:zstack:unpi:parser: --- parseNext [254,28,68,129,0,0,0,4,17,195,2,1,0,87,0,46,144,206,0,0,8,8,112,10,0,0,33,57,76,53,63,28,19,254,5,69,196,17,195,1,53,63,93,254,28,68,129,0,0,0,4,17,195,2,1,0,83,0,85,18,216,0,0,8,8,113,10,0,0,33,63,76,53,63,28,255,254,5,69,196,17,195,1,53,63,93,254,28,68,129,0,0,0,4,17,195,2,1,0,87,0,186,147,225,0,0,8,8,114,10,0,0,33,68,76,53,63,28,212,254,5,69,196,17,195,1,53,63,93,254,28,68,129,0,0,0,4,17,195,2,1,0,87,0,119,50,235,0,0,8,8,115,10,0,0,33,73,76,53,63,28,190,254,5,69,196,17,195,1,53,63,93,254,28,68,129,0,0,0,4,17,195,2,1,0,87,0,153,182,4,0,0,8,8,116,10,0,0,33,68,76,53,63,28,49,254,5,69,196,17,195,1,53,63,93,254,28,68,129,0,0,0,4,17,195,2,1,0,87,0,45,69,14,0,0,8,8,117,10,0,0,33,63,76,53,63,28,6,254,5,69,196,17,195,1,53,63,93,254,28,68,129,0,0,0,4,17,195,2,1,0,83,0,166,214,23,0,0,8,8,118,10,0,0,33,57,76,53,63,28,6,254,5,69,196,17,195,1,53,63,93,254,28,68,129,0,0,0,4,17,195,2,1,0,83,0,175,43,38,0,0,8,8,119,10,0,0,33,63,76,53,63,28,196]
[2026-03-12 13:05:10] debug: 	zh:zstack:unpi:parser: --> parsed 28 - 2 - 4 - 129 - [0,0,0,4,17,195,2,1,0,87,0,46,144,206,0,0,8,8,112,10,0,0,33,57,76,53,63,28] - 19
[2026-03-12 13:05:10] debug: 	zh:zstack:znp: <-- AREQ: AF - incomingMsg - {"groupid":0,"clusterid":1024,"srcaddr":49937,"srcendpoint":2,"dstendpoint":1,"wasbroadcast":0,"linkquality":87,"securityuse":0,"timestamp":13537326,"transseqnumber":0,"len":8,"data":{"type":"Buffer","data":[8,112,10,0,0,33,57,76]}}
[2026-03-12 13:05:10] debug: 	zh:controller: Received payload: clusterID=1024, address=49937, groupID=0, endpoint=2, destinationEndpoint=1, wasBroadcast=false, linkQuality=87, frame={"header":{"frameControl":{"frameType":0,"manufacturerSpecific":false,"direction":1,"disableDefaultResponse":false,"reservedBits":0},"transactionSequenceNumber":112,"commandIdentifier":10},"payload":[{"attrId":0,"dataType":33,"attrData":19513}],"command":{"ID":10,"name":"report","parameters":[{"name":"attrId","type":9},{"name":"dataType","type":8},{"name":"attrData","type":1000}]}}
[2026-03-12 13:05:10] debug: 	zh:controller:endpoint: ZCL command 0x001788010916738d/2 msIlluminanceMeasurement.defaultRsp({"cmdId":10,"statusCode":0}, {"timeout":10000,"disableResponse":false,"disableRecovery":false,"disableDefaultResponse":true,"direction":1,"reservedBits":0,"transactionSequenceNumber":112,"writeUndiv":false})
[2026-03-12 13:05:10] debug: 	zh:zstack:unpi:parser: --- parseNext [254,5,69,196,17,195,1,53,63,93,254,28,68,129,0,0,0,4,17,195,2,1,0,83,0,85,18,216,0,0,8,8,113,10,0,0,33,63,76,53,63,28,255,254,5,69,196,17,195,1,53,63,93,254,28,68,129,0,0,0,4,17,195,2,1,0,87,0,186,147,225,0,0,8,8,114,10,0,0,33,68,76,53,63,28,212,254,5,69,196,17,195,1,53,63,93,254,28,68,129,0,0,0,4,17,195,2,1,0,87,0,119,50,235,0,0,8,8,115,10,0,0,33,73,76,53,63,28,190,254,5,69,196,17,195,1,53,63,93,254,28,68,129,0,0,0,4,17,195,2,1,0,87,0,153,182,4,0,0,8,8,116,10,0,0,33,68,76,53,63,28,49,254,5,69,196,17,195,1,53,63,93,254,28,68,129,0,0,0,4,17,195,2,1,0,87,0,45,69,14,0,0,8,8,117,10,0,0,33,63,76,53,63,28,6,254,5,69,196,17,195,1,53,63,93,254,28,68,129,0,0,0,4,17,195,2,1,0,83,0,166,214,23,0,0,8,8,118,10,0,0,33,57,76,53,63,28,6,254,5,69,196,17,195,1,53,63,93,254,28,68,129,0,0,0,4,17,195,2,1,0,83,0,175,43,38,0,0,8,8,119,10,0,0,33,63,76,53,63,28,196]
[2026-03-12 13:05:10] debug: 	zh:zstack:unpi:parser: --> parsed 5 - 2 - 5 - 196 - [17,195,1,53,63] - 93
[2026-03-12 13:05:10] debug: 	zh:zstack:znp: <-- AREQ: ZDO - srcRtgInd
[2026-03-12 13:05:10] debug: 	zh:zstack:unpi:parser: --- parseNext [254,28,68,129,0,0,0,4,17,195,2,1,0,83,0,85,18,216,0,0,8,8,113,10,0,0,33,63,76,53,63,28,255,254,5,69,196,17,195,1,53,63,93,254,28,68,129,0,0,0,4,17,195,2,1,0,87,0,186,147,225,0,0,8,8,114,10,0,0,33,68,76,53,63,28,212,254,5,69,196,17,195,1,53,63,93,254,28,68,129,0,0,0,4,17,195,2,1,0,87,0,119,50,235,0,0,8,8,115,10,0,0,33,73,76,53,63,28,190,254,5,69,196,17,195,1,53,63,93,254,28,68,129,0,0,0,4,17,195,2,1,0,87,0,153,182,4,0,0,8,8,116,10,0,0,33,68,76,53,63,28,49,254,5,69,196,17,195,1,53,63,93,254,28,68,129,0,0,0,4,17,195,2,1,0,87,0,45,69,14,0,0,8,8,117,10,0,0,33,63,76,53,63,28,6,254,5,69,196,17,195,1,53,63,93,254,28,68,129,0,0,0,4,17,195,2,1,0,83,0,166,214,23,0,0,8,8,118,10,0,0,33,57,76,53,63,28,6,254,5,69,196,17,195,1,53,63,93,254,28,68,129,0,0,0,4,17,195,2,1,0,83,0,175,43,38,0,0,8,8,119,10,0,0,33,63,76,53,63,28,196]
[2026-03-12 13:05:10] debug: 	zh:zstack:unpi:parser: --> parsed 28 - 2 - 4 - 129 - [0,0,0,4,17,195,2,1,0,83,0,85,18,216,0,0,8,8,113,10,0,0,33,63,76,53,63,28] - 255
[2026-03-12 13:05:10] debug: 	zh:zstack:znp: <-- AREQ: AF - incomingMsg - {"groupid":0,"clusterid":1024,"srcaddr":49937,"srcendpoint":2,"dstendpoint":1,"wasbroadcast":0,"linkquality":83,"securityuse":0,"timestamp":14160469,"transseqnumber":0,"len":8,"data":{"type":"Buffer","data":[8,113,10,0,0,33,63,76]}}
[2026-03-12 13:05:10] debug: 	zh:controller: Received payload: clusterID=1024, address=49937, groupID=0, endpoint=2, destinationEndpoint=1, wasBroadcast=false, linkQuality=83, frame={"header":{"frameControl":{"frameType":0,"manufacturerSpecific":false,"direction":1,"disableDefaultResponse":false,"reservedBits":0},"transactionSequenceNumber":113,"commandIdentifier":10},"payload":[{"attrId":0,"dataType":33,"attrData":19519}],"command":{"ID":10,"name":"report","parameters":[{"name":"attrId","type":9},{"name":"dataType","type":8},{"name":"attrData","type":1000}]}}
[2026-03-12 13:05:10] debug: 	zh:controller:endpoint: ZCL command 0x001788010916738d/2 msIlluminanceMeasurement.defaultRsp({"cmdId":10,"statusCode":0}, {"timeout":10000,"disableResponse":false,"disableRecovery":false,"disableDefaultResponse":true,"direction":1,"reservedBits":0,"transactionSequenceNumber":113,"writeUndiv":false})
[2026-03-12 13:05:10] debug: 	zh:zstack:unpi:parser: --- parseNext [254,5,69,196,17,195,1,53,63,93,254,28,68,129,0,0,0,4,17,195,2,1,0,87,0,186,147,225,0,0,8,8,114,10,0,0,33,68,76,53,63,28,212,254,5,69,196,17,195,1,53,63,93,254,28,68,129,0,0,0,4,17,195,2,1,0,87,0,119,50,235,0,0,8,8,115,10,0,0,33,73,76,53,63,28,190,254,5,69,196,17,195,1,53,63,93,254,28,68,129,0,0,0,4,17,195,2,1,0,87,0,153,182,4,0,0,8,8,116,10,0,0,33,68,76,53,63,28,49,254,5,69,196,17,195,1,53,63,93,254,28,68,129,0,0,0,4,17,195,2,1,0,87,0,45,69,14,0,0,8,8,117,10,0,0,33,63,76,53,63,28,6,254,5,69,196,17,195,1,53,63,93,254,28,68,129,0,0,0,4,17,195,2,1,0,83,0,166,214,23,0,0,8,8,118,10,0,0,33,57,76,53,63,28,6,254,5,69,196,17,195,1,53,63,93,254,28,68,129,0,0,0,4,17,195,2,1,0,83,0,175,43,38,0,0,8,8,119,10,0,0,33,63,76,53,63,28,196]
[2026-03-12 13:05:10] debug: 	zh:zstack:unpi:parser: --> parsed 5 - 2 - 5 - 196 - [17,195,1,53,63] - 93
[2026-03-12 13:05:10] debug: 	zh:zstack:znp: <-- AREQ: ZDO - srcRtgInd
[2026-03-12 13:05:10] debug: 	zh:zstack:unpi:parser: --- parseNext [254,28,68,129,0,0,0,4,17,195,2,1,0,87,0,186,147,225,0,0,8,8,114,10,0,0,33,68,76,53,63,28,212,254,5,69,196,17,195,1,53,63,93,254,28,68,129,0,0,0,4,17,195,2,1,0,87,0,119,50,235,0,0,8,8,115,10,0,0,33,73,76,53,63,28,190,254,5,69,196,17,195,1,53,63,93,254,28,68,129,0,0,0,4,17,195,2,1,0,87,0,153,182,4,0,0,8,8,116,10,0,0,33,68,76,53,63,28,49,254,5,69,196,17,195,1,53,63,93,254,28,68,129,0,0,0,4,17,195,2,1,0,87,0,45,69,14,0,0,8,8,117,10,0,0,33,63,76,53,63,28,6,254,5,69,196,17,195,1,53,63,93,254,28,68,129,0,0,0,4,17,195,2,1,0,83,0,166,214,23,0,0,8,8,118,10,0,0,33,57,76,53,63,28,6,254,5,69,196,17,195,1,53,63,93,254,28,68,129,0,0,0,4,17,195,2,1,0,83,0,175,43,38,0,0,8,8,119,10,0,0,33,63,76,53,63,28,196]
[2026-03-12 13:05:10] debug: 	zh:zstack:unpi:parser: --> parsed 28 - 2 - 4 - 129 - [0,0,0,4,17,195,2,1,0,87,0,186,147,225,0,0,8,8,114,10,0,0,33,68,76,53,63,28] - 212
[2026-03-12 13:05:10] debug: 	zh:zstack:znp: <-- AREQ: AF - incomingMsg - {"groupid":0,"clusterid":1024,"srcaddr":49937,"srcendpoint":2,"dstendpoint":1,"wasbroadcast":0,"linkquality":87,"securityuse":0,"timestamp":14783418,"transseqnumber":0,"len":8,"data":{"type":"Buffer","data":[8,114,10,0,0,33,68,76]}}
[2026-03-12 13:05:10] debug: 	zh:controller: Received payload: clusterID=1024, address=49937, groupID=0, endpoint=2, destinationEndpoint=1, wasBroadcast=false, linkQuality=87, frame={"header":{"frameControl":{"frameType":0,"manufacturerSpecific":false,"direction":1,"disableDefaultResponse":false,"reservedBits":0},"transactionSequenceNumber":114,"commandIdentifier":10},"payload":[{"attrId":0,"dataType":33,"attrData":19524}],"command":{"ID":10,"name":"report","parameters":[{"name":"attrId","type":9},{"name":"dataType","type":8},{"name":"attrData","type":1000}]}}
[2026-03-12 13:05:10] debug: 	zh:controller:endpoint: ZCL command 0x001788010916738d/2 msIlluminanceMeasurement.defaultRsp({"cmdId":10,"statusCode":0}, {"timeout":10000,"disableResponse":false,"disableRecovery":false,"disableDefaultResponse":true,"direction":1,"reservedBits":0,"transactionSequenceNumber":114,"writeUndiv":false})
[2026-03-12 13:05:10] debug: 	zh:zstack:unpi:parser: --- parseNext [254,5,69,196,17,195,1,53,63,93,254,28,68,129,0,0,0,4,17,195,2,1,0,87,0,119,50,235,0,0,8,8,115,10,0,0,33,73,76,53,63,28,190,254,5,69,196,17,195,1,53,63,93,254,28,68,129,0,0,0,4,17,195,2,1,0,87,0,153,182,4,0,0,8,8,116,10,0,0,33,68,76,53,63,28,49,254,5,69,196,17,195,1,53,63,93,254,28,68,129,0,0,0,4,17,195,2,1,0,87,0,45,69,14,0,0,8,8,117,10,0,0,33,63,76,53,63,28,6,254,5,69,196,17,195,1,53,63,93,254,28,68,129,0,0,0,4,17,195,2,1,0,83,0,166,214,23,0,0,8,8,118,10,0,0,33,57,76,53,63,28,6,254,5,69,196,17,195,1,53,63,93,254,28,68,129,0,0,0,4,17,195,2,1,0,83,0,175,43,38,0,0,8,8,119,10,0,0,33,63,76,53,63,28,196]
[2026-03-12 13:05:10] debug: 	zh:zstack:unpi:parser: --> parsed 5 - 2 - 5 - 196 - [17,195,1,53,63] - 93
[2026-03-12 13:05:10] debug: 	zh:zstack:znp: <-- AREQ: ZDO - srcRtgInd
[2026-03-12 13:05:10] debug: 	zh:zstack:unpi:parser: --- parseNext [254,28,68,129,0,0,0,4,17,195,2,1,0,87,0,119,50,235,0,0,8,8,115,10,0,0,33,73,76,53,63,28,190,254,5,69,196,17,195,1,53,63,93,254,28,68,129,0,0,0,4,17,195,2,1,0,87,0,153,182,4,0,0,8,8,116,10,0,0,33,68,76,53,63,28,49,254,5,69,196,17,195,1,53,63,93,254,28,68,129,0,0,0,4,17,195,2,1,0,87,0,45,69,14,0,0,8,8,117,10,0,0,33,63,76,53,63,28,6,254,5,69,196,17,195,1,53,63,93,254,28,68,129,0,0,0,4,17,195,2,1,0,83,0,166,214,23,0,0,8,8,118,10,0,0,33,57,76,53,63,28,6,254,5,69,196,17,195,1,53,63,93,254,28,68,129,0,0,0,4,17,195,2,1,0,83,0,175,43,38,0,0,8,8,119,10,0,0,33,63,76,53,63,28,196]
[2026-03-12 13:05:10] debug: 	zh:zstack:unpi:parser: --> parsed 28 - 2 - 4 - 129 - [0,0,0,4,17,195,2,1,0,87,0,119,50,235,0,0,8,8,115,10,0,0,33,73,76,53,63,28] - 190
[2026-03-12 13:05:10] debug: 	zh:zstack:znp: <-- AREQ: AF - incomingMsg - {"groupid":0,"clusterid":1024,"srcaddr":49937,"srcendpoint":2,"dstendpoint":1,"wasbroadcast":0,"linkquality":87,"securityuse":0,"timestamp":15413879,"transseqnumber":0,"len":8,"data":{"type":"Buffer","data":[8,115,10,0,0,33,73,76]}}
[2026-03-12 13:05:10] debug: 	zh:controller: Received payload: clusterID=1024, address=49937, groupID=0, endpoint=2, destinationEndpoint=1, wasBroadcast=false, linkQuality=87, frame={"header":{"frameControl":{"frameType":0,"manufacturerSpecific":false,"direction":1,"disableDefaultResponse":false,"reservedBits":0},"transactionSequenceNumber":115,"commandIdentifier":10},"payload":[{"attrId":0,"dataType":33,"attrData":19529}],"command":{"ID":10,"name":"report","parameters":[{"name":"attrId","type":9},{"name":"dataType","type":8},{"name":"attrData","type":1000}]}}
[2026-03-12 13:05:10] debug: 	zh:controller:endpoint: ZCL command 0x001788010916738d/2 msIlluminanceMeasurement.defaultRsp({"cmdId":10,"statusCode":0}, {"timeout":10000,"disableResponse":false,"disableRecovery":false,"disableDefaultResponse":true,"direction":1,"reservedBits":0,"transactionSequenceNumber":115,"writeUndiv":false})
[2026-03-12 13:05:10] debug: 	zh:zstack:unpi:parser: --- parseNext [254,5,69,196,17,195,1,53,63,93,254,28,68,129,0,0,0,4,17,195,2,1,0,87,0,153,182,4,0,0,8,8,116,10,0,0,33,68,76,53,63,28,49,254,5,69,196,17,195,1,53,63,93,254,28,68,129,0,0,0,4,17,195,2,1,0,87,0,45,69,14,0,0,8,8,117,10,0,0,33,63,76,53,63,28,6,254,5,69,196,17,195,1,53,63,93,254,28,68,129,0,0,0,4,17,195,2,1,0,83,0,166,214,23,0,0,8,8,118,10,0,0,33,57,76,53,63,28,6,254,5,69,196,17,195,1,53,63,93,254,28,68,129,0,0,0,4,17,195,2,1,0,83,0,175,43,38,0,0,8,8,119,10,0,0,33,63,76,53,63,28,196]
[2026-03-12 13:05:10] debug: 	zh:zstack:unpi:parser: --> parsed 5 - 2 - 5 - 196 - [17,195,1,53,63] - 93
[2026-03-12 13:05:10] debug: 	zh:zstack:znp: <-- AREQ: ZDO - srcRtgInd
[2026-03-12 13:05:10] debug: 	zh:zstack:unpi:parser: --- parseNext [254,28,68,129,0,0,0,4,17,195,2,1,0,87,0,153,182,4,0,0,8,8,116,10,0,0,33,68,76,53,63,28,49,254,5,69,196,17,195,1,53,63,93,254,28,68,129,0,0,0,4,17,195,2,1,0,87,0,45,69,14,0,0,8,8,117,10,0,0,33,63,76,53,63,28,6,254,5,69,196,17,195,1,53,63,93,254,28,68,129,0,0,0,4,17,195,2,1,0,83,0,166,214,23,0,0,8,8,118,10,0,0,33,57,76,53,63,28,6,254,5,69,196,17,195,1,53,63,93,254,28,68,129,0,0,0,4,17,195,2,1,0,83,0,175,43,38,0,0,8,8,119,10,0,0,33,63,76,53,63,28,196]
[2026-03-12 13:05:10] debug: 	zh:zstack:unpi:parser: --> parsed 28 - 2 - 4 - 129 - [0,0,0,4,17,195,2,1,0,87,0,153,182,4,0,0,8,8,116,10,0,0,33,68,76,53,63,28] - 49
[2026-03-12 13:05:10] debug: 	zh:zstack:znp: <-- AREQ: AF - incomingMsg - {"groupid":0,"clusterid":1024,"srcaddr":49937,"srcendpoint":2,"dstendpoint":1,"wasbroadcast":0,"linkquality":87,"securityuse":0,"timestamp":308889,"transseqnumber":0,"len":8,"data":{"type":"Buffer","data":[8,116,10,0,0,33,68,76]}}
[2026-03-12 13:05:10] debug: 	zh:controller: Received payload: clusterID=1024, address=49937, groupID=0, endpoint=2, destinationEndpoint=1, wasBroadcast=false, linkQuality=87, frame={"header":{"frameControl":{"frameType":0,"manufacturerSpecific":false,"direction":1,"disableDefaultResponse":false,"reservedBits":0},"transactionSequenceNumber":116,"commandIdentifier":10},"payload":[{"attrId":0,"dataType":33,"attrData":19524}],"command":{"ID":10,"name":"report","parameters":[{"name":"attrId","type":9},{"name":"dataType","type":8},{"name":"attrData","type":1000}]}}
[2026-03-12 13:05:10] debug: 	zh:controller:endpoint: ZCL command 0x001788010916738d/2 msIlluminanceMeasurement.defaultRsp({"cmdId":10,"statusCode":0}, {"timeout":10000,"disableResponse":false,"disableRecovery":false,"disableDefaultResponse":true,"direction":1,"reservedBits":0,"transactionSequenceNumber":116,"writeUndiv":false})
[2026-03-12 13:05:10] debug: 	zh:zstack:unpi:parser: --- parseNext [254,5,69,196,17,195,1,53,63,93,254,28,68,129,0,0,0,4,17,195,2,1,0,87,0,45,69,14,0,0,8,8,117,10,0,0,33,63,76,53,63,28,6,254,5,69,196,17,195,1,53,63,93,254,28,68,129,0,0,0,4,17,195,2,1,0,83,0,166,214,23,0,0,8,8,118,10,0,0,33,57,76,53,63,28,6,254,5,69,196,17,195,1,53,63,93,254,28,68,129,0,0,0,4,17,195,2,1,0,83,0,175,43,38,0,0,8,8,119,10,0,0,33,63,76,53,63,28,196]
[2026-03-12 13:05:10] debug: 	zh:zstack:unpi:parser: --> parsed 5 - 2 - 5 - 196 - [17,195,1,53,63] - 93
[2026-03-12 13:05:10] debug: 	zh:zstack:znp: <-- AREQ: ZDO - srcRtgInd
[2026-03-12 13:05:10] debug: 	zh:zstack:unpi:parser: --- parseNext [254,28,68,129,0,0,0,4,17,195,2,1,0,87,0,45,69,14,0,0,8,8,117,10,0,0,33,63,76,53,63,28,6,254,5,69,196,17,195,1,53,63,93,254,28,68,129,0,0,0,4,17,195,2,1,0,83,0,166,214,23,0,0,8,8,118,10,0,0,33,57,76,53,63,28,6,254,5,69,196,17,195,1,53,63,93,254,28,68,129,0,0,0,4,17,195,2,1,0,83,0,175,43,38,0,0,8,8,119,10,0,0,33,63,76,53,63,28,196]
[2026-03-12 13:05:10] debug: 	zh:zstack:unpi:parser: --> parsed 28 - 2 - 4 - 129 - [0,0,0,4,17,195,2,1,0,87,0,45,69,14,0,0,8,8,117,10,0,0,33,63,76,53,63,28] - 6
[2026-03-12 13:05:10] debug: 	zh:zstack:znp: <-- AREQ: AF - incomingMsg - {"groupid":0,"clusterid":1024,"srcaddr":49937,"srcendpoint":2,"dstendpoint":1,"wasbroadcast":0,"linkquality":87,"securityuse":0,"timestamp":935213,"transseqnumber":0,"len":8,"data":{"type":"Buffer","data":[8,117,10,0,0,33,63,76]}}
[2026-03-12 13:05:10] debug: 	zh:controller: Received payload: clusterID=1024, address=49937, groupID=0, endpoint=2, destinationEndpoint=1, wasBroadcast=false, linkQuality=87, frame={"header":{"frameControl":{"frameType":0,"manufacturerSpecific":false,"direction":1,"disableDefaultResponse":false,"reservedBits":0},"transactionSequenceNumber":117,"commandIdentifier":10},"payload":[{"attrId":0,"dataType":33,"attrData":19519}],"command":{"ID":10,"name":"report","parameters":[{"name":"attrId","type":9},{"name":"dataType","type":8},{"name":"attrData","type":1000}]}}
[2026-03-12 13:05:10] debug: 	zh:controller:endpoint: ZCL command 0x001788010916738d/2 msIlluminanceMeasurement.defaultRsp({"cmdId":10,"statusCode":0}, {"timeout":10000,"disableResponse":false,"disableRecovery":false,"disableDefaultResponse":true,"direction":1,"reservedBits":0,"transactionSequenceNumber":117,"writeUndiv":false})
[2026-03-12 13:05:10] debug: 	zh:zstack:unpi:parser: --- parseNext [254,5,69,196,17,195,1,53,63,93,254,28,68,129,0,0,0,4,17,195,2,1,0,83,0,166,214,23,0,0,8,8,118,10,0,0,33,57,76,53,63,28,6,254,5,69,196,17,195,1,53,63,93,254,28,68,129,0,0,0,4,17,195,2,1,0,83,0,175,43,38,0,0,8,8,119,10,0,0,33,63,76,53,63,28,196]
[2026-03-12 13:05:10] debug: 	zh:zstack:unpi:parser: --> parsed 5 - 2 - 5 - 196 - [17,195,1,53,63] - 93
[2026-03-12 13:05:10] debug: 	zh:zstack:znp: <-- AREQ: ZDO - srcRtgInd
[2026-03-12 13:05:11] debug: 	zh:zstack:unpi:parser: --- parseNext [254,28,68,129,0,0,0,4,17,195,2,1,0,83,0,166,214,23,0,0,8,8,118,10,0,0,33,57,76,53,63,28,6,254,5,69,196,17,195,1,53,63,93,254,28,68,129,0,0,0,4,17,195,2,1,0,83,0,175,43,38,0,0,8,8,119,10,0,0,33,63,76,53,63,28,196]
[2026-03-12 13:05:11] debug: 	zh:zstack:unpi:parser: --> parsed 28 - 2 - 4 - 129 - [0,0,0,4,17,195,2,1,0,83,0,166,214,23,0,0,8,8,118,10,0,0,33,57,76,53,63,28] - 6
[2026-03-12 13:05:11] debug: 	zh:zstack:znp: <-- AREQ: AF - incomingMsg - {"groupid":0,"clusterid":1024,"srcaddr":49937,"srcendpoint":2,"dstendpoint":1,"wasbroadcast":0,"linkquality":83,"securityuse":0,"timestamp":1562278,"transseqnumber":0,"len":8,"data":{"type":"Buffer","data":[8,118,10,0,0,33,57,76]}}
[2026-03-12 13:05:11] debug: 	zh:controller: Received payload: clusterID=1024, address=49937, groupID=0, endpoint=2, destinationEndpoint=1, wasBroadcast=false, linkQuality=83, frame={"header":{"frameControl":{"frameType":0,"manufacturerSpecific":false,"direction":1,"disableDefaultResponse":false,"reservedBits":0},"transactionSequenceNumber":118,"commandIdentifier":10},"payload":[{"attrId":0,"dataType":33,"attrData":19513}],"command":{"ID":10,"name":"report","parameters":[{"name":"attrId","type":9},{"name":"dataType","type":8},{"name":"attrData","type":1000}]}}
[2026-03-12 13:05:11] debug: 	zh:controller:endpoint: ZCL command 0x001788010916738d/2 msIlluminanceMeasurement.defaultRsp({"cmdId":10,"statusCode":0}, {"timeout":10000,"disableResponse":false,"disableRecovery":false,"disableDefaultResponse":true,"direction":1,"reservedBits":0,"transactionSequenceNumber":118,"writeUndiv":false})
[2026-03-12 13:05:11] debug: 	zh:zstack:unpi:parser: --- parseNext [254,5,69,196,17,195,1,53,63,93,254,28,68,129,0,0,0,4,17,195,2,1,0,83,0,175,43,38,0,0,8,8,119,10,0,0,33,63,76,53,63,28,196]
[2026-03-12 13:05:11] debug: 	zh:zstack:unpi:parser: --> parsed 5 - 2 - 5 - 196 - [17,195,1,53,63] - 93
[2026-03-12 13:05:11] debug: 	zh:zstack:znp: <-- AREQ: ZDO - srcRtgInd
[2026-03-12 13:05:11] debug: 	zh:zstack:unpi:parser: --- parseNext [254,28,68,129,0,0,0,4,17,195,2,1,0,83,0,175,43,38,0,0,8,8,119,10,0,0,33,63,76,53,63,28,196]
[2026-03-12 13:05:11] debug: 	zh:zstack:unpi:parser: --> parsed 28 - 2 - 4 - 129 - [0,0,0,4,17,195,2,1,0,83,0,175,43,38,0,0,8,8,119,10,0,0,33,63,76,53,63,28] - 196
[2026-03-12 13:05:11] debug: 	zh:zstack:znp: <-- AREQ: AF - incomingMsg - {"groupid":0,"clusterid":1024,"srcaddr":49937,"srcendpoint":2,"dstendpoint":1,"wasbroadcast":0,"linkquality":83,"securityuse":0,"timestamp":2501551,"transseqnumber":0,"len":8,"data":{"type":"Buffer","data":[8,119,10,0,0,33,63,76]}}
[2026-03-12 13:05:11] debug: 	zh:controller: Received payload: clusterID=1024, address=49937, groupID=0, endpoint=2, destinationEndpoint=1, wasBroadcast=false, linkQuality=83, frame={"header":{"frameControl":{"frameType":0,"manufacturerSpecific":false,"direction":1,"disableDefaultResponse":false,"reservedBits":0},"transactionSequenceNumber":119,"commandIdentifier":10},"payload":[{"attrId":0,"dataType":33,"attrData":19519}],"command":{"ID":10,"name":"report","parameters":[{"name":"attrId","type":9},{"name":"dataType","type":8},{"name":"attrData","type":1000}]}}
[2026-03-12 13:05:11] debug: 	zh:controller:endpoint: ZCL command 0x001788010916738d/2 msIlluminanceMeasurement.defaultRsp({"cmdId":10,"statusCode":0}, {"timeout":10000,"disableResponse":false,"disableRecovery":false,"disableDefaultResponse":true,"direction":1,"reservedBits":0,"transactionSequenceNumber":119,"writeUndiv":false})
[2026-03-12 13:05:11] debug: 	zh:zstack:unpi:parser: --- parseNext []
[2026-03-12 13:05:11] debug: 	z2m: Received Zigbee message from 'Hue-Motiondetect', type 'commandQueryNextImageRequest', cluster 'genOta', data '{"fieldControl":0,"fileVersion":1124103169,"imageType":269,"manufacturerCode":4107}' from endpoint 2 with groupID 0
[2026-03-12 13:05:11] debug: 	z2m: Received Zigbee message from 'Hue-Motiondetect', type 'attributeReport', cluster 'msIlluminanceMeasurement', data '{"measuredValue":19316}' from endpoint 2 with groupID 0
[2026-03-12 13:05:11] debug: 	z2m: Received Zigbee message from 'Hue-Motiondetect', type 'commandQueryNextImageRequest', cluster 'genOta', data '{"fieldControl":0,"fileVersion":1124103169,"imageType":269,"manufacturerCode":4107}' from endpoint 2 with groupID 0
[2026-03-12 13:05:11] debug: 	z2m: Received Zigbee message from 'Hue-Motiondetect', type 'attributeReport', cluster 'msIlluminanceMeasurement', data '{"measuredValue":19305}' from endpoint 2 with groupID 0
[2026-03-12 13:05:11] debug: 	z2m: Received Zigbee message from 'Hue-Motiondetect', type 'attributeReport', cluster 'msIlluminanceMeasurement', data '{"measuredValue":19299}' from endpoint 2 with groupID 0
[2026-03-12 13:05:11] debug: 	zh:controller: Device '0x001788010916738d' accepted by handler
[2026-03-12 13:05:11] debug: 	zh:controller: Not interviewing '0x001788010916738d', interviewState=SUCCESSFUL'
[2026-03-12 13:05:11] debug: 	zh:controller: Device '0x001788010916738d' accepted by handler
[2026-03-12 13:05:11] debug: 	zh:controller: Not interviewing '0x001788010916738d', interviewState=SUCCESSFUL'
[2026-03-12 13:05:11] debug: 	z2m: Received Zigbee message from 'Hue-Motiondetect', type 'attributeReport', cluster 'msIlluminanceMeasurement', data '{"measuredValue":19288}' from endpoint 2 with groupID 0
[2026-03-12 13:05:11] debug: 	z2m: Received Zigbee message from 'Hue-Motiondetect', type 'attributeReport', cluster 'msIlluminanceMeasurement', data '{"measuredValue":19197}' from endpoint 2 with groupID 0
[2026-03-12 13:05:11] debug: 	z2m: Received Zigbee message from 'Hue-Motiondetect', type 'attributeReport', cluster 'msIlluminanceMeasurement', data '{"measuredValue":19226}' from endpoint 2 with groupID 0
[2026-03-12 13:05:11] debug: 	z2m: Received Zigbee message from 'Hue-Motiondetect', type 'attributeReport', cluster 'msIlluminanceMeasurement', data '{"measuredValue":19254}' from endpoint 2 with groupID 0
[2026-03-12 13:05:11] debug: 	z2m: Received Zigbee message from 'PC-Lampe', type 'commandQueryNextImageRequest', cluster 'genOta', data '{"fieldControl":0,"fileVersion":537029168,"imageType":288,"manufacturerCode":4454}' from endpoint 1 with groupID 0
[2026-03-12 13:05:11] debug: 	z2m: Device 'PC-Lampe' requested OTA
[2026-03-12 13:05:11] debug: 	zh:controller:device: Checking OTA 0x0c4314fffea75c93 upgrade image availability, current={"fieldControl":0,"manufacturerCode":4454,"imageType":288,"fileVersion":537029168}
[2026-03-12 13:05:11] debug: 	zh:controller:device: Getting image metadata for 0x0c4314fffea75c93...
[2026-03-12 13:05:11] error: 	z2m: Not connected to MQTT server!
[2026-03-12 13:05:11] error: 	z2m: Cannot send message: topic: 'homeassistant/light/0x0c4314fffea75c93/light/config', payload: '{"availability":[{"topic":"zigbee2mqtt/bridge/state","value_template":"{{ value_json.state }}"}],"brightness":true,"brightness_scale":254,"command_topic":"zigbee2mqtt/PC-Lampe/set","default_entity_id":"light.lampe-pc","device":{"hw_version":1,"identifiers":["zigbee2mqtt_0x0c4314fffea75c93"],"manufacturer":"Innr","model":"E27 filament bulb dimmable","model_id":"RF 263","name":"Lampe-PC","sw_version":"2.00.02","via_device":"zigbee2mqtt_bridge_0x00124b00257b6a6e"},"effect":true,"effect_list":["blink","breathe","okay","channel_change","finish_effect","stop_effect"],"name":null,"object_id":"lampe-pc","origin":{"name":"Zigbee2MQTT","sw":"2.9.1","url":"https://www.zigbee2mqtt.io"},"schema":"json","state_topic":"zigbee2mqtt/PC-Lampe","supported_color_modes":["brightness"],"unique_id":"0x0c4314fffea75c93_light_zigbee2mqtt"}
[2026-03-12 13:05:11] debug: 	z2m: Received Zigbee message from 'PC-Lampe', type 'commandQueryNextImageRequest', cluster 'genOta', data '{"fieldControl":0,"fileVersion":537029168,"imageType":288,"manufacturerCode":4454}' from endpoint 1 with groupID 0
[2026-03-12 13:05:11] debug: 	z2m: Received Zigbee message from 'Hue-Motiondetect', type 'attributeReport', cluster 'msIlluminanceMeasurement', data '{"measuredValue":19260}' from endpoint 2 with groupID 0
[2026-03-12 13:05:11] debug: 	z2m: Received Zigbee message from 'PC-Lampe', type 'commandQueryNextImageRequest', cluster 'genOta', data '{"fieldControl":0,"fileVersion":537029168,"imageType":288,"manufacturerCode":4454}' from endpoint 1 with groupID 0
[2026-03-12 13:05:11] debug: 	z2m: Received Zigbee message from 'PC-Lampe', type 'commandQueryNextImageRequest', cluster 'genOta', data '{"fieldControl":0,"fileVersion":537029168,"imageType":288,"manufacturerCode":4454}' from endpoint 1 with groupID 0
[2026-03-12 13:05:11] debug: 	z2m: Received Zigbee message from 'PC-Lampe', type 'commandQueryNextImageRequest', cluster 'genOta', data '{"fieldControl":0,"fileVersion":537029168,"imageType":288,"manufacturerCode":4454}' from endpoint 1 with groupID 0
[2026-03-12 13:05:11] debug: 	z2m: Received Zigbee message from 'Hue-Motiondetect', type 'attributeReport', cluster 'msIlluminanceMeasurement', data '{"measuredValue":19254}' from endpoint 2 with groupID 0
[2026-03-12 13:05:11] debug: 	zh:controller: Device '0x001788010916738d' accepted by handler
[2026-03-12 13:05:11] debug: 	zh:controller: Not interviewing '0x001788010916738d', interviewState=SUCCESSFUL'
[2026-03-12 13:05:11] debug: 	zh:controller: Device '0x001788010916738d' accepted by handler
[2026-03-12 13:05:11] debug: 	zh:controller: Not interviewing '0x001788010916738d', interviewState=SUCCESSFUL'
[2026-03-12 13:05:11] debug: 	z2m: Received Zigbee message from 'Hue-Motiondetect', type 'attributeReport', cluster 'msIlluminanceMeasurement', data '{"measuredValue":19535}' from endpoint 2 with groupID 0
[2026-03-12 13:05:11] debug: 	z2m: Received Zigbee message from 'Hue-Motiondetect', type 'attributeReport', cluster 'msIlluminanceMeasurement', data '{"measuredValue":19519}' from endpoint 2 with groupID 0
[2026-03-12 13:05:11] debug: 	z2m: Received Zigbee message from 'Hue-Motiondetect', type 'attributeReport', cluster 'msIlluminanceMeasurement', data '{"measuredValue":19513}' from endpoint 2 with groupID 0
[2026-03-12 13:05:11] debug: 	z2m: Received Zigbee message from 'Steckdose.AVM2Unify', type 'commandQueryNextImageRequest', cluster 'genOta', data '{"fieldControl":0,"fileVersion":16909577,"imageType":39,"manufacturerCode":4364}' from endpoint 3 with groupID 0
[2026-03-12 13:05:11] debug: 	z2m: Device 'Steckdose.AVM2Unify' requested OTA
[2026-03-12 13:05:11] debug: 	zh:controller:device: Checking OTA 0x7cb03eaa0a0b0dc0 upgrade image availability, current={"fieldControl":0,"manufacturerCode":4364,"imageType":39,"fileVersion":16909577}
[2026-03-12 13:05:11] debug: 	zh:controller:device: Getting image metadata for 0x7cb03eaa0a0b0dc0...
[2026-03-12 13:05:11] error: 	z2m: Not connected to MQTT server!
[2026-03-12 13:05:11] error: 	z2m: Cannot send message: topic: 'homeassistant/switch/0x7cb03eaa0a0b0dc0/switch/config', payload: '{"availability":[{"topic":"zigbee2mqtt/bridge/state","value_template":"{{ value_json.state }}"}],"command_topic":"zigbee2mqtt/Steckdose.AVM2Unify/set","default_entity_id":"switch.steckdose.avm2unify","device":{"hw_version":1,"identifiers":["zigbee2mqtt_0x7cb03eaa0a0b0dc0"],"manufacturer":"OSRAM","model":"Smart+ plug","model_id":"AB3257001NJ","name":"Steckdose.AVM2Unify","sw_version":"V1.05.09","via_device":"zigbee2mqtt_bridge_0x00124b00257b6a6e"},"name":null,"object_id":"steckdose.avm2unify","origin":{"name":"Zigbee2MQTT","sw":"2.9.1","url":"https://www.zigbee2mqtt.io"},"payload_off":"OFF","payload_on":"ON","state_topic":"zigbee2mqtt/Steckdose.AVM2Unify","unique_id":"0x7cb03eaa0a0b0dc0_switch_zigbee2mqtt","value_template":"{{ value_json.state }}"}
[2026-03-12 13:05:11] debug: 	z2m: Received Zigbee message from 'Hue-Motiondetect', type 'attributeReport', cluster 'msIlluminanceMeasurement', data '{"measuredValue":19524}' from endpoint 2 with groupID 0
[2026-03-12 13:05:11] debug: 	z2m: Received Zigbee message from 'Hue-Motiondetect', type 'attributeReport', cluster 'msIlluminanceMeasurement', data '{"measuredValue":19513}' from endpoint 2 with groupID 0
[2026-03-12 13:05:11] debug: 	z2m: Received Zigbee message from 'Hue-Motiondetect', type 'attributeReport', cluster 'msIlluminanceMeasurement', data '{"measuredValue":19508}' from endpoint 2 with groupID 0
[2026-03-12 13:05:11] debug: 	z2m: Received Zigbee message from 'Hue-Motiondetect', type 'attributeReport', cluster 'msIlluminanceMeasurement', data '{"measuredValue":19519}' from endpoint 2 with groupID 0
[2026-03-12 13:05:11] debug: 	z2m: Received Zigbee message from 'Hue-Motiondetect', type 'attributeReport', cluster 'msIlluminanceMeasurement', data '{"measuredValue":19513}' from endpoint 2 with groupID 0
[2026-03-12 13:05:11] debug: 	z2m: Received Zigbee message from 'Hue-Motiondetect', type 'attributeReport', cluster 'msIlluminanceMeasurement', data '{"measuredValue":19508}' from endpoint 2 with groupID 0
[2026-03-12 13:05:11] debug: 	z2m: Received Zigbee message from 'LuMi.Wetter.PCbereich', type 'attributeReport', cluster 'genBasic', data '{"65281":{"1":3015,"10":0,"100":2457,"101":3838,"102":98354,"4":5032,"5":6,"6":1}}' from endpoint 1 with groupID 0
[2026-03-12 13:05:11] debug: 	zhc:lumi: WSDCGQ11LM: Processed data into payload {"voltage":3015,"battery":100,"power_outage_count":5,"temperature":24.57,"humidity":38.38,"pressure":983.54}
[2026-03-12 13:05:11] error: 	z2m: Not connected to MQTT server!
[2026-03-12 13:05:11] error: 	z2m: Cannot send message: topic: 'homeassistant/sensor/0x00158d008c4b0068/battery/config', payload: '{"availability":[{"topic":"zigbee2mqtt/bridge/state","value_template":"{{ value_json.state }}"}],"default_entity_id":"sensor.lumi.pc-bereich_battery","device":{"hw_version":30,"identifiers":["zigbee2mqtt_0x00158d008c4b0068"],"manufacturer":"Aqara","model":"Temperature and humidity sensor","model_id":"WSDCGQ11LM","name":"LuMi.PC-Bereich","sw_version":"3000-0001","via_device":"zigbee2mqtt_bridge_0x00124b00257b6a6e"},"device_class":"battery","enabled_by_default":true,"entity_category":"diagnostic","object_id":"lumi.pc-bereich_battery","origin":{"name":"Zigbee2MQTT","sw":"2.9.1","url":"https://www.zigbee2mqtt.io"},"state_class":"measurement","state_topic":"zigbee2mqtt/LuMi.Wetter.PCbereich","unique_id":"0x00158d008c4b0068_battery_zigbee2mqtt","unit_of_measurement":"%","value_template":"{{ value_json.battery }}"}
[2026-03-12 13:05:11] debug: 	z2m: Received Zigbee message from 'Hue-Motiondetect', type 'attributeReport', cluster 'msIlluminanceMeasurement', data '{"measuredValue":19513}' from endpoint 2 with groupID 0
[2026-03-12 13:05:11] debug: 	z2m: Received Zigbee message from 'Hue-Motiondetect', type 'attributeReport', cluster 'msIlluminanceMeasurement', data '{"measuredValue":19519}' from endpoint 2 with groupID 0
[2026-03-12 13:05:11] debug: 	z2m: Received Zigbee message from 'Hue-Motiondetect', type 'attributeReport', cluster 'msIlluminanceMeasurement', data '{"measuredValue":19513}' from endpoint 2 with groupID 0
[2026-03-12 13:05:11] debug: 	z2m: Received Zigbee message from 'Hue-Motiondetect', type 'attributeReport', cluster 'msIlluminanceMeasurement', data '{"measuredValue":19519}' from endpoint 2 with groupID 0
[2026-03-12 13:05:11] debug: 	z2m: Received Zigbee message from 'Hue-Motiondetect', type 'attributeReport', cluster 'msIlluminanceMeasurement', data '{"measuredValue":19524}' from endpoint 2 with groupID 0
[2026-03-12 13:05:11] debug: 	z2m: Received Zigbee message from 'Hue-Motiondetect', type 'attributeReport', cluster 'msIlluminanceMeasurement', data '{"measuredValue":19529}' from endpoint 2 with groupID 0
[2026-03-12 13:05:11] debug: 	z2m: Received Zigbee message from 'Hue-Motiondetect', type 'attributeReport', cluster 'msIlluminanceMeasurement', data '{"measuredValue":19524}' from endpoint 2 with groupID 0
[2026-03-12 13:05:11] debug: 	z2m: Received Zigbee message from 'Hue-Motiondetect', type 'attributeReport', cluster 'msIlluminanceMeasurement', data '{"measuredValue":19519}' from endpoint 2 with groupID 0
[2026-03-12 13:05:11] debug: 	z2m: Received Zigbee message from 'Hue-Motiondetect', type 'attributeReport', cluster 'msIlluminanceMeasurement', data '{"measuredValue":19513}' from endpoint 2 with groupID 0
[2026-03-12 13:05:11] debug: 	z2m: Received Zigbee message from 'Hue-Motiondetect', type 'attributeReport', cluster 'msIlluminanceMeasurement', data '{"measuredValue":19519}' from endpoint 2 with groupID 0
[2026-03-12 13:05:11] error: 	z2m: Not connected to MQTT server!
[2026-03-12 13:05:11] error: 	z2m: Cannot send message: topic: 'zigbee2mqtt/bridge/event', payload: '{"data":{"friendly_name":"Hue-Motiondetect","ieee_address":"0x001788010916738d"},"type":"device_announce"}
[2026-03-12 13:05:11] error: 	z2m: Not connected to MQTT server!
[2026-03-12 13:05:11] error: 	z2m: Cannot send message: topic: 'homeassistant/select/0x0c4314fffea75c93/effect/config', payload: '{"availability":[{"topic":"zigbee2mqtt/bridge/state","value_template":"{{ value_json.state }}"}],"command_topic":"zigbee2mqtt/PC-Lampe/set/effect","default_entity_id":"select.lampe-pc_effect","device":{"hw_version":1,"identifiers":["zigbee2mqtt_0x0c4314fffea75c93"],"manufacturer":"Innr","model":"E27 filament bulb dimmable","model_id":"RF 263","name":"Lampe-PC","sw_version":"2.00.02","via_device":"zigbee2mqtt_bridge_0x00124b00257b6a6e"},"enabled_by_default":false,"icon":"mdi:palette","name":"Effect","object_id":"lampe-pc_effect","options":["blink","breathe","okay","channel_change","finish_effect","stop_effect"],"origin":{"name":"Zigbee2MQTT","sw":"2.9.1","url":"https://www.zigbee2mqtt.io"},"unique_id":"0x0c4314fffea75c93_effect_zigbee2mqtt"}
[2026-03-12 13:05:11] error: 	z2m: Not connected to MQTT server!
[2026-03-12 13:05:11] error: 	z2m: Cannot send message: topic: 'zigbee2mqtt/bridge/event', payload: '{"data":{"friendly_name":"Hue-Motiondetect","ieee_address":"0x001788010916738d"},"type":"device_announce"}
[2026-03-12 13:05:11] error: 	z2m: Not connected to MQTT server!
[2026-03-12 13:05:11] error: 	z2m: Cannot send message: topic: 'homeassistant/sensor/0x7cb03eaa0a0b0dc0/linkquality/config', payload: '{"availability":[{"topic":"zigbee2mqtt/bridge/state","value_template":"{{ value_json.state }}"}],"default_entity_id":"sensor.steckdose.avm2unify_linkquality","device":{"hw_version":1,"identifiers":["zigbee2mqtt_0x7cb03eaa0a0b0dc0"],"manufacturer":"OSRAM","model":"Smart+ plug","model_id":"AB3257001NJ","name":"Steckdose.AVM2Unify","sw_version":"V1.05.09","via_device":"zigbee2mqtt_bridge_0x00124b00257b6a6e"},"enabled_by_default":false,"entity_category":"diagnostic","icon":"mdi:signal","name":"Linkquality","object_id":"steckdose.avm2unify_linkquality","origin":{"name":"Zigbee2MQTT","sw":"2.9.1","url":"https://www.zigbee2mqtt.io"},"state_class":"measurement","state_topic":"zigbee2mqtt/Steckdose.AVM2Unify","unique_id":"0x7cb03eaa0a0b0dc0_linkquality_zigbee2mqtt","unit_of_measurement":"lqi","value_template":"{{ value_json.linkquality }}"}
[2026-03-12 13:05:11] debug: 	zhc:lumi: WSDCGQ11LM: Processed data into payload {"voltage":3015,"battery":100,"power_outage_count":5,"temperature":24.57,"humidity":38.38,"pressure":983.54}
[2026-03-12 13:05:11] error: 	z2m: Not connected to MQTT server!
[2026-03-12 13:05:11] error: 	z2m: Cannot send message: topic: 'homeassistant/sensor/0x00158d008c4b0068/temperature/config', payload: '{"availability":[{"topic":"zigbee2mqtt/bridge/state","value_template":"{{ value_json.state }}"}],"default_entity_id":"sensor.lumi.pc-bereich_temperature","device":{"hw_version":30,"identifiers":["zigbee2mqtt_0x00158d008c4b0068"],"manufacturer":"Aqara","model":"Temperature and humidity sensor","model_id":"WSDCGQ11LM","name":"LuMi.PC-Bereich","sw_version":"3000-0001","via_device":"zigbee2mqtt_bridge_0x00124b00257b6a6e"},"device_class":"temperature","enabled_by_default":true,"object_id":"lumi.pc-bereich_temperature","origin":{"name":"Zigbee2MQTT","sw":"2.9.1","url":"https://www.zigbee2mqtt.io"},"state_class":"measurement","state_topic":"zigbee2mqtt/LuMi.Wetter.PCbereich","unique_id":"0x00158d008c4b0068_temperature_zigbee2mqtt","unit_of_measurement":"°C","value_template":"{{ value_json.temperature }}"}
[2026-03-12 13:05:11] error: 	z2m: Not connected to MQTT server!
[2026-03-12 13:05:11] error: 	z2m: Cannot send message: topic: 'zigbee2mqtt/Hue-Motiondetect', payload: '{"battery":100,"illuminance":85,"illuminance_raw":19316,"led_indication":true,"linkquality":83,"motion_sensitivity":"low","occupancy":true,"occupancy_timeout":6403,"temperature":21.91,"update":{"installed_version":1124103169,"latest_release_notes":null,"latest_source":"https://raw.githubusercontent.com/Koenkk/zigbee-OTA/master/images/Hue/Sensor-ATmega_0012.sbl-ota","latest_version":1124102917,"state":"idle"}}
[2026-03-12 13:05:11] error: 	z2m: Not connected to MQTT server!
[2026-03-12 13:05:11] error: 	z2m: Cannot send message: topic: 'zigbee2mqtt/Hue-Motiondetect', payload: '{"battery":100,"illuminance":85,"illuminance_raw":19305,"led_indication":true,"linkquality":83,"motion_sensitivity":"low","occupancy":true,"occupancy_timeout":6403,"temperature":21.91,"update":{"installed_version":1124103169,"latest_release_notes":null,"latest_source":"https://raw.githubusercontent.com/Koenkk/zigbee-OTA/master/images/Hue/Sensor-ATmega_0012.sbl-ota","latest_version":1124102917,"state":"idle"}}
[2026-03-12 13:05:11] error: 	z2m: Not connected to MQTT server!
[2026-03-12 13:05:11] error: 	z2m: Cannot send message: topic: 'zigbee2mqtt/Hue-Motiondetect', payload: '{"battery":100,"illuminance":85,"illuminance_raw":19299,"led_indication":true,"linkquality":83,"motion_sensitivity":"low","occupancy":true,"occupancy_timeout":6403,"temperature":21.91,"update":{"installed_version":1124103169,"latest_release_notes":null,"latest_source":"https://raw.githubusercontent.com/Koenkk/zigbee-OTA/master/images/Hue/Sensor-ATmega_0012.sbl-ota","latest_version":1124102917,"state":"idle"}}
[2026-03-12 13:05:11] error: 	z2m: Not connected to MQTT server!
[2026-03-12 13:05:11] error: 	z2m: Cannot send message: topic: 'zigbee2mqtt/Hue-Motiondetect', payload: '{"battery":100,"illuminance":85,"illuminance_raw":19288,"led_indication":true,"linkquality":83,"motion_sensitivity":"low","occupancy":true,"occupancy_timeout":6403,"temperature":21.91,"update":{"installed_version":1124103169,"latest_release_notes":null,"latest_source":"https://raw.githubusercontent.com/Koenkk/zigbee-OTA/master/images/Hue/Sensor-ATmega_0012.sbl-ota","latest_version":1124102917,"state":"idle"}}
[2026-03-12 13:05:11] error: 	z2m: Not connected to MQTT server!
[2026-03-12 13:05:11] error: 	z2m: Cannot send message: topic: 'zigbee2mqtt/Hue-Motiondetect', payload: '{"battery":100,"illuminance":83,"illuminance_raw":19197,"led_indication":true,"linkquality":83,"motion_sensitivity":"low","occupancy":true,"occupancy_timeout":6403,"temperature":21.91,"update":{"installed_version":1124103169,"latest_release_notes":null,"latest_source":"https://raw.githubusercontent.com/Koenkk/zigbee-OTA/master/images/Hue/Sensor-ATmega_0012.sbl-ota","latest_version":1124102917,"state":"idle"}}
[2026-03-12 13:05:11] error: 	z2m: Not connected to MQTT server!
[2026-03-12 13:05:11] error: 	z2m: Cannot send message: topic: 'zigbee2mqtt/Hue-Motiondetect', payload: '{"battery":100,"illuminance":84,"illuminance_raw":19226,"led_indication":true,"linkquality":83,"motion_sensitivity":"low","occupancy":true,"occupancy_timeout":6403,"temperature":21.91,"update":{"installed_version":1124103169,"latest_release_notes":null,"latest_source":"https://raw.githubusercontent.com/Koenkk/zigbee-OTA/master/images/Hue/Sensor-ATmega_0012.sbl-ota","latest_version":1124102917,"state":"idle"}}
[2026-03-12 13:05:11] error: 	z2m: Not connected to MQTT server!
[2026-03-12 13:05:11] error: 	z2m: Cannot send message: topic: 'zigbee2mqtt/Hue-Motiondetect', payload: '{"battery":100,"illuminance":84,"illuminance_raw":19254,"led_indication":true,"linkquality":83,"motion_sensitivity":"low","occupancy":true,"occupancy_timeout":6403,"temperature":21.91,"update":{"installed_version":1124103169,"latest_release_notes":null,"latest_source":"https://raw.githubusercontent.com/Koenkk/zigbee-OTA/master/images/Hue/Sensor-ATmega_0012.sbl-ota","latest_version":1124102917,"state":"idle"}}
[2026-03-12 13:05:11] error: 	z2m: Not connected to MQTT server!
[2026-03-12 13:05:11] error: 	z2m: Cannot send message: topic: 'homeassistant/select/0x0c4314fffea75c93/power_on_behavior/config', payload: '{"availability":[{"topic":"zigbee2mqtt/bridge/state","value_template":"{{ value_json.state }}"}],"command_topic":"zigbee2mqtt/PC-Lampe/set/power_on_behavior","default_entity_id":"select.lampe-pc_power_on_behavior","device":{"hw_version":1,"identifiers":["zigbee2mqtt_0x0c4314fffea75c93"],"manufacturer":"Innr","model":"E27 filament bulb dimmable","model_id":"RF 263","name":"Lampe-PC","sw_version":"2.00.02","via_device":"zigbee2mqtt_bridge_0x00124b00257b6a6e"},"entity_category":"config","icon":"mdi:power-settings","name":"Power-on behavior","object_id":"lampe-pc_power_on_behavior","options":["off","on","toggle","previous"],"origin":{"name":"Zigbee2MQTT","sw":"2.9.1","url":"https://www.zigbee2mqtt.io"},"state_topic":"zigbee2mqtt/PC-Lampe","unique_id":"0x0c4314fffea75c93_power_on_behavior_zigbee2mqtt","value_template":"{{ value_json.power_on_behavior }}"}
[2026-03-12 13:05:11] error: 	z2m: Not connected to MQTT server!
[2026-03-12 13:05:11] error: 	z2m: Cannot send message: topic: 'zigbee2mqtt/Hue-Motiondetect', payload: '{"battery":100,"illuminance":84,"illuminance_raw":19260,"led_indication":true,"linkquality":83,"motion_sensitivity":"low","occupancy":true,"occupancy_timeout":6403,"temperature":21.91,"update":{"installed_version":1124103169,"latest_release_notes":null,"latest_source":"https://raw.githubusercontent.com/Koenkk/zigbee-OTA/master/images/Hue/Sensor-ATmega_0012.sbl-ota","latest_version":1124102917,"state":"idle"}}
[2026-03-12 13:05:11] error: 	z2m: Not connected to MQTT server!
[2026-03-12 13:05:11] error: 	z2m: Cannot send message: topic: 'zigbee2mqtt/Hue-Motiondetect', payload: '{"battery":100,"illuminance":84,"illuminance_raw":19254,"led_indication":true,"linkquality":83,"motion_sensitivity":"low","occupancy":true,"occupancy_timeout":6403,"temperature":21.91,"update":{"installed_version":1124103169,"latest_release_notes":null,"latest_source":"https://raw.githubusercontent.com/Koenkk/zigbee-OTA/master/images/Hue/Sensor-ATmega_0012.sbl-ota","latest_version":1124102917,"state":"idle"}}
[2026-03-12 13:05:11] error: 	z2m: Not connected to MQTT server!
[2026-03-12 13:05:11] error: 	z2m: Cannot send message: topic: 'zigbee2mqtt/Hue-Motiondetect', payload: '{"battery":100,"illuminance":90,"illuminance_raw":19535,"led_indication":true,"linkquality":83,"motion_sensitivity":"low","occupancy":true,"occupancy_timeout":6403,"temperature":21.91,"update":{"installed_version":1124103169,"latest_release_notes":null,"latest_source":"https://raw.githubusercontent.com/Koenkk/zigbee-OTA/master/images/Hue/Sensor-ATmega_0012.sbl-ota","latest_version":1124102917,"state":"idle"}}
[2026-03-12 13:05:11] error: 	z2m: Not connected to MQTT server!
[2026-03-12 13:05:11] error: 	z2m: Cannot send message: topic: 'zigbee2mqtt/Hue-Motiondetect', payload: '{"battery":100,"illuminance":89,"illuminance_raw":19519,"led_indication":true,"linkquality":83,"motion_sensitivity":"low","occupancy":true,"occupancy_timeout":6403,"temperature":21.91,"update":{"installed_version":1124103169,"latest_release_notes":null,"latest_source":"https://raw.githubusercontent.com/Koenkk/zigbee-OTA/master/images/Hue/Sensor-ATmega_0012.sbl-ota","latest_version":1124102917,"state":"idle"}}
[2026-03-12 13:05:11] error: 	z2m: Not connected to MQTT server!
[2026-03-12 13:05:11] error: 	z2m: Cannot send message: topic: 'zigbee2mqtt/Hue-Motiondetect', payload: '{"battery":100,"illuminance":89,"illuminance_raw":19513,"led_indication":true,"linkquality":83,"motion_sensitivity":"low","occupancy":true,"occupancy_timeout":6403,"temperature":21.91,"update":{"installed_version":1124103169,"latest_release_notes":null,"latest_source":"https://raw.githubusercontent.com/Koenkk/zigbee-OTA/master/images/Hue/Sensor-ATmega_0012.sbl-ota","latest_version":1124102917,"state":"idle"}}
[2026-03-12 13:05:11] error: 	z2m: Not connected to MQTT server!
[2026-03-12 13:05:11] error: 	z2m: Cannot send message: topic: 'homeassistant/update/0x7cb03eaa0a0b0dc0/update/config', payload: '{"availability":[{"topic":"zigbee2mqtt/bridge/state","value_template":"{{ value_json.state }}"}],"command_topic":"zigbee2mqtt/bridge/request/device/ota_update/update","default_entity_id":"update.steckdose.avm2unify","device":{"hw_version":1,"identifiers":["zigbee2mqtt_0x7cb03eaa0a0b0dc0"],"manufacturer":"OSRAM","model":"Smart+ plug","model_id":"AB3257001NJ","name":"Steckdose.AVM2Unify","sw_version":"V1.05.09","via_device":"zigbee2mqtt_bridge_0x00124b00257b6a6e"},"device_class":"firmware","entity_category":"config","entity_picture":"https://github.com/Koenkk/zigbee2mqtt/raw/master/images/logo.png","name":null,"object_id":"steckdose.avm2unify","origin":{"name":"Zigbee2MQTT","sw":"2.9.1","url":"https://www.zigbee2mqtt.io"},"payload_install":"{\"id\": \"0x7cb03eaa0a0b0dc0\"}","state_topic":"zigbee2mqtt/Steckdose.AVM2Unify","unique_id":"0x7cb03eaa0a0b0dc0_update_zigbee2mqtt","value_template":"{\"latest_version\":\"{{ value_json['update']['latest_version'] }}\",\"installed_version\":\"{{ value_json['update']['installed_version'] }}\",\"update_percentage\":{{ value_json['update'].get('progress', 'null') }},\"in_progress\":{{ (value_json['update']['state'] == 'updating')|lower }}}"}
[2026-03-12 13:05:11] error: 	z2m: Not connected to MQTT server!
[2026-03-12 13:05:11] error: 	z2m: Cannot send message: topic: 'zigbee2mqtt/Hue-Motiondetect', payload: '{"battery":100,"illuminance":90,"illuminance_raw":19524,"led_indication":true,"linkquality":83,"motion_sensitivity":"low","occupancy":true,"occupancy_timeout":6403,"temperature":21.91,"update":{"installed_version":1124103169,"latest_release_notes":null,"latest_source":"https://raw.githubusercontent.com/Koenkk/zigbee-OTA/master/images/Hue/Sensor-ATmega_0012.sbl-ota","latest_version":1124102917,"state":"idle"}}
[2026-03-12 13:05:11] error: 	z2m: Not connected to MQTT server!
[2026-03-12 13:05:11] error: 	z2m: Cannot send message: topic: 'zigbee2mqtt/Hue-Motiondetect', payload: '{"battery":100,"illuminance":89,"illuminance_raw":19513,"led_indication":true,"linkquality":83,"motion_sensitivity":"low","occupancy":true,"occupancy_timeout":6403,"temperature":21.91,"update":{"installed_version":1124103169,"latest_release_notes":null,"latest_source":"https://raw.githubusercontent.com/Koenkk/zigbee-OTA/master/images/Hue/Sensor-ATmega_0012.sbl-ota","latest_version":1124102917,"state":"idle"}}
[2026-03-12 13:05:11] error: 	z2m: Not connected to MQTT server!
[2026-03-12 13:05:11] error: 	z2m: Cannot send message: topic: 'zigbee2mqtt/Hue-Motiondetect', payload: '{"battery":100,"illuminance":89,"illuminance_raw":19508,"led_indication":true,"linkquality":83,"motion_sensitivity":"low","occupancy":true,"occupancy_timeout":6403,"temperature":21.91,"update":{"installed_version":1124103169,"latest_release_notes":null,"latest_source":"https://raw.githubusercontent.com/Koenkk/zigbee-OTA/master/images/Hue/Sensor-ATmega_0012.sbl-ota","latest_version":1124102917,"state":"idle"}}
[2026-03-12 13:05:11] error: 	z2m: Not connected to MQTT server!
[2026-03-12 13:05:11] error: 	z2m: Cannot send message: topic: 'zigbee2mqtt/Hue-Motiondetect', payload: '{"battery":100,"illuminance":89,"illuminance_raw":19519,"led_indication":true,"linkquality":83,"motion_sensitivity":"low","occupancy":true,"occupancy_timeout":6403,"temperature":21.91,"update":{"installed_version":1124103169,"latest_release_notes":null,"latest_source":"https://raw.githubusercontent.com/Koenkk/zigbee-OTA/master/images/Hue/Sensor-ATmega_0012.sbl-ota","latest_version":1124102917,"state":"idle"}}
[2026-03-12 13:05:11] error: 	z2m: Not connected to MQTT server!
[2026-03-12 13:05:11] error: 	z2m: Cannot send message: topic: 'zigbee2mqtt/Hue-Motiondetect', payload: '{"battery":100,"illuminance":89,"illuminance_raw":19513,"led_indication":true,"linkquality":83,"motion_sensitivity":"low","occupancy":true,"occupancy_timeout":6403,"temperature":21.91,"update":{"installed_version":1124103169,"latest_release_notes":null,"latest_source":"https://raw.githubusercontent.com/Koenkk/zigbee-OTA/master/images/Hue/Sensor-ATmega_0012.sbl-ota","latest_version":1124102917,"state":"idle"}}
[2026-03-12 13:05:11] error: 	z2m: Not connected to MQTT server!
[2026-03-12 13:05:11] error: 	z2m: Cannot send message: topic: 'zigbee2mqtt/Hue-Motiondetect', payload: '{"battery":100,"illuminance":89,"illuminance_raw":19508,"led_indication":true,"linkquality":83,"motion_sensitivity":"low","occupancy":true,"occupancy_timeout":6403,"temperature":21.91,"update":{"installed_version":1124103169,"latest_release_notes":null,"latest_source":"https://raw.githubusercontent.com/Koenkk/zigbee-OTA/master/images/Hue/Sensor-ATmega_0012.sbl-ota","latest_version":1124102917,"state":"idle"}}
[2026-03-12 13:05:11] error: 	z2m: Not connected to MQTT server!
[2026-03-12 13:05:11] error: 	z2m: Cannot send message: topic: 'homeassistant/sensor/0x00158d008c4b0068/humidity/config', payload: '{"availability":[{"topic":"zigbee2mqtt/bridge/state","value_template":"{{ value_json.state }}"}],"default_entity_id":"sensor.lumi.pc-bereich_humidity","device":{"hw_version":30,"identifiers":["zigbee2mqtt_0x00158d008c4b0068"],"manufacturer":"Aqara","model":"Temperature and humidity sensor","model_id":"WSDCGQ11LM","name":"LuMi.PC-Bereich","sw_version":"3000-0001","via_device":"zigbee2mqtt_bridge_0x00124b00257b6a6e"},"device_class":"humidity","enabled_by_default":true,"object_id":"lumi.pc-bereich_humidity","origin":{"name":"Zigbee2MQTT","sw":"2.9.1","url":"https://www.zigbee2mqtt.io"},"state_class":"measurement","state_topic":"zigbee2mqtt/LuMi.Wetter.PCbereich","unique_id":"0x00158d008c4b0068_humidity_zigbee2mqtt","unit_of_measurement":"%","value_template":"{{ value_json.humidity }}"}
[2026-03-12 13:05:11] error: 	z2m: Not connected to MQTT server!
[2026-03-12 13:05:11] error: 	z2m: Cannot send message: topic: 'zigbee2mqtt/Hue-Motiondetect', payload: '{"battery":100,"illuminance":89,"illuminance_raw":19513,"led_indication":true,"linkquality":83,"motion_sensitivity":"low","occupancy":true,"occupancy_timeout":6403,"temperature":21.91,"update":{"installed_version":1124103169,"latest_release_notes":null,"latest_source":"https://raw.githubusercontent.com/Koenkk/zigbee-OTA/master/images/Hue/Sensor-ATmega_0012.sbl-ota","latest_version":1124102917,"state":"idle"}}
[2026-03-12 13:05:11] error: 	z2m: Not connected to MQTT server!
[2026-03-12 13:05:11] error: 	z2m: Cannot send message: topic: 'zigbee2mqtt/Hue-Motiondetect', payload: '{"battery":100,"illuminance":89,"illuminance_raw":19519,"led_indication":true,"linkquality":83,"motion_sensitivity":"low","occupancy":true,"occupancy_timeout":6403,"temperature":21.91,"update":{"installed_version":1124103169,"latest_release_notes":null,"latest_source":"https://raw.githubusercontent.com/Koenkk/zigbee-OTA/master/images/Hue/Sensor-ATmega_0012.sbl-ota","latest_version":1124102917,"state":"idle"}}
[2026-03-12 13:05:11] error: 	z2m: Not connected to MQTT server!
[2026-03-12 13:05:11] error: 	z2m: Cannot send message: topic: 'zigbee2mqtt/Hue-Motiondetect', payload: '{"battery":100,"illuminance":89,"illuminance_raw":19513,"led_indication":true,"linkquality":83,"motion_sensitivity":"low","occupancy":true,"occupancy_timeout":6403,"temperature":21.91,"update":{"installed_version":1124103169,"latest_release_notes":null,"latest_source":"https://raw.githubusercontent.com/Koenkk/zigbee-OTA/master/images/Hue/Sensor-ATmega_0012.sbl-ota","latest_version":1124102917,"state":"idle"}}
[2026-03-12 13:05:11] error: 	z2m: Not connected to MQTT server!
[2026-03-12 13:05:11] error: 	z2m: Cannot send message: topic: 'zigbee2mqtt/Hue-Motiondetect', payload: '{"battery":100,"illuminance":89,"illuminance_raw":19519,"led_indication":true,"linkquality":83,"motion_sensitivity":"low","occupancy":true,"occupancy_timeout":6403,"temperature":21.91,"update":{"installed_version":1124103169,"latest_release_notes":null,"latest_source":"https://raw.githubusercontent.com/Koenkk/zigbee-OTA/master/images/Hue/Sensor-ATmega_0012.sbl-ota","latest_version":1124102917,"state":"idle"}}
[2026-03-12 13:05:11] error: 	z2m: Not connected to MQTT server!
[2026-03-12 13:05:11] error: 	z2m: Cannot send message: topic: 'zigbee2mqtt/Hue-Motiondetect', payload: '{"battery":100,"illuminance":90,"illuminance_raw":19524,"led_indication":true,"linkquality":83,"motion_sensitivity":"low","occupancy":true,"occupancy_timeout":6403,"temperature":21.91,"update":{"installed_version":1124103169,"latest_release_notes":null,"latest_source":"https://raw.githubusercontent.com/Koenkk/zigbee-OTA/master/images/Hue/Sensor-ATmega_0012.sbl-ota","latest_version":1124102917,"state":"idle"}}
[2026-03-12 13:05:11] error: 	z2m: Not connected to MQTT server!
[2026-03-12 13:05:11] error: 	z2m: Cannot send message: topic: 'zigbee2mqtt/Hue-Motiondetect', payload: '{"battery":100,"illuminance":90,"illuminance_raw":19529,"led_indication":true,"linkquality":83,"motion_sensitivity":"low","occupancy":true,"occupancy_timeout":6403,"temperature":21.91,"update":{"installed_version":1124103169,"latest_release_notes":null,"latest_source":"https://raw.githubusercontent.com/Koenkk/zigbee-OTA/master/images/Hue/Sensor-ATmega_0012.sbl-ota","latest_version":1124102917,"state":"idle"}}
[2026-03-12 13:05:11] error: 	z2m: Not connected to MQTT server!
[2026-03-12 13:05:11] error: 	z2m: Cannot send message: topic: 'zigbee2mqtt/Hue-Motiondetect', payload: '{"battery":100,"illuminance":90,"illuminance_raw":19524,"led_indication":true,"linkquality":83,"motion_sensitivity":"low","occupancy":true,"occupancy_timeout":6403,"temperature":21.91,"update":{"installed_version":1124103169,"latest_release_notes":null,"latest_source":"https://raw.githubusercontent.com/Koenkk/zigbee-OTA/master/images/Hue/Sensor-ATmega_0012.sbl-ota","latest_version":1124102917,"state":"idle"}}
[2026-03-12 13:05:11] error: 	z2m: Not connected to MQTT server!
[2026-03-12 13:05:11] error: 	z2m: Cannot send message: topic: 'zigbee2mqtt/Hue-Motiondetect', payload: '{"battery":100,"illuminance":89,"illuminance_raw":19519,"led_indication":true,"linkquality":83,"motion_sensitivity":"low","occupancy":true,"occupancy_timeout":6403,"temperature":21.91,"update":{"installed_version":1124103169,"latest_release_notes":null,"latest_source":"https://raw.githubusercontent.com/Koenkk/zigbee-OTA/master/images/Hue/Sensor-ATmega_0012.sbl-ota","latest_version":1124102917,"state":"idle"}}
[2026-03-12 13:05:11] error: 	z2m: Not connected to MQTT server!
[2026-03-12 13:05:11] error: 	z2m: Cannot send message: topic: 'zigbee2mqtt/Hue-Motiondetect', payload: '{"battery":100,"illuminance":89,"illuminance_raw":19513,"led_indication":true,"linkquality":83,"motion_sensitivity":"low","occupancy":true,"occupancy_timeout":6403,"temperature":21.91,"update":{"installed_version":1124103169,"latest_release_notes":null,"latest_source":"https://raw.githubusercontent.com/Koenkk/zigbee-OTA/master/images/Hue/Sensor-ATmega_0012.sbl-ota","latest_version":1124102917,"state":"idle"}}
[2026-03-12 13:05:11] error: 	z2m: Not connected to MQTT server!
[2026-03-12 13:05:11] error: 	z2m: Cannot send message: topic: 'zigbee2mqtt/Hue-Motiondetect', payload: '{"battery":100,"illuminance":89,"illuminance_raw":19519,"led_indication":true,"linkquality":83,"motion_sensitivity":"low","occupancy":true,"occupancy_timeout":6403,"temperature":21.91,"update":{"installed_version":1124103169,"latest_release_notes":null,"latest_source":"https://raw.githubusercontent.com/Koenkk/zigbee-OTA/master/images/Hue/Sensor-ATmega_0012.sbl-ota","latest_version":1124102917,"state":"idle"}}
[2026-03-12 13:05:11] error: 	z2m: Not connected to MQTT server!
[2026-03-12 13:05:11] error: 	z2m: Cannot send message: topic: 'homeassistant/sensor/0x0c4314fffea75c93/linkquality/config', payload: '{"availability":[{"topic":"zigbee2mqtt/bridge/state","value_template":"{{ value_json.state }}"}],"default_entity_id":"sensor.lampe-pc_linkquality","device":{"hw_version":1,"identifiers":["zigbee2mqtt_0x0c4314fffea75c93"],"manufacturer":"Innr","model":"E27 filament bulb dimmable","model_id":"RF 263","name":"Lampe-PC","sw_version":"2.00.02","via_device":"zigbee2mqtt_bridge_0x00124b00257b6a6e"},"enabled_by_default":false,"entity_category":"diagnostic","icon":"mdi:signal","name":"Linkquality","object_id":"lampe-pc_linkquality","origin":{"name":"Zigbee2MQTT","sw":"2.9.1","url":"https://www.zigbee2mqtt.io"},"state_class":"measurement","state_topic":"zigbee2mqtt/PC-Lampe","unique_id":"0x0c4314fffea75c93_linkquality_zigbee2mqtt","unit_of_measurement":"lqi","value_template":"{{ value_json.linkquality }}"}
[2026-03-12 13:05:11] error: 	z2m: Not connected to MQTT server!
[2026-03-12 13:05:11] error: 	z2m: Cannot send message: topic: 'zigbee2mqtt/LuMi.Wetter.PCbereich', payload: '{"battery":100,"humidity":38.38,"linkquality":178,"power_outage_count":5,"pressure":983.5,"temperature":24.57,"voltage":3015}
[2026-03-12 13:05:11] error: 	z2m: Not connected to MQTT server!
[2026-03-12 13:05:11] error: 	z2m: Cannot send message: topic: 'homeassistant/sensor/0x00158d008c4b0068/pressure/config', payload: '{"availability":[{"topic":"zigbee2mqtt/bridge/state","value_template":"{{ value_json.state }}"}],"default_entity_id":"sensor.lumi.pc-bereich_pressure","device":{"hw_version":30,"identifiers":["zigbee2mqtt_0x00158d008c4b0068"],"manufacturer":"Aqara","model":"Temperature and humidity sensor","model_id":"WSDCGQ11LM","name":"LuMi.PC-Bereich","sw_version":"3000-0001","via_device":"zigbee2mqtt_bridge_0x00124b00257b6a6e"},"device_class":"atmospheric_pressure","enabled_by_default":true,"object_id":"lumi.pc-bereich_pressure","origin":{"name":"Zigbee2MQTT","sw":"2.9.1","url":"https://www.zigbee2mqtt.io"},"state_class":"measurement","state_topic":"zigbee2mqtt/LuMi.Wetter.PCbereich","unique_id":"0x00158d008c4b0068_pressure_zigbee2mqtt","unit_of_measurement":"hPa","value_template":"{{ value_json.pressure }}"}
[2026-03-12 13:05:11] error: 	z2m: Not connected to MQTT server!
[2026-03-12 13:05:11] error: 	z2m: Cannot send message: topic: 'homeassistant/update/0x0c4314fffea75c93/update/config', payload: '{"availability":[{"topic":"zigbee2mqtt/bridge/state","value_template":"{{ value_json.state }}"}],"command_topic":"zigbee2mqtt/bridge/request/device/ota_update/update","default_entity_id":"update.lampe-pc","device":{"hw_version":1,"identifiers":["zigbee2mqtt_0x0c4314fffea75c93"],"manufacturer":"Innr","model":"E27 filament bulb dimmable","model_id":"RF 263","name":"Lampe-PC","sw_version":"2.00.02","via_device":"zigbee2mqtt_bridge_0x00124b00257b6a6e"},"device_class":"firmware","entity_category":"config","entity_picture":"https://github.com/Koenkk/zigbee2mqtt/raw/master/images/logo.png","name":null,"object_id":"lampe-pc","origin":{"name":"Zigbee2MQTT","sw":"2.9.1","url":"https://www.zigbee2mqtt.io"},"payload_install":"{\"id\": \"0x0c4314fffea75c93\"}","state_topic":"zigbee2mqtt/PC-Lampe","unique_id":"0x0c4314fffea75c93_update_zigbee2mqtt","value_template":"{\"latest_version\":\"{{ value_json['update']['latest_version'] }}\",\"installed_version\":\"{{ value_json['update']['installed_version'] }}\",\"update_percentage\":{{ value_json['update'].get('progress', 'null') }},\"in_progress\":{{ (value_json['update']['state'] == 'updating')|lower }}}"}
[2026-03-12 13:05:11] error: 	z2m: Not connected to MQTT server!
[2026-03-12 13:05:11] error: 	z2m: Cannot send message: topic: 'homeassistant/sensor/0x00158d008c4b0068/voltage/config', payload: '{"availability":[{"topic":"zigbee2mqtt/bridge/state","value_template":"{{ value_json.state }}"}],"default_entity_id":"sensor.lumi.pc-bereich_voltage","device":{"hw_version":30,"identifiers":["zigbee2mqtt_0x00158d008c4b0068"],"manufacturer":"Aqara","model":"Temperature and humidity sensor","model_id":"WSDCGQ11LM","name":"LuMi.PC-Bereich","sw_version":"3000-0001","via_device":"zigbee2mqtt_bridge_0x00124b00257b6a6e"},"device_class":"voltage","enabled_by_default":true,"entity_category":"diagnostic","object_id":"lumi.pc-bereich_voltage","origin":{"name":"Zigbee2MQTT","sw":"2.9.1","url":"https://www.zigbee2mqtt.io"},"state_class":"measurement","state_topic":"zigbee2mqtt/LuMi.Wetter.PCbereich","unique_id":"0x00158d008c4b0068_voltage_zigbee2mqtt","unit_of_measurement":"mV","value_template":"{{ value_json.voltage }}"}
[2026-03-12 13:05:11] error: 	z2m: Not connected to MQTT server!
[2026-03-12 13:05:11] error: 	z2m: Cannot send message: topic: 'homeassistant/sensor/0x00158d008c4b0068/linkquality/config', payload: '{"availability":[{"topic":"zigbee2mqtt/bridge/state","value_template":"{{ value_json.state }}"}],"default_entity_id":"sensor.lumi.pc-bereich_linkquality","device":{"hw_version":30,"identifiers":["zigbee2mqtt_0x00158d008c4b0068"],"manufacturer":"Aqara","model":"Temperature and humidity sensor","model_id":"WSDCGQ11LM","name":"LuMi.PC-Bereich","sw_version":"3000-0001","via_device":"zigbee2mqtt_bridge_0x00124b00257b6a6e"},"enabled_by_default":false,"entity_category":"diagnostic","icon":"mdi:signal","name":"Linkquality","object_id":"lumi.pc-bereich_linkquality","origin":{"name":"Zigbee2MQTT","sw":"2.9.1","url":"https://www.zigbee2mqtt.io"},"state_class":"measurement","state_topic":"zigbee2mqtt/LuMi.Wetter.PCbereich","unique_id":"0x00158d008c4b0068_linkquality_zigbee2mqtt","unit_of_measurement":"lqi","value_template":"{{ value_json.linkquality }}"}
[2026-03-12 13:05:11] info: 	z2m: Stopping Zigbee2MQTT (restart=false, code=0, signal=SIGTERM)
[2026-03-12 13:05:11] debug: 	zh:zstack:unpi:parser: <-- [254,5,69,196,17,195,1,53,63,93,254,28,68,129,0,0,0,4,17,195,2,1,0,87,0,150,175,47,0,0,8,8,120,10,0,0,33,68,76,53,63,28,0,254,5,69,196,17,195,1,53,63,93,254,28,68,129,0,0,0,4,17,195,2,1,0,87,0,245,56,57,0,0,8,8,121,10,0,0,33,73,76,53,63,28,238,254,5,69,196,17,195,1,53,63,93,254,28,68,129,0,0,0,4,17,195,2,1,0,87,0,23,187,66,0,0,8,8,122,10,0,0,33,68,76,53,63,28,250,254,5,69,196,17,195,1,53,63,93,254,28,68,129,0,0,0,4,17,195,2,1,0,83,0,168,60,76,0,0,8,8,123,10,0,0,33,210,75,53,63,28,88,254,5,69,196,17,195,1,53,63,93,254,28,68,129,0,0,0,4,17,195,2,1,0,87,0,109,190,85,0,0,8,8,124,10,0,0,33,57,76,53,63,28,233,254,5,69,196,17,195,1,53,63,93,254,28,68,129,0,0,0,4,17,195,2,1,0,83,0,47,64,95,0,0,8,8,125,10,0,0,33,59,74,53,63,28,94,254,5,69,196,17,195,1,53,63,93,254,28,68,129,0,0,2,4,17,195,2,1,0,91,0,41,180,100,0,0,8,8,126,10,0,0,41,199,8,53,63,28,40,254,5,69,196,17,195,1,53,63,93,254,28,68,129,0,0,0,4,17,195,2,1,0,91,0,126,186,104,0,0,8,8,127,10,0,0,33,79,73,53,63,28,191,254,5,69,196,17,195,1,53,63,93,254,28,68,129,0,0,0,4,17,195,2,1,0,83,0,141,52,114,0,0,8,8,128,10,0,0,33,31,75,53,63,28,125,254,5,69,196,17,195,1,53,63,93,254,28,68,129,0,0,0,4,17,195,2,1,0,87,0,166,174,123,0,0,8,8,129,10,0,0,33,9,76,53,63,28,209,254,5,69,196,17,195,1,53,63,93,254,28,68,129,0,0,0,4,17,195,2,1,0,87,0,137,56,133,0,0,8,8,130,10,0,0,33,4,76,53,63,28,152,254,5,69,196,17,195,1,53,63,93,254,28,68,129,0,0,0,4,17,195,2,1,0,91,0,117,178,142,0,0,8,8,131,10,0,0,33,9,76,53,63,28,229,254,5,69,196,17,195,1,53,63,93,254,28,68,129,0,0,0,4,17,195,2,1,0,87,0,233,44,152,0,0,8,8,132,10,0,0,33,14,76,53,63,28,253,254,32,68,129,0,0,25,0,53,63,1,13,0,87,0,237,150,155,0,0,12,1,91,1,0,102,17,32,1,48,106,2,32,53,63,29,35,254,32,68,129,0,0,25,0,53,63,1,13,0,87,0,132,121,158,0,0,12,1,92,1,0,102,17,32,1,48,106,2,32,53,63,29,167,254,32,68,129,0,0,25,0,53,63,1,13,0,87,0,227,91,161,0,0,12,1,93,1,0,102,17,32,1,48,106,2,32,53,63,29,220,254,32,68,129,0,0,25,0,53,63,1,13,0,83,0,65,62,164,0,0,12,1,94,1,0,102,17,32,1,48,106,2,32,53,63,29,25,254,5,69,196,17,195,1,53,63,93,254,28,68,129,0,0,0,4,17,195,2,1,0,87,0,36,220,166,0,0,8,8,133,10,0,0,33,9,76,53,63,28,248,254,32,68,129,0,0,25,0,53,63,1,13,0,83,0,2,32,167,0,0,12,1,95,1,0,102,17,32,1,48,106,2,32,53,63,29,70,254,5,69,196,211,149,1,53,63,201,254,27,68,129,0,0,1,0,211,149,1,1,0,87,0,4,194,170,0,0,7,24,19,10,33,0,32,200,53,63,28,123,254,5,69,196,17,195,1,53,63,93,254,28,68,129,0,0,0,4,17,195,2,1,0,87,0,183,95,176,0,0,8,8,134,10,0,0,33,14,76,53,63,28,250,254,5,69,196,17,195,1,53,63,93,254,28,68,129,0,0,0,4,17,195,2,1,0,83,0,86,233,185,0,0,8,8,135,10,0,0,33,20,76,53,63,28,187,254,5,69,196,17,195,1,53,63,93,254,28,68,129,0,0,0,4,17,195,2,1,0,87,0,144,114,195,0,0,8,8,136,10,0,0,33,25,76,53,63,28,154,254,5,69,196,17,195,1,53,63,93,254,28,68,129,0,0,0,4,17,195,2,1,0,87,0,168,244,204,0,0,8,8,137,10,0,0,33,36,76,53,63,28,23,254,5,69,196,17,195,1,53,63,93,254,28,68,129,0,0,0,4,17,195,2,1,0,91,0,97,118,214,0,0,8,8,138,10,0,0,33,47,76,53,63,28,66,254,5,69,196,17,195,1,53,63,93,254,28,68,129,0,0,0,4,17,195,2,1,0,83,0,164,255,223,0,0,8,8,139,10,0,0,33,63,76,53,63,28,30,254,5,69,196,211,149,1,53,63,201,254,25,68,129,0,0,10,0,211,149,1,1,0,87,0,53,147,225,0,0,5,0,20,0,7,0,53,63,28,128,254,5,69,196,211,149,1,53,63,201,254,25,68,129,0,0,10,0,211,149,1,1,0,87,0,157,61,226,0,0,5,0,20,0,7,0,53,63,28,133,254,5,69,196,211,149,1,53,63,201,254,25,68,129,0,0,10,0,211,149,1,1,0,83,0,21,232,226,0,0,5,0,20,0,7,0,53,63,28,220,254,5,69,196,211,149,1,53,63,201,254,25,68,129,0,0,10,0,211,149,1,1,0,87,0,37,147,227,0,0,5,0,20,0,7,0,53,63,28,146,254,5,69,196,211,149,1,53,63,201,254,25,68,129,0,0,10,0,211,149,1,1,0,87,0,208,61,228,0,0,5,0,20,0,7,0,53,63,28,206,254,5,69,196,17,195,1,53,63,93,254,28,68,129,0,0,0,4,17,195,2,1,0,87,0,205,137,233,0,0,8,8,140,10,0,0,33,100,76,53,63,28,111,254,5,69,196,17,195,1,53,63,93,254,28,68,129,0,0,0,4,17,195,2,1,0,83,0,2,11,3,0,0,8,8,141,10,0,0,33,153,76,53,63,28,48,254,5,69,196,17,195,1,53,63,93,254,28,68,129,0,0,0,4,17,195,2,1,0,87,0,54,140,12,0,0,8,8,142,10,0,0,33,198,65,53,63,28,217,254,5,69,196,17,195,1,53,63,93,254,28,68,129,0,0,0,4,17,195,2,1,0,91,0,197,6,22,0,0,8,8,143,10,0,0,33,12,52,53,63,28,8,254,5,69,196,17,195,1,53,63,93,254,28,68,129,0,0,0,4,17,195,2,1,0,83,0,93,144,31,0,0,8,8,144,10,0,0,33,200,50,53,63,28,218,254,5,69,196,17,195,1,53,63,93,254,28,68,129,0,0,0,4,17,195,2,1,0,91,0,64,18,41,0,0,8,8,145,10,0,0,33,29,50,53,63,28,175,254,28,68,129,0,0,2,4,140,102,1,1,0,178,0,253,174,42,0,0,8,24,140,10,0,0,41,164,9,140,102,29,27,254,28,68,129,0,0,5,4,140,102,1,1,0,178,0,243,175,42,0,0,8,24,141,10,0,0,33,243,14,140,102,29,74,254,37,68,129,0,0,3,4,140,102,1,1,0,178,0,214,176,42,0,0,17,24,142,10,0,0,41,215,3,20,0,40,255,16,0,41,106,38,140,102,29,194,254,5,69,196,211,149,1,53,63,201,254,31,68,129,0,0,1,0,211,149,1,1,0,87,0,128,254,44,0,0,11,8,21,10,33,0,32,200,32,0,32,30,53,63,28,69,254,5,69,196,211,149,1,53,63,201,254,31,68,129,0,0,1,0,211,149,1,1,0,87,0,252,169,45,0,0,11,8,21,10,33,0,32,200,32,0,32,30,53,63,28,111,254,5,69,196,211,149,1,53,63,201,254,31,68,129,0,0,1,0,211,149,1,1,0,87,0,5,84,46,0,0,11,8,21,10,33,0,32,200,32,0,32,30,53,63,28,104,254,5,69,196,211,149,1,53,63,201,254,31,68,129,0,0,1,0,211,149,1,1,0,87,0,139,255,46,0,0,11,8,21,10,33,0,32,200,32,0,32,30,53,63,28,77,254,5,69,196,211,149,1,53,63,201,254,31,68,129,0,0,1,0,211,149,1,1,0,87,0,61,169,47,0,0,11,8,21,10,33,0,32,200,32,0,32,30,53,63,28,172,254,5,69,196,17,195,1,53,63,93,254,28,68,129,0,0,0,4,17,195,2,1,0,87,0,6,148,50,0,0,8,8,146,10,0,0,33,209,49,53,63,28,180,254,5,69,196,17,195,1,53,63,93,254,28,68,129,0,0,0,4,17,195,2,1,0,87,0,93,14,60,0,0,8,8,147,10,0,0,33,184,49,53,63,28,19,254,5,69,196,17,195,1,53,63,93,254,28,68,129,0,0,0,4,17,195,2,1,0,87,0,162,195,69,0,0,8,8,148,10,0,0,33,209,49,53,63,28,54,254,5,69,196,17,195,1,53,63,93,254,28,68,129,0,0,0,4,17,195,2,1,0,87,0,85,222,88,0,0,8,8,149,10,0,0,33,234,49,53,63,28,251,254,5,69,196,17,195,1,53,63,93,254,28,68,129,0,0,0,4,17,195,2,1,0,87,0,209,97,98,0,0,8,8,150,10,0,0,33,4,50,53,63,28,20,254,28,68,129,0,0,2,4,138,128,1,1,0,94,0,46,8,99,0,0,8,24,213,10,0,0,41,57,9,138,128,29,15,254,28,68,129,0,0,5,4,138,128,1,1,0,91,0,56,9,99,0,0,8,24,214,10,0,0,33,166,15,138,128,29,136,254,37,68,129,0,0,3,4,138,128,1,1,0,91,0,67,10,99,0,0,17,24,215,10,0,0,41,215,3,20,0,40,255,16,0,41,105,38,138,128,29,23,254,5,69,196,17,195,1,53,63,93,254,28,68,129,0,0,0,4,17,195,2,1,0,83,0,119,189,112,0,0,8,8,151,10,0,0,33,234,49,53,63,28,148,254,5,69,196,17,195,1,53,63,93,254,28,68,129,0,0,0,4,17,195,2,1,0,83,0,31,65,122,0,0,8,8,152,10,0,0,33,209,49,53,63,28,62,254,1,100,1,0,100,254,3,68,128,0,1,3,197]
[2026-03-12 13:05:11] debug: 	zh:zstack:unpi:parser: --- parseNext [254,5,69,196,17,195,1,53,63,93,254,28,68,129,0,0,0,4,17,195,2,1,0,87,0,150,175,47,0,0,8,8,120,10,0,0,33,68,76,53,63,28,0,254,5,69,196,17,195,1,53,63,93,254,28,68,129,0,0,0,4,17,195,2,1,0,87,0,245,56,57,0,0,8,8,121,10,0,0,33,73,76,53,63,28,238,254,5,69,196,17,195,1,53,63,93,254,28,68,129,0,0,0,4,17,195,2,1,0,87,0,23,187,66,0,0,8,8,122,10,0,0,33,68,76,53,63,28,250,254,5,69,196,17,195,1,53,63,93,254,28,68,129,0,0,0,4,17,195,2,1,0,83,0,168,60,76,0,0,8,8,123,10,0,0,33,210,75,53,63,28,88,254,5,69,196,17,195,1,53,63,93,254,28,68,129,0,0,0,4,17,195,2,1,0,87,0,109,190,85,0,0,8,8,124,10,0,0,33,57,76,53,63,28,233,254,5,69,196,17,195,1,53,63,93,254,28,68,129,0,0,0,4,17,195,2,1,0,83,0,47,64,95,0,0,8,8,125,10,0,0,33,59,74,53,63,28,94,254,5,69,196,17,195,1,53,63,93,254,28,68,129,0,0,2,4,17,195,2,1,0,91,0,41,180,100,0,0,8,8,126,10,0,0,41,199,8,53,63,28,40,254,5,69,196,17,195,1,53,63,93,254,28,68,129,0,0,0,4,17,195,2,1,0,91,0,126,186,104,0,0,8,8,127,10,0,0,33,79,73,53,63,28,191,254,5,69,196,17,195,1,53,63,93,254,28,68,129,0,0,0,4,17,195,2,1,0,83,0,141,52,114,0,0,8,8,128,10,0,0,33,31,75,53,63,28,125,254,5,69,196,17,195,1,53,63,93,254,28,68,129,0,0,0,4,17,195,2,1,0,87,0,166,174,123,0,0,8,8,129,10,0,0,33,9,76,53,63,28,209,254,5,69,196,17,195,1,53,63,93,254,28,68,129,0,0,0,4,17,195,2,1,0,87,0,137,56,133,0,0,8,8,130,10,0,0,33,4,76,53,63,28,152,254,5,69,196,17,195,1,53,63,93,254,28,68,129,0,0,0,4,17,195,2,1,0,91,0,117,178,142,0,0,8,8,131,10,0,0,33,9,76,53,63,28,229,254,5,69,196,17,195,1,53,63,93,254,28,68,129,0,0,0,4,17,195,2,1,0,87,0,233,44,152,0,0,8,8,132,10,0,0,33,14,76,53,63,28,253,254,32,68,129,0,0,25,0,53,63,1,13,0,87,0,237,150,155,0,0,12,1,91,1,0,102,17,32,1,48,106,2,32,53,63,29,35,254,32,68,129,0,0,25,0,53,63,1,13,0,87,0,132,121,158,0,0,12,1,92,1,0,102,17,32,1,48,106,2,32,53,63,29,167,254,32,68,129,0,0,25,0,53,63,1,13,0,87,0,227,91,161,0,0,12,1,93,1,0,102,17,32,1,48,106,2,32,53,63,29,220,254,32,68,129,0,0,25,0,53,63,1,13,0,83,0,65,62,164,0,0,12,1,94,1,0,102,17,32,1,48,106,2,32,53,63,29,25,254,5,69,196,17,195,1,53,63,93,254,28,68,129,0,0,0,4,17,195,2,1,0,87,0,36,220,166,0,0,8,8,133,10,0,0,33,9,76,53,63,28,248,254,32,68,129,0,0,25,0,53,63,1,13,0,83,0,2,32,167,0,0,12,1,95,1,0,102,17,32,1,48,106,2,32,53,63,29,70,254,5,69,196,211,149,1,53,63,201,254,27,68,129,0,0,1,0,211,149,1,1,0,87,0,4,194,170,0,0,7,24,19,10,33,0,32,200,53,63,28,123,254,5,69,196,17,195,1,53,63,93,254,28,68,129,0,0,0,4,17,195,2,1,0,87,0,183,95,176,0,0,8,8,134,10,0,0,33,14,76,53,63,28,250,254,5,69,196,17,195,1,53,63,93,254,28,68,129,0,0,0,4,17,195,2,1,0,83,0,86,233,185,0,0,8,8,135,10,0,0,33,20,76,53,63,28,187,254,5,69,196,17,195,1,53,63,93,254,28,68,129,0,0,0,4,17,195,2,1,0,87,0,144,114,195,0,0,8,8,136,10,0,0,33,25,76,53,63,28,154,254,5,69,196,17,195,1,53,63,93,254,28,68,129,0,0,0,4,17,195,2,1,0,87,0,168,244,204,0,0,8,8,137,10,0,0,33,36,76,53,63,28,23,254,5,69,196,17,195,1,53,63,93,254,28,68,129,0,0,0,4,17,195,2,1,0,91,0,97,118,214,0,0,8,8,138,10,0,0,33,47,76,53,63,28,66,254,5,69,196,17,195,1,53,63,93,254,28,68,129,0,0,0,4,17,195,2,1,0,83,0,164,255,223,0,0,8,8,139,10,0,0,33,63,76,53,63,28,30,254,5,69,196,211,149,1,53,63,201,254,25,68,129,0,0,10,0,211,149,1,1,0,87,0,53,147,225,0,0,5,0,20,0,7,0,53,63,28,128,254,5,69,196,211,149,1,53,63,201,254,25,68,129,0,0,10,0,211,149,1,1,0,87,0,157,61,226,0,0,5,0,20,0,7,0,53,63,28,133,254,5,69,196,211,149,1,53,63,201,254,25,68,129,0,0,10,0,211,149,1,1,0,83,0,21,232,226,0,0,5,0,20,0,7,0,53,63,28,220,254,5,69,196,211,149,1,53,63,201,254,25,68,129,0,0,10,0,211,149,1,1,0,87,0,37,147,227,0,0,5,0,20,0,7,0,53,63,28,146,254,5,69,196,211,149,1,53,63,201,254,25,68,129,0,0,10,0,211,149,1,1,0,87,0,208,61,228,0,0,5,0,20,0,7,0,53,63,28,206,254,5,69,196,17,195,1,53,63,93,254,28,68,129,0,0,0,4,17,195,2,1,0,87,0,205,137,233,0,0,8,8,140,10,0,0,33,100,76,53,63,28,111,254,5,69,196,17,195,1,53,63,93,254,28,68,129,0,0,0,4,17,195,2,1,0,83,0,2,11,3,0,0,8,8,141,10,0,0,33,153,76,53,63,28,48,254,5,69,196,17,195,1,53,63,93,254,28,68,129,0,0,0,4,17,195,2,1,0,87,0,54,140,12,0,0,8,8,142,10,0,0,33,198,65,53,63,28,217,254,5,69,196,17,195,1,53,63,93,254,28,68,129,0,0,0,4,17,195,2,1,0,91,0,197,6,22,0,0,8,8,143,10,0,0,33,12,52,53,63,28,8,254,5,69,196,17,195,1,53,63,93,254,28,68,129,0,0,0,4,17,195,2,1,0,83,0,93,144,31,0,0,8,8,144,10,0,0,33,200,50,53,63,28,218,254,5,69,196,17,195,1,53,63,93,254,28,68,129,0,0,0,4,17,195,2,1,0,91,0,64,18,41,0,0,8,8,145,10,0,0,33,29,50,53,63,28,175,254,28,68,129,0,0,2,4,140,102,1,1,0,178,0,253,174,42,0,0,8,24,140,10,0,0,41,164,9,140,102,29,27,254,28,68,129,0,0,5,4,140,102,1,1,0,178,0,243,175,42,0,0,8,24,141,10,0,0,33,243,14,140,102,29,74,254,37,68,129,0,0,3,4,140,102,1,1,0,178,0,214,176,42,0,0,17,24,142,10,0,0,41,215,3,20,0,40,255,16,0,41,106,38,140,102,29,194,254,5,69,196,211,149,1,53,63,201,254,31,68,129,0,0,1,0,211,149,1,1,0,87,0,128,254,44,0,0,11,8,21,10,33,0,32,200,32,0,32,30,53,63,28,69,254,5,69,196,211,149,1,53,63,201,254,31,68,129,0,0,1,0,211,149,1,1,0,87,0,252,169,45,0,0,11,8,21,10,33,0,32,200,32,0,32,30,53,63,28,111,254,5,69,196,211,149,1,53,63,201,254,31,68,129,0,0,1,0,211,149,1,1,0,87,0,5,84,46,0,0,11,8,21,10,33,0,32,200,32,0,32,30,53,63,28,104,254,5,69,196,211,149,1,53,63,201,254,31,68,129,0,0,1,0,211,149,1,1,0,87,0,139,255,46,0,0,11,8,21,10,33,0,32,200,32,0,32,30,53,63,28,77,254,5,69,196,211,149,1,53,63,201,254,31,68,129,0,0,1,0,211,149,1,1,0,87,0,61,169,47,0,0,11,8,21,10,33,0,32,200,32,0,32,30,53,63,28,172,254,5,69,196,17,195,1,53,63,93,254,28,68,129,0,0,0,4,17,195,2,1,0,87,0,6,148,50,0,0,8,8,146,10,0,0,33,209,49,53,63,28,180,254,5,69,196,17,195,1,53,63,93,254,28,68,129,0,0,0,4,17,195,2,1,0,87,0,93,14,60,0,0,8,8,147,10,0,0,33,184,49,53,63,28,19,254,5,69,196,17,195,1,53,63,93,254,28,68,129,0,0,0,4,17,195,2,1,0,87,0,162,195,69,0,0,8,8,148,10,0,0,33,209,49,53,63,28,54,254,5,69,196,17,195,1,53,63,93,254,28,68,129,0,0,0,4,17,195,2,1,0,87,0,85,222,88,0,0,8,8,149,10,0,0,33,234,49,53,63,28,251,254,5,69,196,17,195,1,53,63,93,254,28,68,129,0,0,0,4,17,195,2,1,0,87,0,209,97,98,0,0,8,8,150,10,0,0,33,4,50,53,63,28,20,254,28,68,129,0,0,2,4,138,128,1,1,0,94,0,46,8,99,0,0,8,24,213,10,0,0,41,57,9,138,128,29,15,254,28,68,129,0,0,5,4,138,128,1,1,0,91,0,56,9,99,0,0,8,24,214,10,0,0,33,166,15,138,128,29,136,254,37,68,129,0,0,3,4,138,128,1,1,0,91,0,67,10,99,0,0,17,24,215,10,0,0,41,215,3,20,0,40,255,16,0,41,105,38,138,128,29,23,254,5,69,196,17,195,1,53,63,93,254,28,68,129,0,0,0,4,17,195,2,1,0,83,0,119,189,112,0,0,8,8,151,10,0,0,33,234,49,53,63,28,148,254,5,69,196,17,195,1,53,63,93,254,28,68,129,0,0,0,4,17,195,2,1,0,83,0,31,65,122,0,0,8,8,152,10,0,0,33,209,49,53,63,28,62,254,1,100,1,0,100,254,3,68,128,0,1,3,197]
[2026-03-12 13:05:11] debug: 	zh:zstack:unpi:parser: --> parsed 5 - 2 - 5 - 196 - [17,195,1,53,63] - 93
[2026-03-12 13:05:11] debug: 	zh:zstack:znp: <-- AREQ: ZDO - srcRtgInd
[2026-03-12 13:05:11] debug: 	zh:zstack:unpi:parser: --- parseNext [254,28,68,129,0,0,0,4,17,195,2,1,0,87,0,150,175,47,0,0,8,8,120,10,0,0,33,68,76,53,63,28,0,254,5,69,196,17,195,1,53,63,93,254,28,68,129,0,0,0,4,17,195,2,1,0,87,0,245,56,57,0,0,8,8,121,10,0,0,33,73,76,53,63,28,238,254,5,69,196,17,195,1,53,63,93,254,28,68,129,0,0,0,4,17,195,2,1,0,87,0,23,187,66,0,0,8,8,122,10,0,0,33,68,76,53,63,28,250,254,5,69,196,17,195,1,53,63,93,254,28,68,129,0,0,0,4,17,195,2,1,0,83,0,168,60,76,0,0,8,8,123,10,0,0,33,210,75,53,63,28,88,254,5,69,196,17,195,1,53,63,93,254,28,68,129,0,0,0,4,17,195,2,1,0,87,0,109,190,85,0,0,8,8,124,10,0,0,33,57,76,53,63,28,233,254,5,69,196,17,195,1,53,63,93,254,28,68,129,0,0,0,4,17,195,2,1,0,83,0,47,64,95,0,0,8,8,125,10,0,0,33,59,74,53,63,28,94,254,5,69,196,17,195,1,53,63,93,254,28,68,129,0,0,2,4,17,195,2,1,0,91,0,41,180,100,0,0,8,8,126,10,0,0,41,199,8,53,63,28,40,254,5,69,196,17,195,1,53,63,93,254,28,68,129,0,0,0,4,17,195,2,1,0,91,0,126,186,104,0,0,8,8,127,10,0,0,33,79,73,53,63,28,191,254,5,69,196,17,195,1,53,63,93,254,28,68,129,0,0,0,4,17,195,2,1,0,83,0,141,52,114,0,0,8,8,128,10,0,0,33,31,75,53,63,28,125,254,5,69,196,17,195,1,53,63,93,254,28,68,129,0,0,0,4,17,195,2,1,0,87,0,166,174,123,0,0,8,8,129,10,0,0,33,9,76,53,63,28,209,254,5,69,196,17,195,1,53,63,93,254,28,68,129,0,0,0,4,17,195,2,1,0,87,0,137,56,133,0,0,8,8,130,10,0,0,33,4,76,53,63,28,152,254,5,69,196,17,195,1,53,63,93,254,28,68,129,0,0,0,4,17,195,2,1,0,91,0,117,178,142,0,0,8,8,131,10,0,0,33,9,76,53,63,28,229,254,5,69,196,17,195,1,53,63,93,254,28,68,129,0,0,0,4,17,195,2,1,0,87,0,233,44,152,0,0,8,8,132,10,0,0,33,14,76,53,63,28,253,254,32,68,129,0,0,25,0,53,63,1,13,0,87,0,237,150,155,0,0,12,1,91,1,0,102,17,32,1,48,106,2,32,53,63,29,35,254,32,68,129,0,0,25,0,53,63,1,13,0,87,0,132,121,158,0,0,12,1,92,1,0,102,17,32,1,48,106,2,32,53,63,29,167,254,32,68,129,0,0,25,0,53,63,1,13,0,87,0,227,91,161,0,0,12,1,93,1,0,102,17,32,1,48,106,2,32,53,63,29,220,254,32,68,129,0,0,25,0,53,63,1,13,0,83,0,65,62,164,0,0,12,1,94,1,0,102,17,32,1,48,106,2,32,53,63,29,25,254,5,69,196,17,195,1,53,63,93,254,28,68,129,0,0,0,4,17,195,2,1,0,87,0,36,220,166,0,0,8,8,133,10,0,0,33,9,76,53,63,28,248,254,32,68,129,0,0,25,0,53,63,1,13,0,83,0,2,32,167,0,0,12,1,95,1,0,102,17,32,1,48,106,2,32,53,63,29,70,254,5,69,196,211,149,1,53,63,201,254,27,68,129,0,0,1,0,211,149,1,1,0,87,0,4,194,170,0,0,7,24,19,10,33,0,32,200,53,63,28,123,254,5,69,196,17,195,1,53,63,93,254,28,68,129,0,0,0,4,17,195,2,1,0,87,0,183,95,176,0,0,8,8,134,10,0,0,33,14,76,53,63,28,250,254,5,69,196,17,195,1,53,63,93,254,28,68,129,0,0,0,4,17,195,2,1,0,83,0,86,233,185,0,0,8,8,135,10,0,0,33,20,76,53,63,28,187,254,5,69,196,17,195,1,53,63,93,254,28,68,129,0,0,0,4,17,195,2,1,0,87,0,144,114,195,0,0,8,8,136,10,0,0,33,25,76,53,63,28,154,254,5,69,196,17,195,1,53,63,93,254,28,68,129,0,0,0,4,17,195,2,1,0,87,0,168,244,204,0,0,8,8,137,10,0,0,33,36,76,53,63,28,23,254,5,69,196,17,195,1,53,63,93,254,28,68,129,0,0,0,4,17,195,2,1,0,91,0,97,118,214,0,0,8,8,138,10,0,0,33,47,76,53,63,28,66,254,5,69,196,17,195,1,53,63,93,254,28,68,129,0,0,0,4,17,195,2,1,0,83,0,164,255,223,0,0,8,8,139,10,0,0,33,63,76,53,63,28,30,254,5,69,196,211,149,1,53,63,201,254,25,68,129,0,0,10,0,211,149,1,1,0,87,0,53,147,225,0,0,5,0,20,0,7,0,53,63,28,128,254,5,69,196,211,149,1,53,63,201,254,25,68,129,0,0,10,0,211,149,1,1,0,87,0,157,61,226,0,0,5,0,20,0,7,0,53,63,28,133,254,5,69,196,211,149,1,53,63,201,254,25,68,129,0,0,10,0,211,149,1,1,0,83,0,21,232,226,0,0,5,0,20,0,7,0,53,63,28,220,254,5,69,196,211,149,1,53,63,201,254,25,68,129,0,0,10,0,211,149,1,1,0,87,0,37,147,227,0,0,5,0,20,0,7,0,53,63,28,146,254,5,69,196,211,149,1,53,63,201,254,25,68,129,0,0,10,0,211,149,1,1,0,87,0,208,61,228,0,0,5,0,20,0,7,0,53,63,28,206,254,5,69,196,17,195,1,53,63,93,254,28,68,129,0,0,0,4,17,195,2,1,0,87,0,205,137,233,0,0,8,8,140,10,0,0,33,100,76,53,63,28,111,254,5,69,196,17,195,1,53,63,93,254,28,68,129,0,0,0,4,17,195,2,1,0,83,0,2,11,3,0,0,8,8,141,10,0,0,33,153,76,53,63,28,48,254,5,69,196,17,195,1,53,63,93,254,28,68,129,0,0,0,4,17,195,2,1,0,87,0,54,140,12,0,0,8,8,142,10,0,0,33,198,65,53,63,28,217,254,5,69,196,17,195,1,53,63,93,254,28,68,129,0,0,0,4,17,195,2,1,0,91,0,197,6,22,0,0,8,8,143,10,0,0,33,12,52,53,63,28,8,254,5,69,196,17,195,1,53,63,93,254,28,68,129,0,0,0,4,17,195,2,1,0,83,0,93,144,31,0,0,8,8,144,10,0,0,33,200,50,53,63,28,218,254,5,69,196,17,195,1,53,63,93,254,28,68,129,0,0,0,4,17,195,2,1,0,91,0,64,18,41,0,0,8,8,145,10,0,0,33,29,50,53,63,28,175,254,28,68,129,0,0,2,4,140,102,1,1,0,178,0,253,174,42,0,0,8,24,140,10,0,0,41,164,9,140,102,29,27,254,28,68,129,0,0,5,4,140,102,1,1,0,178,0,243,175,42,0,0,8,24,141,10,0,0,33,243,14,140,102,29,74,254,37,68,129,0,0,3,4,140,102,1,1,0,178,0,214,176,42,0,0,17,24,142,10,0,0,41,215,3,20,0,40,255,16,0,41,106,38,140,102,29,194,254,5,69,196,211,149,1,53,63,201,254,31,68,129,0,0,1,0,211,149,1,1,0,87,0,128,254,44,0,0,11,8,21,10,33,0,32,200,32,0,32,30,53,63,28,69,254,5,69,196,211,149,1,53,63,201,254,31,68,129,0,0,1,0,211,149,1,1,0,87,0,252,169,45,0,0,11,8,21,10,33,0,32,200,32,0,32,30,53,63,28,111,254,5,69,196,211,149,1,53,63,201,254,31,68,129,0,0,1,0,211,149,1,1,0,87,0,5,84,46,0,0,11,8,21,10,33,0,32,200,32,0,32,30,53,63,28,104,254,5,69,196,211,149,1,53,63,201,254,31,68,129,0,0,1,0,211,149,1,1,0,87,0,139,255,46,0,0,11,8,21,10,33,0,32,200,32,0,32,30,53,63,28,77,254,5,69,196,211,149,1,53,63,201,254,31,68,129,0,0,1,0,211,149,1,1,0,87,0,61,169,47,0,0,11,8,21,10,33,0,32,200,32,0,32,30,53,63,28,172,254,5,69,196,17,195,1,53,63,93,254,28,68,129,0,0,0,4,17,195,2,1,0,87,0,6,148,50,0,0,8,8,146,10,0,0,33,209,49,53,63,28,180,254,5,69,196,17,195,1,53,63,93,254,28,68,129,0,0,0,4,17,195,2,1,0,87,0,93,14,60,0,0,8,8,147,10,0,0,33,184,49,53,63,28,19,254,5,69,196,17,195,1,53,63,93,254,28,68,129,0,0,0,4,17,195,2,1,0,87,0,162,195,69,0,0,8,8,148,10,0,0,33,209,49,53,63,28,54,254,5,69,196,17,195,1,53,63,93,254,28,68,129,0,0,0,4,17,195,2,1,0,87,0,85,222,88,0,0,8,8,149,10,0,0,33,234,49,53,63,28,251,254,5,69,196,17,195,1,53,63,93,254,28,68,129,0,0,0,4,17,195,2,1,0,87,0,209,97,98,0,0,8,8,150,10,0,0,33,4,50,53,63,28,20,254,28,68,129,0,0,2,4,138,128,1,1,0,94,0,46,8,99,0,0,8,24,213,10,0,0,41,57,9,138,128,29,15,254,28,68,129,0,0,5,4,138,128,1,1,0,91,0,56,9,99,0,0,8,24,214,10,0,0,33,166,15,138,128,29,136,254,37,68,129,0,0,3,4,138,128,1,1,0,91,0,67,10,99,0,0,17,24,215,10,0,0,41,215,3,20,0,40,255,16,0,41,105,38,138,128,29,23,254,5,69,196,17,195,1,53,63,93,254,28,68,129,0,0,0,4,17,195,2,1,0,83,0,119,189,112,0,0,8,8,151,10,0,0,33,234,49,53,63,28,148,254,5,69,196,17,195,1,53,63,93,254,28,68,129,0,0,0,4,17,195,2,1,0,83,0,31,65,122,0,0,8,8,152,10,0,0,33,209,49,53,63,28,62,254,1,100,1,0,100,254,3,68,128,0,1,3,197]
[2026-03-12 13:05:11] debug: 	zh:zstack:unpi:parser: --> parsed 28 - 2 - 4 - 129 - [0,0,0,4,17,195,2,1,0,87,0,150,175,47,0,0,8,8,120,10,0,0,33,68,76,53,63,28] - 0
[2026-03-12 13:05:11] debug: 	zh:zstack:znp: <-- AREQ: AF - incomingMsg - {"groupid":0,"clusterid":1024,"srcaddr":49937,"srcendpoint":2,"dstendpoint":1,"wasbroadcast":0,"linkquality":87,"securityuse":0,"timestamp":3125142,"transseqnumber":0,"len":8,"data":{"type":"Buffer","data":[8,120,10,0,0,33,68,76]}}
[2026-03-12 13:05:11] debug: 	zh:controller: Received payload: clusterID=1024, address=49937, groupID=0, endpoint=2, destinationEndpoint=1, wasBroadcast=false, linkQuality=87, frame={"header":{"frameControl":{"frameType":0,"manufacturerSpecific":false,"direction":1,"disableDefaultResponse":false,"reservedBits":0},"transactionSequenceNumber":120,"commandIdentifier":10},"payload":[{"attrId":0,"dataType":33,"attrData":19524}],"command":{"ID":10,"name":"report","parameters":[{"name":"attrId","type":9},{"name":"dataType","type":8},{"name":"attrData","type":1000}]}}
[2026-03-12 13:05:11] debug: 	zh:controller:endpoint: ZCL command 0x001788010916738d/2 msIlluminanceMeasurement.defaultRsp({"cmdId":10,"statusCode":0}, {"timeout":10000,"disableResponse":false,"disableRecovery":false,"disableDefaultResponse":true,"direction":1,"reservedBits":0,"transactionSequenceNumber":120,"writeUndiv":false})
[2026-03-12 13:05:11] debug: 	zh:zstack:unpi:parser: --- parseNext [254,5,69,196,17,195,1,53,63,93,254,28,68,129,0,0,0,4,17,195,2,1,0,87,0,245,56,57,0,0,8,8,121,10,0,0,33,73,76,53,63,28,238,254,5,69,196,17,195,1,53,63,93,254,28,68,129,0,0,0,4,17,195,2,1,0,87,0,23,187,66,0,0,8,8,122,10,0,0,33,68,76,53,63,28,250,254,5,69,196,17,195,1,53,63,93,254,28,68,129,0,0,0,4,17,195,2,1,0,83,0,168,60,76,0,0,8,8,123,10,0,0,33,210,75,53,63,28,88,254,5,69,196,17,195,1,53,63,93,254,28,68,129,0,0,0,4,17,195,2,1,0,87,0,109,190,85,0,0,8,8,124,10,0,0,33,57,76,53,63,28,233,254,5,69,196,17,195,1,53,63,93,254,28,68,129,0,0,0,4,17,195,2,1,0,83,0,47,64,95,0,0,8,8,125,10,0,0,33,59,74,53,63,28,94,254,5,69,196,17,195,1,53,63,93,254,28,68,129,0,0,2,4,17,195,2,1,0,91,0,41,180,100,0,0,8,8,126,10,0,0,41,199,8,53,63,28,40,254,5,69,196,17,195,1,53,63,93,254,28,68,129,0,0,0,4,17,195,2,1,0,91,0,126,186,104,0,0,8,8,127,10,0,0,33,79,73,53,63,28,191,254,5,69,196,17,195,1,53,63,93,254,28,68,129,0,0,0,4,17,195,2,1,0,83,0,141,52,114,0,0,8,8,128,10,0,0,33,31,75,53,63,28,125,254,5,69,196,17,195,1,53,63,93,254,28,68,129,0,0,0,4,17,195,2,1,0,87,0,166,174,123,0,0,8,8,129,10,0,0,33,9,76,53,63,28,209,254,5,69,196,17,195,1,53,63,93,254,28,68,129,0,0,0,4,17,195,2,1,0,87,0,137,56,133,0,0,8,8,130,10,0,0,33,4,76,53,63,28,152,254,5,69,196,17,195,1,53,63,93,254,28,68,129,0,0,0,4,17,195,2,1,0,91,0,117,178,142,0,0,8,8,131,10,0,0,33,9,76,53,63,28,229,254,5,69,196,17,195,1,53,63,93,254,28,68,129,0,0,0,4,17,195,2,1,0,87,0,233,44,152,0,0,8,8,132,10,0,0,33,14,76,53,63,28,253,254,32,68,129,0,0,25,0,53,63,1,13,0,87,0,237,150,155,0,0,12,1,91,1,0,102,17,32,1,48,106,2,32,53,63,29,35,254,32,68,129,0,0,25,0,53,63,1,13,0,87,0,132,121,158,0,0,12,1,92,1,0,102,17,32,1,48,106,2,32,53,63,29,167,254,32,68,129,0,0,25,0,53,63,1,13,0,87,0,227,91,161,0,0,12,1,93,1,0,102,17,32,1,48,106,2,32,53,63,29,220,254,32,68,129,0,0,25,0,53,63,1,13,0,83,0,65,62,164,0,0,12,1,94,1,0,102,17,32,1,48,106,2,32,53,63,29,25,254,5,69,196,17,195,1,53,63,93,254,28,68,129,0,0,0,4,17,195,2,1,0,87,0,36,220,166,0,0,8,8,133,10,0,0,33,9,76,53,63,28,248,254,32,68,129,0,0,25,0,53,63,1,13,0,83,0,2,32,167,0,0,12,1,95,1,0,102,17,32,1,48,106,2,32,53,63,29,70,254,5,69,196,211,149,1,53,63,201,254,27,68,129,0,0,1,0,211,149,1,1,0,87,0,4,194,170,0,0,7,24,19,10,33,0,32,200,53,63,28,123,254,5,69,196,17,195,1,53,63,93,254,28,68,129,0,0,0,4,17,195,2,1,0,87,0,183,95,176,0,0,8,8,134,10,0,0,33,14,76,53,63,28,250,254,5,69,196,17,195,1,53,63,93,254,28,68,129,0,0,0,4,17,195,2,1,0,83,0,86,233,185,0,0,8,8,135,10,0,0,33,20,76,53,63,28,187,254,5,69,196,17,195,1,53,63,93,254,28,68,129,0,0,0,4,17,195,2,1,0,87,0,144,114,195,0,0,8,8,136,10,0,0,33,25,76,53,63,28,154,254,5,69,196,17,195,1,53,63,93,254,28,68,129,0,0,0,4,17,195,2,1,0,87,0,168,244,204,0,0,8,8,137,10,0,0,33,36,76,53,63,28,23,254,5,69,196,17,195,1,53,63,93,254,28,68,129,0,0,0,4,17,195,2,1,0,91,0,97,118,214,0,0,8,8,138,10,0,0,33,47,76,53,63,28,66,254,5,69,196,17,195,1,53,63,93,254,28,68,129,0,0,0,4,17,195,2,1,0,83,0,164,255,223,0,0,8,8,139,10,0,0,33,63,76,53,63,28,30,254,5,69,196,211,149,1,53,63,201,254,25,68,129,0,0,10,0,211,149,1,1,0,87,0,53,147,225,0,0,5,0,20,0,7,0,53,63,28,128,254,5,69,196,211,149,1,53,63,201,254,25,68,129,0,0,10,0,211,149,1,1,0,87,0,157,61,226,0,0,5,0,20,0,7,0,53,63,28,133,254,5,69,196,211,149,1,53,63,201,254,25,68,129,0,0,10,0,211,149,1,1,0,83,0,21,232,226,0,0,5,0,20,0,7,0,53,63,28,220,254,5,69,196,211,149,1,53,63,201,254,25,68,129,0,0,10,0,211,149,1,1,0,87,0,37,147,227,0,0,5,0,20,0,7,0,53,63,28,146,254,5,69,196,211,149,1,53,63,201,254,25,68,129,0,0,10,0,211,149,1,1,0,87,0,208,61,228,0,0,5,0,20,0,7,0,53,63,28,206,254,5,69,196,17,195,1,53,63,93,254,28,68,129,0,0,0,4,17,195,2,1,0,87,0,205,137,233,0,0,8,8,140,10,0,0,33,100,76,53,63,28,111,254,5,69,196,17,195,1,53,63,93,254,28,68,129,0,0,0,4,17,195,2,1,0,83,0,2,11,3,0,0,8,8,141,10,0,0,33,153,76,53,63,28,48,254,5,69,196,17,195,1,53,63,93,254,28,68,129,0,0,0,4,17,195,2,1,0,87,0,54,140,12,0,0,8,8,142,10,0,0,33,198,65,53,63,28,217,254,5,69,196,17,195,1,53,63,93,254,28,68,129,0,0,0,4,17,195,2,1,0,91,0,197,6,22,0,0,8,8,143,10,0,0,33,12,52,53,63,28,8,254,5,69,196,17,195,1,53,63,93,254,28,68,129,0,0,0,4,17,195,2,1,0,83,0,93,144,31,0,0,8,8,144,10,0,0,33,200,50,53,63,28,218,254,5,69,196,17,195,1,53,63,93,254,28,68,129,0,0,0,4,17,195,2,1,0,91,0,64,18,41,0,0,8,8,145,10,0,0,33,29,50,53,63,28,175,254,28,68,129,0,0,2,4,140,102,1,1,0,178,0,253,174,42,0,0,8,24,140,10,0,0,41,164,9,140,102,29,27,254,28,68,129,0,0,5,4,140,102,1,1,0,178,0,243,175,42,0,0,8,24,141,10,0,0,33,243,14,140,102,29,74,254,37,68,129,0,0,3,4,140,102,1,1,0,178,0,214,176,42,0,0,17,24,142,10,0,0,41,215,3,20,0,40,255,16,0,41,106,38,140,102,29,194,254,5,69,196,211,149,1,53,63,201,254,31,68,129,0,0,1,0,211,149,1,1,0,87,0,128,254,44,0,0,11,8,21,10,33,0,32,200,32,0,32,30,53,63,28,69,254,5,69,196,211,149,1,53,63,201,254,31,68,129,0,0,1,0,211,149,1,1,0,87,0,252,169,45,0,0,11,8,21,10,33,0,32,200,32,0,32,30,53,63,28,111,254,5,69,196,211,149,1,53,63,201,254,31,68,129,0,0,1,0,211,149,1,1,0,87,0,5,84,46,0,0,11,8,21,10,33,0,32,200,32,0,32,30,53,63,28,104,254,5,69,196,211,149,1,53,63,201,254,31,68,129,0,0,1,0,211,149,1,1,0,87,0,139,255,46,0,0,11,8,21,10,33,0,32,200,32,0,32,30,53,63,28,77,254,5,69,196,211,149,1,53,63,201,254,31,68,129,0,0,1,0,211,149,1,1,0,87,0,61,169,47,0,0,11,8,21,10,33,0,32,200,32,0,32,30,53,63,28,172,254,5,69,196,17,195,1,53,63,93,254,28,68,129,0,0,0,4,17,195,2,1,0,87,0,6,148,50,0,0,8,8,146,10,0,0,33,209,49,53,63,28,180,254,5,69,196,17,195,1,53,63,93,254,28,68,129,0,0,0,4,17,195,2,1,0,87,0,93,14,60,0,0,8,8,147,10,0,0,33,184,49,53,63,28,19,254,5,69,196,17,195,1,53,63,93,254,28,68,129,0,0,0,4,17,195,2,1,0,87,0,162,195,69,0,0,8,8,148,10,0,0,33,209,49,53,63,28,54,254,5,69,196,17,195,1,53,63,93,254,28,68,129,0,0,0,4,17,195,2,1,0,87,0,85,222,88,0,0,8,8,149,10,0,0,33,234,49,53,63,28,251,254,5,69,196,17,195,1,53,63,93,254,28,68,129,0,0,0,4,17,195,2,1,0,87,0,209,97,98,0,0,8,8,150,10,0,0,33,4,50,53,63,28,20,254,28,68,129,0,0,2,4,138,128,1,1,0,94,0,46,8,99,0,0,8,24,213,10,0,0,41,57,9,138,128,29,15,254,28,68,129,0,0,5,4,138,128,1,1,0,91,0,56,9,99,0,0,8,24,214,10,0,0,33,166,15,138,128,29,136,254,37,68,129,0,0,3,4,138,128,1,1,0,91,0,67,10,99,0,0,17,24,215,10,0,0,41,215,3,20,0,40,255,16,0,41,105,38,138,128,29,23,254,5,69,196,17,195,1,53,63,93,254,28,68,129,0,0,0,4,17,195,2,1,0,83,0,119,189,112,0,0,8,8,151,10,0,0,33,234,49,53,63,28,148,254,5,69,196,17,195,1,53,63,93,254,28,68,129,0,0,0,4,17,195,2,1,0,83,0,31,65,122,0,0,8,8,152,10,0,0,33,209,49,53,63,28,62,254,1,100,1,0,100,254,3,68,128,0,1,3,197]
[2026-03-12 13:05:11] debug: 	zh:zstack:unpi:parser: --> parsed 5 - 2 - 5 - 196 - [17,195,1,53,63] - 93
[2026-03-12 13:05:11] debug: 	zh:zstack:znp: <-- AREQ: ZDO - srcRtgInd
[2026-03-12 13:05:11] debug: 	zh:zstack:unpi:parser: --- parseNext [254,28,68,129,0,0,0,4,17,195,2,1,0,87,0,245,56,57,0,0,8,8,121,10,0,0,33,73,76,53,63,28,238,254,5,69,196,17,195,1,53,63,93,254,28,68,129,0,0,0,4,17,195,2,1,0,87,0,23,187,66,0,0,8,8,122,10,0,0,33,68,76,53,63,28,250,254,5,69,196,17,195,1,53,63,93,254,28,68,129,0,0,0,4,17,195,2,1,0,83,0,168,60,76,0,0,8,8,123,10,0,0,33,210,75,53,63,28,88,254,5,69,196,17,195,1,53,63,93,254,28,68,129,0,0,0,4,17,195,2,1,0,87,0,109,190,85,0,0,8,8,124,10,0,0,33,57,76,53,63,28,233,254,5,69,196,17,195,1,53,63,93,254,28,68,129,0,0,0,4,17,195,2,1,0,83,0,47,64,95,0,0,8,8,125,10,0,0,33,59,74,53,63,28,94,254,5,69,196,17,195,1,53,63,93,254,28,68,129,0,0,2,4,17,195,2,1,0,91,0,41,180,100,0,0,8,8,126,10,0,0,41,199,8,53,63,28,40,254,5,69,196,17,195,1,53,63,93,254,28,68,129,0,0,0,4,17,195,2,1,0,91,0,126,186,104,0,0,8,8,127,10,0,0,33,79,73,53,63,28,191,254,5,69,196,17,195,1,53,63,93,254,28,68,129,0,0,0,4,17,195,2,1,0,83,0,141,52,114,0,0,8,8,128,10,0,0,33,31,75,53,63,28,125,254,5,69,196,17,195,1,53,63,93,254,28,68,129,0,0,0,4,17,195,2,1,0,87,0,166,174,123,0,0,8,8,129,10,0,0,33,9,76,53,63,28,209,254,5,69,196,17,195,1,53,63,93,254,28,68,129,0,0,0,4,17,195,2,1,0,87,0,137,56,133,0,0,8,8,130,10,0,0,33,4,76,53,63,28,152,254,5,69,196,17,195,1,53,63,93,254,28,68,129,0,0,0,4,17,195,2,1,0,91,0,117,178,142,0,0,8,8,131,10,0,0,33,9,76,53,63,28,229,254,5,69,196,17,195,1,53,63,93,254,28,68,129,0,0,0,4,17,195,2,1,0,87,0,233,44,152,0,0,8,8,132,10,0,0,33,14,76,53,63,28,253,254,32,68,129,0,0,25,0,53,63,1,13,0,87,0,237,150,155,0,0,12,1,91,1,0,102,17,32,1,48,106,2,32,53,63,29,35,254,32,68,129,0,0,25,0,53,63,1,13,0,87,0,132,121,158,0,0,12,1,92,1,0,102,17,32,1,48,106,2,32,53,63,29,167,254,32,68,129,0,0,25,0,53,63,1,13,0,87,0,227,91,161,0,0,12,1,93,1,0,102,17,32,1,48,106,2,32,53,63,29,220,254,32,68,129,0,0,25,0,53,63,1,13,0,83,0,65,62,164,0,0,12,1,94,1,0,102,17,32,1,48,106,2,32,53,63,29,25,254,5,69,196,17,195,1,53,63,93,254,28,68,129,0,0,0,4,17,195,2,1,0,87,0,36,220,166,0,0,8,8,133,10,0,0,33,9,76,53,63,28,248,254,32,68,129,0,0,25,0,53,63,1,13,0,83,0,2,32,167,0,0,12,1,95,1,0,102,17,32,1,48,106,2,32,53,63,29,70,254,5,69,196,211,149,1,53,63,201,254,27,68,129,0,0,1,0,211,149,1,1,0,87,0,4,194,170,0,0,7,24,19,10,33,0,32,200,53,63,28,123,254,5,69,196,17,195,1,53,63,93,254,28,68,129,0,0,0,4,17,195,2,1,0,87,0,183,95,176,0,0,8,8,134,10,0,0,33,14,76,53,63,28,250,254,5,69,196,17,195,1,53,63,93,254,28,68,129,0,0,0,4,17,195,2,1,0,83,0,86,233,185,0,0,8,8,135,10,0,0,33,20,76,53,63,28,187,254,5,69,196,17,195,1,53,63,93,254,28,68,129,0,0,0,4,17,195,2,1,0,87,0,144,114,195,0,0,8,8,136,10,0,0,33,25,76,53,63,28,154,254,5,69,196,17,195,1,53,63,93,254,28,68,129,0,0,0,4,17,195,2,1,0,87,0,168,244,204,0,0,8,8,137,10,0,0,33,36,76,53,63,28,23,254,5,69,196,17,195,1,53,63,93,254,28,68,129,0,0,0,4,17,195,2,1,0,91,0,97,118,214,0,0,8,8,138,10,0,0,33,47,76,53,63,28,66,254,5,69,196,17,195,1,53,63,93,254,28,68,129,0,0,0,4,17,195,2,1,0,83,0,164,255,223,0,0,8,8,139,10,0,0,33,63,76,53,63,28,30,254,5,69,196,211,149,1,53,63,201,254,25,68,129,0,0,10,0,211,149,1,1,0,87,0,53,147,225,0,0,5,0,20,0,7,0,53,63,28,128,254,5,69,196,211,149,1,53,63,201,254,25,68,129,0,0,10,0,211,149,1,1,0,87,0,157,61,226,0,0,5,0,20,0,7,0,53,63,28,133,254,5,69,196,211,149,1,53,63,201,254,25,68,129,0,0,10,0,211,149,1,1,0,83,0,21,232,226,0,0,5,0,20,0,7,0,53,63,28,220,254,5,69,196,211,149,1,53,63,201,254,25,68,129,0,0,10,0,211,149,1,1,0,87,0,37,147,227,0,0,5,0,20,0,7,0,53,63,28,146,254,5,69,196,211,149,1,53,63,201,254,25,68,129,0,0,10,0,211,149,1,1,0,87,0,208,61,228,0,0,5,0,20,0,7,0,53,63,28,206,254,5,69,196,17,195,1,53,63,93,254,28,68,129,0,0,0,4,17,195,2,1,0,87,0,205,137,233,0,0,8,8,140,10,0,0,33,100,76,53,63,28,111,254,5,69,196,17,195,1,53,63,93,254,28,68,129,0,0,0,4,17,195,2,1,0,83,0,2,11,3,0,0,8,8,141,10,0,0,33,153,76,53,63,28,48,254,5,69,196,17,195,1,53,63,93,254,28,68,129,0,0,0,4,17,195,2,1,0,87,0,54,140,12,0,0,8,8,142,10,0,0,33,198,65,53,63,28,217,254,5,69,196,17,195,1,53,63,93,254,28,68,129,0,0,0,4,17,195,2,1,0,91,0,197,6,22,0,0,8,8,143,10,0,0,33,12,52,53,63,28,8,254,5,69,196,17,195,1,53,63,93,254,28,68,129,0,0,0,4,17,195,2,1,0,83,0,93,144,31,0,0,8,8,144,10,0,0,33,200,50,53,63,28,218,254,5,69,196,17,195,1,53,63,93,254,28,68,129,0,0,0,4,17,195,2,1,0,91,0,64,18,41,0,0,8,8,145,10,0,0,33,29,50,53,63,28,175,254,28,68,129,0,0,2,4,140,102,1,1,0,178,0,253,174,42,0,0,8,24,140,10,0,0,41,164,9,140,102,29,27,254,28,68,129,0,0,5,4,140,102,1,1,0,178,0,243,175,42,0,0,8,24,141,10,0,0,33,243,14,140,102,29,74,254,37,68,129,0,0,3,4,140,102,1,1,0,178,0,214,176,42,0,0,17,24,142,10,0,0,41,215,3,20,0,40,255,16,0,41,106,38,140,102,29,194,254,5,69,196,211,149,1,53,63,201,254,31,68,129,0,0,1,0,211,149,1,1,0,87,0,128,254,44,0,0,11,8,21,10,33,0,32,200,32,0,32,30,53,63,28,69,254,5,69,196,211,149,1,53,63,201,254,31,68,129,0,0,1,0,211,149,1,1,0,87,0,252,169,45,0,0,11,8,21,10,33,0,32,200,32,0,32,30,53,63,28,111,254,5,69,196,211,149,1,53,63,201,254,31,68,129,0,0,1,0,211,149,1,1,0,87,0,5,84,46,0,0,11,8,21,10,33,0,32,200,32,0,32,30,53,63,28,104,254,5,69,196,211,149,1,53,63,201,254,31,68,129,0,0,1,0,211,149,1,1,0,87,0,139,255,46,0,0,11,8,21,10,33,0,32,200,32,0,32,30,53,63,28,77,254,5,69,196,211,149,1,53,63,201,254,31,68,129,0,0,1,0,211,149,1,1,0,87,0,61,169,47,0,0,11,8,21,10,33,0,32,200,32,0,32,30,53,63,28,172,254,5,69,196,17,195,1,53,63,93,254,28,68,129,0,0,0,4,17,195,2,1,0,87,0,6,148,50,0,0,8,8,146,10,0,0,33,209,49,53,63,28,180,254,5,69,196,17,195,1,53,63,93,254,28,68,129,0,0,0,4,17,195,2,1,0,87,0,93,14,60,0,0,8,8,147,10,0,0,33,184,49,53,63,28,19,254,5,69,196,17,195,1,53,63,93,254,28,68,129,0,0,0,4,17,195,2,1,0,87,0,162,195,69,0,0,8,8,148,10,0,0,33,209,49,53,63,28,54,254,5,69,196,17,195,1,53,63,93,254,28,68,129,0,0,0,4,17,195,2,1,0,87,0,85,222,88,0,0,8,8,149,10,0,0,33,234,49,53,63,28,251,254,5,69,196,17,195,1,53,63,93,254,28,68,129,0,0,0,4,17,195,2,1,0,87,0,209,97,98,0,0,8,8,150,10,0,0,33,4,50,53,63,28,20,254,28,68,129,0,0,2,4,138,128,1,1,0,94,0,46,8,99,0,0,8,24,213,10,0,0,41,57,9,138,128,29,15,254,28,68,129,0,0,5,4,138,128,1,1,0,91,0,56,9,99,0,0,8,24,214,10,0,0,33,166,15,138,128,29,136,254,37,68,129,0,0,3,4,138,128,1,1,0,91,0,67,10,99,0,0,17,24,215,10,0,0,41,215,3,20,0,40,255,16,0,41,105,38,138,128,29,23,254,5,69,196,17,195,1,53,63,93,254,28,68,129,0,0,0,4,17,195,2,1,0,83,0,119,189,112,0,0,8,8,151,10,0,0,33,234,49,53,63,28,148,254,5,69,196,17,195,1,53,63,93,254,28,68,129,0,0,0,4,17,195,2,1,0,83,0,31,65,122,0,0,8,8,152,10,0,0,33,209,49,53,63,28,62,254,1,100,1,0,100,254,3,68,128,0,1,3,197]
[2026-03-12 13:05:11] debug: 	zh:zstack:unpi:parser: --> parsed 28 - 2 - 4 - 129 - [0,0,0,4,17,195,2,1,0,87,0,245,56,57,0,0,8,8,121,10,0,0,33,73,76,53,63,28] - 238
[2026-03-12 13:05:11] debug: 	zh:zstack:znp: <-- AREQ: AF - incomingMsg - {"groupid":0,"clusterid":1024,"srcaddr":49937,"srcendpoint":2,"dstendpoint":1,"wasbroadcast":0,"linkquality":87,"securityuse":0,"timestamp":3750133,"transseqnumber":0,"len":8,"data":{"type":"Buffer","data":[8,121,10,0,0,33,73,76]}}
[2026-03-12 13:05:11] debug: 	zh:controller: Received payload: clusterID=1024, address=49937, groupID=0, endpoint=2, destinationEndpoint=1, wasBroadcast=false, linkQuality=87, frame={"header":{"frameControl":{"frameType":0,"manufacturerSpecific":false,"direction":1,"disableDefaultResponse":false,"reservedBits":0},"transactionSequenceNumber":121,"commandIdentifier":10},"payload":[{"attrId":0,"dataType":33,"attrData":19529}],"command":{"ID":10,"name":"report","parameters":[{"name":"attrId","type":9},{"name":"dataType","type":8},{"name":"attrData","type":1000}]}}
[2026-03-12 13:05:11] debug: 	zh:controller:endpoint: ZCL command 0x001788010916738d/2 msIlluminanceMeasurement.defaultRsp({"cmdId":10,"statusCode":0}, {"timeout":10000,"disableResponse":false,"disableRecovery":false,"disableDefaultResponse":true,"direction":1,"reservedBits":0,"transactionSequenceNumber":121,"writeUndiv":false})
[2026-03-12 13:05:11] debug: 	zh:zstack:unpi:parser: --- parseNext [254,5,69,196,17,195,1,53,63,93,254,28,68,129,0,0,0,4,17,195,2,1,0,87,0,23,187,66,0,0,8,8,122,10,0,0,33,68,76,53,63,28,250,254,5,69,196,17,195,1,53,63,93,254,28,68,129,0,0,0,4,17,195,2,1,0,83,0,168,60,76,0,0,8,8,123,10,0,0,33,210,75,53,63,28,88,254,5,69,196,17,195,1,53,63,93,254,28,68,129,0,0,0,4,17,195,2,1,0,87,0,109,190,85,0,0,8,8,124,10,0,0,33,57,76,53,63,28,233,254,5,69,196,17,195,1,53,63,93,254,28,68,129,0,0,0,4,17,195,2,1,0,83,0,47,64,95,0,0,8,8,125,10,0,0,33,59,74,53,63,28,94,254,5,69,196,17,195,1,53,63,93,254,28,68,129,0,0,2,4,17,195,2,1,0,91,0,41,180,100,0,0,8,8,126,10,0,0,41,199,8,53,63,28,40,254,5,69,196,17,195,1,53,63,93,254,28,68,129,0,0,0,4,17,195,2,1,0,91,0,126,186,104,0,0,8,8,127,10,0,0,33,79,73,53,63,28,191,254,5,69,196,17,195,1,53,63,93,254,28,68,129,0,0,0,4,17,195,2,1,0,83,0,141,52,114,0,0,8,8,128,10,0,0,33,31,75,53,63,28,125,254,5,69,196,17,195,1,53,63,93,254,28,68,129,0,0,0,4,17,195,2,1,0,87,0,166,174,123,0,0,8,8,129,10,0,0,33,9,76,53,63,28,209,254,5,69,196,17,195,1,53,63,93,254,28,68,129,0,0,0,4,17,195,2,1,0,87,0,137,56,133,0,0,8,8,130,10,0,0,33,4,76,53,63,28,152,254,5,69,196,17,195,1,53,63,93,254,28,68,129,0,0,0,4,17,195,2,1,0,91,0,117,178,142,0,0,8,8,131,10,0,0,33,9,76,53,63,28,229,254,5,69,196,17,195,1,53,63,93,254,28,68,129,0,0,0,4,17,195,2,1,0,87,0,233,44,152,0,0,8,8,132,10,0,0,33,14,76,53,63,28,253,254,32,68,129,0,0,25,0,53,63,1,13,0,87,0,237,150,155,0,0,12,1,91,1,0,102,17,32,1,48,106,2,32,53,63,29,35,254,32,68,129,0,0,25,0,53,63,1,13,0,87,0,132,121,158,0,0,12,1,92,1,0,102,17,32,1,48,106,2,32,53,63,29,167,254,32,68,129,0,0,25,0,53,63,1,13,0,87,0,227,91,161,0,0,12,1,93,1,0,102,17,32,1,48,106,2,32,53,63,29,220,254,32,68,129,0,0,25,0,53,63,1,13,0,83,0,65,62,164,0,0,12,1,94,1,0,102,17,32,1,48,106,2,32,53,63,29,25,254,5,69,196,17,195,1,53,63,93,254,28,68,129,0,0,0,4,17,195,2,1,0,87,0,36,220,166,0,0,8,8,133,10,0,0,33,9,76,53,63,28,248,254,32,68,129,0,0,25,0,53,63,1,13,0,83,0,2,32,167,0,0,12,1,95,1,0,102,17,32,1,48,106,2,32,53,63,29,70,254,5,69,196,211,149,1,53,63,201,254,27,68,129,0,0,1,0,211,149,1,1,0,87,0,4,194,170,0,0,7,24,19,10,33,0,32,200,53,63,28,123,254,5,69,196,17,195,1,53,63,93,254,28,68,129,0,0,0,4,17,195,2,1,0,87,0,183,95,176,0,0,8,8,134,10,0,0,33,14,76,53,63,28,250,254,5,69,196,17,195,1,53,63,93,254,28,68,129,0,0,0,4,17,195,2,1,0,83,0,86,233,185,0,0,8,8,135,10,0,0,33,20,76,53,63,28,187,254,5,69,196,17,195,1,53,63,93,254,28,68,129,0,0,0,4,17,195,2,1,0,87,0,144,114,195,0,0,8,8,136,10,0,0,33,25,76,53,63,28,154,254,5,69,196,17,195,1,53,63,93,254,28,68,129,0,0,0,4,17,195,2,1,0,87,0,168,244,204,0,0,8,8,137,10,0,0,33,36,76,53,63,28,23,254,5,69,196,17,195,1,53,63,93,254,28,68,129,0,0,0,4,17,195,2,1,0,91,0,97,118,214,0,0,8,8,138,10,0,0,33,47,76,53,63,28,66,254,5,69,196,17,195,1,53,63,93,254,28,68,129,0,0,0,4,17,195,2,1,0,83,0,164,255,223,0,0,8,8,139,10,0,0,33,63,76,53,63,28,30,254,5,69,196,211,149,1,53,63,201,254,25,68,129,0,0,10,0,211,149,1,1,0,87,0,53,147,225,0,0,5,0,20,0,7,0,53,63,28,128,254,5,69,196,211,149,1,53,63,201,254,25,68,129,0,0,10,0,211,149,1,1,0,87,0,157,61,226,0,0,5,0,20,0,7,0,53,63,28,133,254,5,69,196,211,149,1,53,63,201,254,25,68,129,0,0,10,0,211,149,1,1,0,83,0,21,232,226,0,0,5,0,20,0,7,0,53,63,28,220,254,5,69,196,211,149,1,53,63,201,254,25,68,129,0,0,10,0,211,149,1,1,0,87,0,37,147,227,0,0,5,0,20,0,7,0,53,63,28,146,254,5,69,196,211,149,1,53,63,201,254,25,68,129,0,0,10,0,211,149,1,1,0,87,0,208,61,228,0,0,5,0,20,0,7,0,53,63,28,206,254,5,69,196,17,195,1,53,63,93,254,28,68,129,0,0,0,4,17,195,2,1,0,87,0,205,137,233,0,0,8,8,140,10,0,0,33,100,76,53,63,28,111,254,5,69,196,17,195,1,53,63,93,254,28,68,129,0,0,0,4,17,195,2,1,0,83,0,2,11,3,0,0,8,8,141,10,0,0,33,153,76,53,63,28,48,254,5,69,196,17,195,1,53,63,93,254,28,68,129,0,0,0,4,17,195,2,1,0,87,0,54,140,12,0,0,8,8,142,10,0,0,33,198,65,53,63,28,217,254,5,69,196,17,195,1,53,63,93,254,28,68,129,0,0,0,4,17,195,2,1,0,91,0,197,6,22,0,0,8,8,143,10,0,0,33,12,52,53,63,28,8,254,5,69,196,17,195,1,53,63,93,254,28,68,129,0,0,0,4,17,195,2,1,0,83,0,93,144,31,0,0,8,8,144,10,0,0,33,200,50,53,63,28,218,254,5,69,196,17,195,1,53,63,93,254,28,68,129,0,0,0,4,17,195,2,1,0,91,0,64,18,41,0,0,8,8,145,10,0,0,33,29,50,53,63,28,175,254,28,68,129,0,0,2,4,140,102,1,1,0,178,0,253,174,42,0,0,8,24,140,10,0,0,41,164,9,140,102,29,27,254,28,68,129,0,0,5,4,140,102,1,1,0,178,0,243,175,42,0,0,8,24,141,10,0,0,33,243,14,140,102,29,74,254,37,68,129,0,0,3,4,140,102,1,1,0,178,0,214,176,42,0,0,17,24,142,10,0,0,41,215,3,20,0,40,255,16,0,41,106,38,140,102,29,194,254,5,69,196,211,149,1,53,63,201,254,31,68,129,0,0,1,0,211,149,1,1,0,87,0,128,254,44,0,0,11,8,21,10,33,0,32,200,32,0,32,30,53,63,28,69,254,5,69,196,211,149,1,53,63,201,254,31,68,129,0,0,1,0,211,149,1,1,0,87,0,252,169,45,0,0,11,8,21,10,33,0,32,200,32,0,32,30,53,63,28,111,254,5,69,196,211,149,1,53,63,201,254,31,68,129,0,0,1,0,211,149,1,1,0,87,0,5,84,46,0,0,11,8,21,10,33,0,32,200,32,0,32,30,53,63,28,104,254,5,69,196,211,149,1,53,63,201,254,31,68,129,0,0,1,0,211,149,1,1,0,87,0,139,255,46,0,0,11,8,21,10,33,0,32,200,32,0,32,30,53,63,28,77,254,5,69,196,211,149,1,53,63,201,254,31,68,129,0,0,1,0,211,149,1,1,0,87,0,61,169,47,0,0,11,8,21,10,33,0,32,200,32,0,32,30,53,63,28,172,254,5,69,196,17,195,1,53,63,93,254,28,68,129,0,0,0,4,17,195,2,1,0,87,0,6,148,50,0,0,8,8,146,10,0,0,33,209,49,53,63,28,180,254,5,69,196,17,195,1,53,63,93,254,28,68,129,0,0,0,4,17,195,2,1,0,87,0,93,14,60,0,0,8,8,147,10,0,0,33,184,49,53,63,28,19,254,5,69,196,17,195,1,53,63,93,254,28,68,129,0,0,0,4,17,195,2,1,0,87,0,162,195,69,0,0,8,8,148,10,0,0,33,209,49,53,63,28,54,254,5,69,196,17,195,1,53,63,93,254,28,68,129,0,0,0,4,17,195,2,1,0,87,0,85,222,88,0,0,8,8,149,10,0,0,33,234,49,53,63,28,251,254,5,69,196,17,195,1,53,63,93,254,28,68,129,0,0,0,4,17,195,2,1,0,87,0,209,97,98,0,0,8,8,150,10,0,0,33,4,50,53,63,28,20,254,28,68,129,0,0,2,4,138,128,1,1,0,94,0,46,8,99,0,0,8,24,213,10,0,0,41,57,9,138,128,29,15,254,28,68,129,0,0,5,4,138,128,1,1,0,91,0,56,9,99,0,0,8,24,214,10,0,0,33,166,15,138,128,29,136,254,37,68,129,0,0,3,4,138,128,1,1,0,91,0,67,10,99,0,0,17,24,215,10,0,0,41,215,3,20,0,40,255,16,0,41,105,38,138,128,29,23,254,5,69,196,17,195,1,53,63,93,254,28,68,129,0,0,0,4,17,195,2,1,0,83,0,119,189,112,0,0,8,8,151,10,0,0,33,234,49,53,63,28,148,254,5,69,196,17,195,1,53,63,93,254,28,68,129,0,0,0,4,17,195,2,1,0,83,0,31,65,122,0,0,8,8,152,10,0,0,33,209,49,53,63,28,62,254,1,100,1,0,100,254,3,68,128,0,1,3,197]
[2026-03-12 13:05:11] debug: 	zh:zstack:unpi:parser: --> parsed 5 - 2 - 5 - 196 - [17,195,1,53,63] - 93
[2026-03-12 13:05:11] debug: 	zh:zstack:znp: <-- AREQ: ZDO - srcRtgInd
[2026-03-12 13:05:11] debug: 	zh:zstack:unpi:parser: --- parseNext [254,28,68,129,0,0,0,4,17,195,2,1,0,87,0,23,187,66,0,0,8,8,122,10,0,0,33,68,76,53,63,28,250,254,5,69,196,17,195,1,53,63,93,254,28,68,129,0,0,0,4,17,195,2,1,0,83,0,168,60,76,0,0,8,8,123,10,0,0,33,210,75,53,63,28,88,254,5,69,196,17,195,1,53,63,93,254,28,68,129,0,0,0,4,17,195,2,1,0,87,0,109,190,85,0,0,8,8,124,10,0,0,33,57,76,53,63,28,233,254,5,69,196,17,195,1,53,63,93,254,28,68,129,0,0,0,4,17,195,2,1,0,83,0,47,64,95,0,0,8,8,125,10,0,0,33,59,74,53,63,28,94,254,5,69,196,17,195,1,53,63,93,254,28,68,129,0,0,2,4,17,195,2,1,0,91,0,41,180,100,0,0,8,8,126,10,0,0,41,199,8,53,63,28,40,254,5,69,196,17,195,1,53,63,93,254,28,68,129,0,0,0,4,17,195,2,1,0,91,0,126,186,104,0,0,8,8,127,10,0,0,33,79,73,53,63,28,191,254,5,69,196,17,195,1,53,63,93,254,28,68,129,0,0,0,4,17,195,2,1,0,83,0,141,52,114,0,0,8,8,128,10,0,0,33,31,75,53,63,28,125,254,5,69,196,17,195,1,53,63,93,254,28,68,129,0,0,0,4,17,195,2,1,0,87,0,166,174,123,0,0,8,8,129,10,0,0,33,9,76,53,63,28,209,254,5,69,196,17,195,1,53,63,93,254,28,68,129,0,0,0,4,17,195,2,1,0,87,0,137,56,133,0,0,8,8,130,10,0,0,33,4,76,53,63,28,152,254,5,69,196,17,195,1,53,63,93,254,28,68,129,0,0,0,4,17,195,2,1,0,91,0,117,178,142,0,0,8,8,131,10,0,0,33,9,76,53,63,28,229,254,5,69,196,17,195,1,53,63,93,254,28,68,129,0,0,0,4,17,195,2,1,0,87,0,233,44,152,0,0,8,8,132,10,0,0,33,14,76,53,63,28,253,254,32,68,129,0,0,25,0,53,63,1,13,0,87,0,237,150,155,0,0,12,1,91,1,0,102,17,32,1,48,106,2,32,53,63,29,35,254,32,68,129,0,0,25,0,53,63,1,13,0,87,0,132,121,158,0,0,12,1,92,1,0,102,17,32,1,48,106,2,32,53,63,29,167,254,32,68,129,0,0,25,0,53,63,1,13,0,87,0,227,91,161,0,0,12,1,93,1,0,102,17,32,1,48,106,2,32,53,63,29,220,254,32,68,129,0,0,25,0,53,63,1,13,0,83,0,65,62,164,0,0,12,1,94,1,0,102,17,32,1,48,106,2,32,53,63,29,25,254,5,69,196,17,195,1,53,63,93,254,28,68,129,0,0,0,4,17,195,2,1,0,87,0,36,220,166,0,0,8,8,133,10,0,0,33,9,76,53,63,28,248,254,32,68,129,0,0,25,0,53,63,1,13,0,83,0,2,32,167,0,0,12,1,95,1,0,102,17,32,1,48,106,2,32,53,63,29,70,254,5,69,196,211,149,1,53,63,201,254,27,68,129,0,0,1,0,211,149,1,1,0,87,0,4,194,170,0,0,7,24,19,10,33,0,32,200,53,63,28,123,254,5,69,196,17,195,1,53,63,93,254,28,68,129,0,0,0,4,17,195,2,1,0,87,0,183,95,176,0,0,8,8,134,10,0,0,33,14,76,53,63,28,250,254,5,69,196,17,195,1,53,63,93,254,28,68,129,0,0,0,4,17,195,2,1,0,83,0,86,233,185,0,0,8,8,135,10,0,0,33,20,76,53,63,28,187,254,5,69,196,17,195,1,53,63,93,254,28,68,129,0,0,0,4,17,195,2,1,0,87,0,144,114,195,0,0,8,8,136,10,0,0,33,25,76,53,63,28,154,254,5,69,196,17,195,1,53,63,93,254,28,68,129,0,0,0,4,17,195,2,1,0,87,0,168,244,204,0,0,8,8,137,10,0,0,33,36,76,53,63,28,23,254,5,69,196,17,195,1,53,63,93,254,28,68,129,0,0,0,4,17,195,2,1,0,91,0,97,118,214,0,0,8,8,138,10,0,0,33,47,76,53,63,28,66,254,5,69,196,17,195,1,53,63,93,254,28,68,129,0,0,0,4,17,195,2,1,0,83,0,164,255,223,0,0,8,8,139,10,0,0,33,63,76,53,63,28,30,254,5,69,196,211,149,1,53,63,201,254,25,68,129,0,0,10,0,211,149,1,1,0,87,0,53,147,225,0,0,5,0,20,0,7,0,53,63,28,128,254,5,69,196,211,149,1,53,63,201,254,25,68,129,0,0,10,0,211,149,1,1,0,87,0,157,61,226,0,0,5,0,20,0,7,0,53,63,28,133,254,5,69,196,211,149,1,53,63,201,254,25,68,129,0,0,10,0,211,149,1,1,0,83,0,21,232,226,0,0,5,0,20,0,7,0,53,63,28,220,254,5,69,196,211,149,1,53,63,201,254,25,68,129,0,0,10,0,211,149,1,1,0,87,0,37,147,227,0,0,5,0,20,0,7,0,53,63,28,146,254,5,69,196,211,149,1,53,63,201,254,25,68,129,0,0,10,0,211,149,1,1,0,87,0,208,61,228,0,0,5,0,20,0,7,0,53,63,28,206,254,5,69,196,17,195,1,53,63,93,254,28,68,129,0,0,0,4,17,195,2,1,0,87,0,205,137,233,0,0,8,8,140,10,0,0,33,100,76,53,63,28,111,254,5,69,196,17,195,1,53,63,93,254,28,68,129,0,0,0,4,17,195,2,1,0,83,0,2,11,3,0,0,8,8,141,10,0,0,33,153,76,53,63,28,48,254,5,69,196,17,195,1,53,63,93,254,28,68,129,0,0,0,4,17,195,2,1,0,87,0,54,140,12,0,0,8,8,142,10,0,0,33,198,65,53,63,28,217,254,5,69,196,17,195,1,53,63,93,254,28,68,129,0,0,0,4,17,195,2,1,0,91,0,197,6,22,0,0,8,8,143,10,0,0,33,12,52,53,63,28,8,254,5,69,196,17,195,1,53,63,93,254,28,68,129,0,0,0,4,17,195,2,1,0,83,0,93,144,31,0,0,8,8,144,10,0,0,33,200,50,53,63,28,218,254,5,69,196,17,195,1,53,63,93,254,28,68,129,0,0,0,4,17,195,2,1,0,91,0,64,18,41,0,0,8,8,145,10,0,0,33,29,50,53,63,28,175,254,28,68,129,0,0,2,4,140,102,1,1,0,178,0,253,174,42,0,0,8,24,140,10,0,0,41,164,9,140,102,29,27,254,28,68,129,0,0,5,4,140,102,1,1,0,178,0,243,175,42,0,0,8,24,141,10,0,0,33,243,14,140,102,29,74,254,37,68,129,0,0,3,4,140,102,1,1,0,178,0,214,176,42,0,0,17,24,142,10,0,0,41,215,3,20,0,40,255,16,0,41,106,38,140,102,29,194,254,5,69,196,211,149,1,53,63,201,254,31,68,129,0,0,1,0,211,149,1,1,0,87,0,128,254,44,0,0,11,8,21,10,33,0,32,200,32,0,32,30,53,63,28,69,254,5,69,196,211,149,1,53,63,201,254,31,68,129,0,0,1,0,211,149,1,1,0,87,0,252,169,45,0,0,11,8,21,10,33,0,32,200,32,0,32,30,53,63,28,111,254,5,69,196,211,149,1,53,63,201,254,31,68,129,0,0,1,0,211,149,1,1,0,87,0,5,84,46,0,0,11,8,21,10,33,0,32,200,32,0,32,30,53,63,28,104,254,5,69,196,211,149,1,53,63,201,254,31,68,129,0,0,1,0,211,149,1,1,0,87,0,139,255,46,0,0,11,8,21,10,33,0,32,200,32,0,32,30,53,63,28,77,254,5,69,196,211,149,1,53,63,201,254,31,68,129,0,0,1,0,211,149,1,1,0,87,0,61,169,47,0,0,11,8,21,10,33,0,32,200,32,0,32,30,53,63,28,172,254,5,69,196,17,195,1,53,63,93,254,28,68,129,0,0,0,4,17,195,2,1,0,87,0,6,148,50,0,0,8,8,146,10,0,0,33,209,49,53,63,28,180,254,5,69,196,17,195,1,53,63,93,254,28,68,129,0,0,0,4,17,195,2,1,0,87,0,93,14,60,0,0,8,8,147,10,0,0,33,184,49,53,63,28,19,254,5,69,196,17,195,1,53,63,93,254,28,68,129,0,0,0,4,17,195,2,1,0,87,0,162,195,69,0,0,8,8,148,10,0,0,33,209,49,53,63,28,54,254,5,69,196,17,195,1,53,63,93,254,28,68,129,0,0,0,4,17,195,2,1,0,87,0,85,222,88,0,0,8,8,149,10,0,0,33,234,49,53,63,28,251,254,5,69,196,17,195,1,53,63,93,254,28,68,129,0,0,0,4,17,195,2,1,0,87,0,209,97,98,0,0,8,8,150,10,0,0,33,4,50,53,63,28,20,254,28,68,129,0,0,2,4,138,128,1,1,0,94,0,46,8,99,0,0,8,24,213,10,0,0,41,57,9,138,128,29,15,254,28,68,129,0,0,5,4,138,128,1,1,0,91,0,56,9,99,0,0,8,24,214,10,0,0,33,166,15,138,128,29,136,254,37,68,129,0,0,3,4,138,128,1,1,0,91,0,67,10,99,0,0,17,24,215,10,0,0,41,215,3,20,0,40,255,16,0,41,105,38,138,128,29,23,254,5,69,196,17,195,1,53,63,93,254,28,68,129,0,0,0,4,17,195,2,1,0,83,0,119,189,112,0,0,8,8,151,10,0,0,33,234,49,53,63,28,148,254,5,69,196,17,195,1,53,63,93,254,28,68,129,0,0,0,4,17,195,2,1,0,83,0,31,65,122,0,0,8,8,152,10,0,0,33,209,49,53,63,28,62,254,1,100,1,0,100,254,3,68,128,0,1,3,197]
[2026-03-12 13:05:11] debug: 	zh:zstack:unpi:parser: --> parsed 28 - 2 - 4 - 129 - [0,0,0,4,17,195,2,1,0,87,0,23,187,66,0,0,8,8,122,10,0,0,33,68,76,53,63,28] - 250
[2026-03-12 13:05:11] debug: 	zh:zstack:znp: <-- AREQ: AF - incomingMsg - {"groupid":0,"clusterid":1024,"srcaddr":49937,"srcendpoint":2,"dstendpoint":1,"wasbroadcast":0,"linkquality":87,"securityuse":0,"timestamp":4373271,"transseqnumber":0,"len":8,"data":{"type":"Buffer","data":[8,122,10,0,0,33,68,76]}}
[2026-03-12 13:05:11] debug: 	zh:controller: Received payload: clusterID=1024, address=49937, groupID=0, endpoint=2, destinationEndpoint=1, wasBroadcast=false, linkQuality=87, frame={"header":{"frameControl":{"frameType":0,"manufacturerSpecific":false,"direction":1,"disableDefaultResponse":false,"reservedBits":0},"transactionSequenceNumber":122,"commandIdentifier":10},"payload":[{"attrId":0,"dataType":33,"attrData":19524}],"command":{"ID":10,"name":"report","parameters":[{"name":"attrId","type":9},{"name":"dataType","type":8},{"name":"attrData","type":1000}]}}
[2026-03-12 13:05:11] debug: 	zh:controller:endpoint: ZCL command 0x001788010916738d/2 msIlluminanceMeasurement.defaultRsp({"cmdId":10,"statusCode":0}, {"timeout":10000,"disableResponse":false,"disableRecovery":false,"disableDefaultResponse":true,"direction":1,"reservedBits":0,"transactionSequenceNumber":122,"writeUndiv":false})
[2026-03-12 13:05:11] debug: 	zh:zstack:unpi:parser: --- parseNext [254,5,69,196,17,195,1,53,63,93,254,28,68,129,0,0,0,4,17,195,2,1,0,83,0,168,60,76,0,0,8,8,123,10,0,0,33,210,75,53,63,28,88,254,5,69,196,17,195,1,53,63,93,254,28,68,129,0,0,0,4,17,195,2,1,0,87,0,109,190,85,0,0,8,8,124,10,0,0,33,57,76,53,63,28,233,254,5,69,196,17,195,1,53,63,93,254,28,68,129,0,0,0,4,17,195,2,1,0,83,0,47,64,95,0,0,8,8,125,10,0,0,33,59,74,53,63,28,94,254,5,69,196,17,195,1,53,63,93,254,28,68,129,0,0,2,4,17,195,2,1,0,91,0,41,180,100,0,0,8,8,126,10,0,0,41,199,8,53,63,28,40,254,5,69,196,17,195,1,53,63,93,254,28,68,129,0,0,0,4,17,195,2,1,0,91,0,126,186,104,0,0,8,8,127,10,0,0,33,79,73,53,63,28,191,254,5,69,196,17,195,1,53,63,93,254,28,68,129,0,0,0,4,17,195,2,1,0,83,0,141,52,114,0,0,8,8,128,10,0,0,33,31,75,53,63,28,125,254,5,69,196,17,195,1,53,63,93,254,28,68,129,0,0,0,4,17,195,2,1,0,87,0,166,174,123,0,0,8,8,129,10,0,0,33,9,76,53,63,28,209,254,5,69,196,17,195,1,53,63,93,254,28,68,129,0,0,0,4,17,195,2,1,0,87,0,137,56,133,0,0,8,8,130,10,0,0,33,4,76,53,63,28,152,254,5,69,196,17,195,1,53,63,93,254,28,68,129,0,0,0,4,17,195,2,1,0,91,0,117,178,142,0,0,8,8,131,10,0,0,33,9,76,53,63,28,229,254,5,69,196,17,195,1,53,63,93,254,28,68,129,0,0,0,4,17,195,2,1,0,87,0,233,44,152,0,0,8,8,132,10,0,0,33,14,76,53,63,28,253,254,32,68,129,0,0,25,0,53,63,1,13,0,87,0,237,150,155,0,0,12,1,91,1,0,102,17,32,1,48,106,2,32,53,63,29,35,254,32,68,129,0,0,25,0,53,63,1,13,0,87,0,132,121,158,0,0,12,1,92,1,0,102,17,32,1,48,106,2,32,53,63,29,167,254,32,68,129,0,0,25,0,53,63,1,13,0,87,0,227,91,161,0,0,12,1,93,1,0,102,17,32,1,48,106,2,32,53,63,29,220,254,32,68,129,0,0,25,0,53,63,1,13,0,83,0,65,62,164,0,0,12,1,94,1,0,102,17,32,1,48,106,2,32,53,63,29,25,254,5,69,196,17,195,1,53,63,93,254,28,68,129,0,0,0,4,17,195,2,1,0,87,0,36,220,166,0,0,8,8,133,10,0,0,33,9,76,53,63,28,248,254,32,68,129,0,0,25,0,53,63,1,13,0,83,0,2,32,167,0,0,12,1,95,1,0,102,17,32,1,48,106,2,32,53,63,29,70,254,5,69,196,211,149,1,53,63,201,254,27,68,129,0,0,1,0,211,149,1,1,0,87,0,4,194,170,0,0,7,24,19,10,33,0,32,200,53,63,28,123,254,5,69,196,17,195,1,53,63,93,254,28,68,129,0,0,0,4,17,195,2,1,0,87,0,183,95,176,0,0,8,8,134,10,0,0,33,14,76,53,63,28,250,254,5,69,196,17,195,1,53,63,93,254,28,68,129,0,0,0,4,17,195,2,1,0,83,0,86,233,185,0,0,8,8,135,10,0,0,33,20,76,53,63,28,187,254,5,69,196,17,195,1,53,63,93,254,28,68,129,0,0,0,4,17,195,2,1,0,87,0,144,114,195,0,0,8,8,136,10,0,0,33,25,76,53,63,28,154,254,5,69,196,17,195,1,53,63,93,254,28,68,129,0,0,0,4,17,195,2,1,0,87,0,168,244,204,0,0,8,8,137,10,0,0,33,36,76,53,63,28,23,254,5,69,196,17,195,1,53,63,93,254,28,68,129,0,0,0,4,17,195,2,1,0,91,0,97,118,214,0,0,8,8,138,10,0,0,33,47,76,53,63,28,66,254,5,69,196,17,195,1,53,63,93,254,28,68,129,0,0,0,4,17,195,2,1,0,83,0,164,255,223,0,0,8,8,139,10,0,0,33,63,76,53,63,28,30,254,5,69,196,211,149,1,53,63,201,254,25,68,129,0,0,10,0,211,149,1,1,0,87,0,53,147,225,0,0,5,0,20,0,7,0,53,63,28,128,254,5,69,196,211,149,1,53,63,201,254,25,68,129,0,0,10,0,211,149,1,1,0,87,0,157,61,226,0,0,5,0,20,0,7,0,53,63,28,133,254,5,69,196,211,149,1,53,63,201,254,25,68,129,0,0,10,0,211,149,1,1,0,83,0,21,232,226,0,0,5,0,20,0,7,0,53,63,28,220,254,5,69,196,211,149,1,53,63,201,254,25,68,129,0,0,10,0,211,149,1,1,0,87,0,37,147,227,0,0,5,0,20,0,7,0,53,63,28,146,254,5,69,196,211,149,1,53,63,201,254,25,68,129,0,0,10,0,211,149,1,1,0,87,0,208,61,228,0,0,5,0,20,0,7,0,53,63,28,206,254,5,69,196,17,195,1,53,63,93,254,28,68,129,0,0,0,4,17,195,2,1,0,87,0,205,137,233,0,0,8,8,140,10,0,0,33,100,76,53,63,28,111,254,5,69,196,17,195,1,53,63,93,254,28,68,129,0,0,0,4,17,195,2,1,0,83,0,2,11,3,0,0,8,8,141,10,0,0,33,153,76,53,63,28,48,254,5,69,196,17,195,1,53,63,93,254,28,68,129,0,0,0,4,17,195,2,1,0,87,0,54,140,12,0,0,8,8,142,10,0,0,33,198,65,53,63,28,217,254,5,69,196,17,195,1,53,63,93,254,28,68,129,0,0,0,4,17,195,2,1,0,91,0,197,6,22,0,0,8,8,143,10,0,0,33,12,52,53,63,28,8,254,5,69,196,17,195,1,53,63,93,254,28,68,129,0,0,0,4,17,195,2,1,0,83,0,93,144,31,0,0,8,8,144,10,0,0,33,200,50,53,63,28,218,254,5,69,196,17,195,1,53,63,93,254,28,68,129,0,0,0,4,17,195,2,1,0,91,0,64,18,41,0,0,8,8,145,10,0,0,33,29,50,53,63,28,175,254,28,68,129,0,0,2,4,140,102,1,1,0,178,0,253,174,42,0,0,8,24,140,10,0,0,41,164,9,140,102,29,27,254,28,68,129,0,0,5,4,140,102,1,1,0,178,0,243,175,42,0,0,8,24,141,10,0,0,33,243,14,140,102,29,74,254,37,68,129,0,0,3,4,140,102,1,1,0,178,0,214,176,42,0,0,17,24,142,10,0,0,41,215,3,20,0,40,255,16,0,41,106,38,140,102,29,194,254,5,69,196,211,149,1,53,63,201,254,31,68,129,0,0,1,0,211,149,1,1,0,87,0,128,254,44,0,0,11,8,21,10,33,0,32,200,32,0,32,30,53,63,28,69,254,5,69,196,211,149,1,53,63,201,254,31,68,129,0,0,1,0,211,149,1,1,0,87,0,252,169,45,0,0,11,8,21,10,33,0,32,200,32,0,32,30,53,63,28,111,254,5,69,196,211,149,1,53,63,201,254,31,68,129,0,0,1,0,211,149,1,1,0,87,0,5,84,46,0,0,11,8,21,10,33,0,32,200,32,0,32,30,53,63,28,104,254,5,69,196,211,149,1,53,63,201,254,31,68,129,0,0,1,0,211,149,1,1,0,87,0,139,255,46,0,0,11,8,21,10,33,0,32,200,32,0,32,30,53,63,28,77,254,5,69,196,211,149,1,53,63,201,254,31,68,129,0,0,1,0,211,149,1,1,0,87,0,61,169,47,0,0,11,8,21,10,33,0,32,200,32,0,32,30,53,63,28,172,254,5,69,196,17,195,1,53,63,93,254,28,68,129,0,0,0,4,17,195,2,1,0,87,0,6,148,50,0,0,8,8,146,10,0,0,33,209,49,53,63,28,180,254,5,69,196,17,195,1,53,63,93,254,28,68,129,0,0,0,4,17,195,2,1,0,87,0,93,14,60,0,0,8,8,147,10,0,0,33,184,49,53,63,28,19,254,5,69,196,17,195,1,53,63,93,254,28,68,129,0,0,0,4,17,195,2,1,0,87,0,162,195,69,0,0,8,8,148,10,0,0,33,209,49,53,63,28,54,254,5,69,196,17,195,1,53,63,93,254,28,68,129,0,0,0,4,17,195,2,1,0,87,0,85,222,88,0,0,8,8,149,10,0,0,33,234,49,53,63,28,251,254,5,69,196,17,195,1,53,63,93,254,28,68,129,0,0,0,4,17,195,2,1,0,87,0,209,97,98,0,0,8,8,150,10,0,0,33,4,50,53,63,28,20,254,28,68,129,0,0,2,4,138,128,1,1,0,94,0,46,8,99,0,0,8,24,213,10,0,0,41,57,9,138,128,29,15,254,28,68,129,0,0,5,4,138,128,1,1,0,91,0,56,9,99,0,0,8,24,214,10,0,0,33,166,15,138,128,29,136,254,37,68,129,0,0,3,4,138,128,1,1,0,91,0,67,10,99,0,0,17,24,215,10,0,0,41,215,3,20,0,40,255,16,0,41,105,38,138,128,29,23,254,5,69,196,17,195,1,53,63,93,254,28,68,129,0,0,0,4,17,195,2,1,0,83,0,119,189,112,0,0,8,8,151,10,0,0,33,234,49,53,63,28,148,254,5,69,196,17,195,1,53,63,93,254,28,68,129,0,0,0,4,17,195,2,1,0,83,0,31,65,122,0,0,8,8,152,10,0,0,33,209,49,53,63,28,62,254,1,100,1,0,100,254,3,68,128,0,1,3,197]
[2026-03-12 13:05:11] debug: 	zh:zstack:unpi:parser: --> parsed 5 - 2 - 5 - 196 - [17,195,1,53,63] - 93
[2026-03-12 13:05:11] debug: 	zh:zstack:znp: <-- AREQ: ZDO - srcRtgInd
[2026-03-12 13:05:11] debug: 	zh:zstack:unpi:parser: --- parseNext [254,28,68,129,0,0,0,4,17,195,2,1,0,83,0,168,60,76,0,0,8,8,123,10,0,0,33,210,75,53,63,28,88,254,5,69,196,17,195,1,53,63,93,254,28,68,129,0,0,0,4,17,195,2,1,0,87,0,109,190,85,0,0,8,8,124,10,0,0,33,57,76,53,63,28,233,254,5,69,196,17,195,1,53,63,93,254,28,68,129,0,0,0,4,17,195,2,1,0,83,0,47,64,95,0,0,8,8,125,10,0,0,33,59,74,53,63,28,94,254,5,69,196,17,195,1,53,63,93,254,28,68,129,0,0,2,4,17,195,2,1,0,91,0,41,180,100,0,0,8,8,126,10,0,0,41,199,8,53,63,28,40,254,5,69,196,17,195,1,53,63,93,254,28,68,129,0,0,0,4,17,195,2,1,0,91,0,126,186,104,0,0,8,8,127,10,0,0,33,79,73,53,63,28,191,254,5,69,196,17,195,1,53,63,93,254,28,68,129,0,0,0,4,17,195,2,1,0,83,0,141,52,114,0,0,8,8,128,10,0,0,33,31,75,53,63,28,125,254,5,69,196,17,195,1,53,63,93,254,28,68,129,0,0,0,4,17,195,2,1,0,87,0,166,174,123,0,0,8,8,129,10,0,0,33,9,76,53,63,28,209,254,5,69,196,17,195,1,53,63,93,254,28,68,129,0,0,0,4,17,195,2,1,0,87,0,137,56,133,0,0,8,8,130,10,0,0,33,4,76,53,63,28,152,254,5,69,196,17,195,1,53,63,93,254,28,68,129,0,0,0,4,17,195,2,1,0,91,0,117,178,142,0,0,8,8,131,10,0,0,33,9,76,53,63,28,229,254,5,69,196,17,195,1,53,63,93,254,28,68,129,0,0,0,4,17,195,2,1,0,87,0,233,44,152,0,0,8,8,132,10,0,0,33,14,76,53,63,28,253,254,32,68,129,0,0,25,0,53,63,1,13,0,87,0,237,150,155,0,0,12,1,91,1,0,102,17,32,1,48,106,2,32,53,63,29,35,254,32,68,129,0,0,25,0,53,63,1,13,0,87,0,132,121,158,0,0,12,1,92,1,0,102,17,32,1,48,106,2,32,53,63,29,167,254,32,68,129,0,0,25,0,53,63,1,13,0,87,0,227,91,161,0,0,12,1,93,1,0,102,17,32,1,48,106,2,32,53,63,29,220,254,32,68,129,0,0,25,0,53,63,1,13,0,83,0,65,62,164,0,0,12,1,94,1,0,102,17,32,1,48,106,2,32,53,63,29,25,254,5,69,196,17,195,1,53,63,93,254,28,68,129,0,0,0,4,17,195,2,1,0,87,0,36,220,166,0,0,8,8,133,10,0,0,33,9,76,53,63,28,248,254,32,68,129,0,0,25,0,53,63,1,13,0,83,0,2,32,167,0,0,12,1,95,1,0,102,17,32,1,48,106,2,32,53,63,29,70,254,5,69,196,211,149,1,53,63,201,254,27,68,129,0,0,1,0,211,149,1,1,0,87,0,4,194,170,0,0,7,24,19,10,33,0,32,200,53,63,28,123,254,5,69,196,17,195,1,53,63,93,254,28,68,129,0,0,0,4,17,195,2,1,0,87,0,183,95,176,0,0,8,8,134,10,0,0,33,14,76,53,63,28,250,254,5,69,196,17,195,1,53,63,93,254,28,68,129,0,0,0,4,17,195,2,1,0,83,0,86,233,185,0,0,8,8,135,10,0,0,33,20,76,53,63,28,187,254,5,69,196,17,195,1,53,63,93,254,28,68,129,0,0,0,4,17,195,2,1,0,87,0,144,114,195,0,0,8,8,136,10,0,0,33,25,76,53,63,28,154,254,5,69,196,17,195,1,53,63,93,254,28,68,129,0,0,0,4,17,195,2,1,0,87,0,168,244,204,0,0,8,8,137,10,0,0,33,36,76,53,63,28,23,254,5,69,196,17,195,1,53,63,93,254,28,68,129,0,0,0,4,17,195,2,1,0,91,0,97,118,214,0,0,8,8,138,10,0,0,33,47,76,53,63,28,66,254,5,69,196,17,195,1,53,63,93,254,28,68,129,0,0,0,4,17,195,2,1,0,83,0,164,255,223,0,0,8,8,139,10,0,0,33,63,76,53,63,28,30,254,5,69,196,211,149,1,53,63,201,254,25,68,129,0,0,10,0,211,149,1,1,0,87,0,53,147,225,0,0,5,0,20,0,7,0,53,63,28,128,254,5,69,196,211,149,1,53,63,201,254,25,68,129,0,0,10,0,211,149,1,1,0,87,0,157,61,226,0,0,5,0,20,0,7,0,53,63,28,133,254,5,69,196,211,149,1,53,63,201,254,25,68,129,0,0,10,0,211,149,1,1,0,83,0,21,232,226,0,0,5,0,20,0,7,0,53,63,28,220,254,5,69,196,211,149,1,53,63,201,254,25,68,129,0,0,10,0,211,149,1,1,0,87,0,37,147,227,0,0,5,0,20,0,7,0,53,63,28,146,254,5,69,196,211,149,1,53,63,201,254,25,68,129,0,0,10,0,211,149,1,1,0,87,0,208,61,228,0,0,5,0,20,0,7,0,53,63,28,206,254,5,69,196,17,195,1,53,63,93,254,28,68,129,0,0,0,4,17,195,2,1,0,87,0,205,137,233,0,0,8,8,140,10,0,0,33,100,76,53,63,28,111,254,5,69,196,17,195,1,53,63,93,254,28,68,129,0,0,0,4,17,195,2,1,0,83,0,2,11,3,0,0,8,8,141,10,0,0,33,153,76,53,63,28,48,254,5,69,196,17,195,1,53,63,93,254,28,68,129,0,0,0,4,17,195,2,1,0,87,0,54,140,12,0,0,8,8,142,10,0,0,33,198,65,53,63,28,217,254,5,69,196,17,195,1,53,63,93,254,28,68,129,0,0,0,4,17,195,2,1,0,91,0,197,6,22,0,0,8,8,143,10,0,0,33,12,52,53,63,28,8,254,5,69,196,17,195,1,53,63,93,254,28,68,129,0,0,0,4,17,195,2,1,0,83,0,93,144,31,0,0,8,8,144,10,0,0,33,200,50,53,63,28,218,254,5,69,196,17,195,1,53,63,93,254,28,68,129,0,0,0,4,17,195,2,1,0,91,0,64,18,41,0,0,8,8,145,10,0,0,33,29,50,53,63,28,175,254,28,68,129,0,0,2,4,140,102,1,1,0,178,0,253,174,42,0,0,8,24,140,10,0,0,41,164,9,140,102,29,27,254,28,68,129,0,0,5,4,140,102,1,1,0,178,0,243,175,42,0,0,8,24,141,10,0,0,33,243,14,140,102,29,74,254,37,68,129,0,0,3,4,140,102,1,1,0,178,0,214,176,42,0,0,17,24,142,10,0,0,41,215,3,20,0,40,255,16,0,41,106,38,140,102,29,194,254,5,69,196,211,149,1,53,63,201,254,31,68,129,0,0,1,0,211,149,1,1,0,87,0,128,254,44,0,0,11,8,21,10,33,0,32,200,32,0,32,30,53,63,28,69,254,5,69,196,211,149,1,53,63,201,254,31,68,129,0,0,1,0,211,149,1,1,0,87,0,252,169,45,0,0,11,8,21,10,33,0,32,200,32,0,32,30,53,63,28,111,254,5,69,196,211,149,1,53,63,201,254,31,68,129,0,0,1,0,211,149,1,1,0,87,0,5,84,46,0,0,11,8,21,10,33,0,32,200,32,0,32,30,53,63,28,104,254,5,69,196,211,149,1,53,63,201,254,31,68,129,0,0,1,0,211,149,1,1,0,87,0,139,255,46,0,0,11,8,21,10,33,0,32,200,32,0,32,30,53,63,28,77,254,5,69,196,211,149,1,53,63,201,254,31,68,129,0,0,1,0,211,149,1,1,0,87,0,61,169,47,0,0,11,8,21,10,33,0,32,200,32,0,32,30,53,63,28,172,254,5,69,196,17,195,1,53,63,93,254,28,68,129,0,0,0,4,17,195,2,1,0,87,0,6,148,50,0,0,8,8,146,10,0,0,33,209,49,53,63,28,180,254,5,69,196,17,195,1,53,63,93,254,28,68,129,0,0,0,4,17,195,2,1,0,87,0,93,14,60,0,0,8,8,147,10,0,0,33,184,49,53,63,28,19,254,5,69,196,17,195,1,53,63,93,254,28,68,129,0,0,0,4,17,195,2,1,0,87,0,162,195,69,0,0,8,8,148,10,0,0,33,209,49,53,63,28,54,254,5,69,196,17,195,1,53,63,93,254,28,68,129,0,0,0,4,17,195,2,1,0,87,0,85,222,88,0,0,8,8,149,10,0,0,33,234,49,53,63,28,251,254,5,69,196,17,195,1,53,63,93,254,28,68,129,0,0,0,4,17,195,2,1,0,87,0,209,97,98,0,0,8,8,150,10,0,0,33,4,50,53,63,28,20,254,28,68,129,0,0,2,4,138,128,1,1,0,94,0,46,8,99,0,0,8,24,213,10,0,0,41,57,9,138,128,29,15,254,28,68,129,0,0,5,4,138,128,1,1,0,91,0,56,9,99,0,0,8,24,214,10,0,0,33,166,15,138,128,29,136,254,37,68,129,0,0,3,4,138,128,1,1,0,91,0,67,10,99,0,0,17,24,215,10,0,0,41,215,3,20,0,40,255,16,0,41,105,38,138,128,29,23,254,5,69,196,17,195,1,53,63,93,254,28,68,129,0,0,0,4,17,195,2,1,0,83,0,119,189,112,0,0,8,8,151,10,0,0,33,234,49,53,63,28,148,254,5,69,196,17,195,1,53,63,93,254,28,68,129,0,0,0,4,17,195,2,1,0,83,0,31,65,122,0,0,8,8,152,10,0,0,33,209,49,53,63,28,62,254,1,100,1,0,100,254,3,68,128,0,1,3,197]
[2026-03-12 13:05:11] debug: 	zh:zstack:unpi:parser: --> parsed 28 - 2 - 4 - 129 - [0,0,0,4,17,195,2,1,0,83,0,168,60,76,0,0,8,8,123,10,0,0,33,210,75,53,63,28] - 88
[2026-03-12 13:05:11] debug: 	zh:zstack:znp: <-- AREQ: AF - incomingMsg - {"groupid":0,"clusterid":1024,"srcaddr":49937,"srcendpoint":2,"dstendpoint":1,"wasbroadcast":0,"linkquality":83,"securityuse":0,"timestamp":4996264,"transseqnumber":0,"len":8,"data":{"type":"Buffer","data":[8,123,10,0,0,33,210,75]}}
[2026-03-12 13:05:11] debug: 	zh:controller: Received payload: clusterID=1024, address=49937, groupID=0, endpoint=2, destinationEndpoint=1, wasBroadcast=false, linkQuality=83, frame={"header":{"frameControl":{"frameType":0,"manufacturerSpecific":false,"direction":1,"disableDefaultResponse":false,"reservedBits":0},"transactionSequenceNumber":123,"commandIdentifier":10},"payload":[{"attrId":0,"dataType":33,"attrData":19410}],"command":{"ID":10,"name":"report","parameters":[{"name":"attrId","type":9},{"name":"dataType","type":8},{"name":"attrData","type":1000}]}}
[2026-03-12 13:05:11] debug: 	zh:controller:endpoint: ZCL command 0x001788010916738d/2 msIlluminanceMeasurement.defaultRsp({"cmdId":10,"statusCode":0}, {"timeout":10000,"disableResponse":false,"disableRecovery":false,"disableDefaultResponse":true,"direction":1,"reservedBits":0,"transactionSequenceNumber":123,"writeUndiv":false})
[2026-03-12 13:05:11] debug: 	zh:zstack:unpi:parser: --- parseNext [254,5,69,196,17,195,1,53,63,93,254,28,68,129,0,0,0,4,17,195,2,1,0,87,0,109,190,85,0,0,8,8,124,10,0,0,33,57,76,53,63,28,233,254,5,69,196,17,195,1,53,63,93,254,28,68,129,0,0,0,4,17,195,2,1,0,83,0,47,64,95,0,0,8,8,125,10,0,0,33,59,74,53,63,28,94,254,5,69,196,17,195,1,53,63,93,254,28,68,129,0,0,2,4,17,195,2,1,0,91,0,41,180,100,0,0,8,8,126,10,0,0,41,199,8,53,63,28,40,254,5,69,196,17,195,1,53,63,93,254,28,68,129,0,0,0,4,17,195,2,1,0,91,0,126,186,104,0,0,8,8,127,10,0,0,33,79,73,53,63,28,191,254,5,69,196,17,195,1,53,63,93,254,28,68,129,0,0,0,4,17,195,2,1,0,83,0,141,52,114,0,0,8,8,128,10,0,0,33,31,75,53,63,28,125,254,5,69,196,17,195,1,53,63,93,254,28,68,129,0,0,0,4,17,195,2,1,0,87,0,166,174,123,0,0,8,8,129,10,0,0,33,9,76,53,63,28,209,254,5,69,196,17,195,1,53,63,93,254,28,68,129,0,0,0,4,17,195,2,1,0,87,0,137,56,133,0,0,8,8,130,10,0,0,33,4,76,53,63,28,152,254,5,69,196,17,195,1,53,63,93,254,28,68,129,0,0,0,4,17,195,2,1,0,91,0,117,178,142,0,0,8,8,131,10,0,0,33,9,76,53,63,28,229,254,5,69,196,17,195,1,53,63,93,254,28,68,129,0,0,0,4,17,195,2,1,0,87,0,233,44,152,0,0,8,8,132,10,0,0,33,14,76,53,63,28,253,254,32,68,129,0,0,25,0,53,63,1,13,0,87,0,237,150,155,0,0,12,1,91,1,0,102,17,32,1,48,106,2,32,53,63,29,35,254,32,68,129,0,0,25,0,53,63,1,13,0,87,0,132,121,158,0,0,12,1,92,1,0,102,17,32,1,48,106,2,32,53,63,29,167,254,32,68,129,0,0,25,0,53,63,1,13,0,87,0,227,91,161,0,0,12,1,93,1,0,102,17,32,1,48,106,2,32,53,63,29,220,254,32,68,129,0,0,25,0,53,63,1,13,0,83,0,65,62,164,0,0,12,1,94,1,0,102,17,32,1,48,106,2,32,53,63,29,25,254,5,69,196,17,195,1,53,63,93,254,28,68,129,0,0,0,4,17,195,2,1,0,87,0,36,220,166,0,0,8,8,133,10,0,0,33,9,76,53,63,28,248,254,32,68,129,0,0,25,0,53,63,1,13,0,83,0,2,32,167,0,0,12,1,95,1,0,102,17,32,1,48,106,2,32,53,63,29,70,254,5,69,196,211,149,1,53,63,201,254,27,68,129,0,0,1,0,211,149,1,1,0,87,0,4,194,170,0,0,7,24,19,10,33,0,32,200,53,63,28,123,254,5,69,196,17,195,1,53,63,93,254,28,68,129,0,0,0,4,17,195,2,1,0,87,0,183,95,176,0,0,8,8,134,10,0,0,33,14,76,53,63,28,250,254,5,69,196,17,195,1,53,63,93,254,28,68,129,0,0,0,4,17,195,2,1,0,83,0,86,233,185,0,0,8,8,135,10,0,0,33,20,76,53,63,28,187,254,5,69,196,17,195,1,53,63,93,254,28,68,129,0,0,0,4,17,195,2,1,0,87,0,144,114,195,0,0,8,8,136,10,0,0,33,25,76,53,63,28,154,254,5,69,196,17,195,1,53,63,93,254,28,68,129,0,0,0,4,17,195,2,1,0,87,0,168,244,204,0,0,8,8,137,10,0,0,33,36,76,53,63,28,23,254,5,69,196,17,195,1,53,63,93,254,28,68,129,0,0,0,4,17,195,2,1,0,91,0,97,118,214,0,0,8,8,138,10,0,0,33,47,76,53,63,28,66,254,5,69,196,17,195,1,53,63,93,254,28,68,129,0,0,0,4,17,195,2,1,0,83,0,164,255,223,0,0,8,8,139,10,0,0,33,63,76,53,63,28,30,254,5,69,196,211,149,1,53,63,201,254,25,68,129,0,0,10,0,211,149,1,1,0,87,0,53,147,225,0,0,5,0,20,0,7,0,53,63,28,128,254,5,69,196,211,149,1,53,63,201,254,25,68,129,0,0,10,0,211,149,1,1,0,87,0,157,61,226,0,0,5,0,20,0,7,0,53,63,28,133,254,5,69,196,211,149,1,53,63,201,254,25,68,129,0,0,10,0,211,149,1,1,0,83,0,21,232,226,0,0,5,0,20,0,7,0,53,63,28,220,254,5,69,196,211,149,1,53,63,201,254,25,68,129,0,0,10,0,211,149,1,1,0,87,0,37,147,227,0,0,5,0,20,0,7,0,53,63,28,146,254,5,69,196,211,149,1,53,63,201,254,25,68,129,0,0,10,0,211,149,1,1,0,87,0,208,61,228,0,0,5,0,20,0,7,0,53,63,28,206,254,5,69,196,17,195,1,53,63,93,254,28,68,129,0,0,0,4,17,195,2,1,0,87,0,205,137,233,0,0,8,8,140,10,0,0,33,100,76,53,63,28,111,254,5,69,196,17,195,1,53,63,93,254,28,68,129,0,0,0,4,17,195,2,1,0,83,0,2,11,3,0,0,8,8,141,10,0,0,33,153,76,53,63,28,48,254,5,69,196,17,195,1,53,63,93,254,28,68,129,0,0,0,4,17,195,2,1,0,87,0,54,140,12,0,0,8,8,142,10,0,0,33,198,65,53,63,28,217,254,5,69,196,17,195,1,53,63,93,254,28,68,129,0,0,0,4,17,195,2,1,0,91,0,197,6,22,0,0,8,8,143,10,0,0,33,12,52,53,63,28,8,254,5,69,196,17,195,1,53,63,93,254,28,68,129,0,0,0,4,17,195,2,1,0,83,0,93,144,31,0,0,8,8,144,10,0,0,33,200,50,53,63,28,218,254,5,69,196,17,195,1,53,63,93,254,28,68,129,0,0,0,4,17,195,2,1,0,91,0,64,18,41,0,0,8,8,145,10,0,0,33,29,50,53,63,28,175,254,28,68,129,0,0,2,4,140,102,1,1,0,178,0,253,174,42,0,0,8,24,140,10,0,0,41,164,9,140,102,29,27,254,28,68,129,0,0,5,4,140,102,1,1,0,178,0,243,175,42,0,0,8,24,141,10,0,0,33,243,14,140,102,29,74,254,37,68,129,0,0,3,4,140,102,1,1,0,178,0,214,176,42,0,0,17,24,142,10,0,0,41,215,3,20,0,40,255,16,0,41,106,38,140,102,29,194,254,5,69,196,211,149,1,53,63,201,254,31,68,129,0,0,1,0,211,149,1,1,0,87,0,128,254,44,0,0,11,8,21,10,33,0,32,200,32,0,32,30,53,63,28,69,254,5,69,196,211,149,1,53,63,201,254,31,68,129,0,0,1,0,211,149,1,1,0,87,0,252,169,45,0,0,11,8,21,10,33,0,32,200,32,0,32,30,53,63,28,111,254,5,69,196,211,149,1,53,63,201,254,31,68,129,0,0,1,0,211,149,1,1,0,87,0,5,84,46,0,0,11,8,21,10,33,0,32,200,32,0,32,30,53,63,28,104,254,5,69,196,211,149,1,53,63,201,254,31,68,129,0,0,1,0,211,149,1,1,0,87,0,139,255,46,0,0,11,8,21,10,33,0,32,200,32,0,32,30,53,63,28,77,254,5,69,196,211,149,1,53,63,201,254,31,68,129,0,0,1,0,211,149,1,1,0,87,0,61,169,47,0,0,11,8,21,10,33,0,32,200,32,0,32,30,53,63,28,172,254,5,69,196,17,195,1,53,63,93,254,28,68,129,0,0,0,4,17,195,2,1,0,87,0,6,148,50,0,0,8,8,146,10,0,0,33,209,49,53,63,28,180,254,5,69,196,17,195,1,53,63,93,254,28,68,129,0,0,0,4,17,195,2,1,0,87,0,93,14,60,0,0,8,8,147,10,0,0,33,184,49,53,63,28,19,254,5,69,196,17,195,1,53,63,93,254,28,68,129,0,0,0,4,17,195,2,1,0,87,0,162,195,69,0,0,8,8,148,10,0,0,33,209,49,53,63,28,54,254,5,69,196,17,195,1,53,63,93,254,28,68,129,0,0,0,4,17,195,2,1,0,87,0,85,222,88,0,0,8,8,149,10,0,0,33,234,49,53,63,28,251,254,5,69,196,17,195,1,53,63,93,254,28,68,129,0,0,0,4,17,195,2,1,0,87,0,209,97,98,0,0,8,8,150,10,0,0,33,4,50,53,63,28,20,254,28,68,129,0,0,2,4,138,128,1,1,0,94,0,46,8,99,0,0,8,24,213,10,0,0,41,57,9,138,128,29,15,254,28,68,129,0,0,5,4,138,128,1,1,0,91,0,56,9,99,0,0,8,24,214,10,0,0,33,166,15,138,128,29,136,254,37,68,129,0,0,3,4,138,128,1,1,0,91,0,67,10,99,0,0,17,24,215,10,0,0,41,215,3,20,0,40,255,16,0,41,105,38,138,128,29,23,254,5,69,196,17,195,1,53,63,93,254,28,68,129,0,0,0,4,17,195,2,1,0,83,0,119,189,112,0,0,8,8,151,10,0,0,33,234,49,53,63,28,148,254,5,69,196,17,195,1,53,63,93,254,28,68,129,0,0,0,4,17,195,2,1,0,83,0,31,65,122,0,0,8,8,152,10,0,0,33,209,49,53,63,28,62,254,1,100,1,0,100,254,3,68,128,0,1,3,197]
[2026-03-12 13:05:11] debug: 	zh:zstack:unpi:parser: --> parsed 5 - 2 - 5 - 196 - [17,195,1,53,63] - 93
[2026-03-12 13:05:11] debug: 	zh:zstack:znp: <-- AREQ: ZDO - srcRtgInd
[2026-03-12 13:05:11] debug: 	zh:zstack:unpi:parser: --- parseNext [254,28,68,129,0,0,0,4,17,195,2,1,0,87,0,109,190,85,0,0,8,8,124,10,0,0,33,57,76,53,63,28,233,254,5,69,196,17,195,1,53,63,93,254,28,68,129,0,0,0,4,17,195,2,1,0,83,0,47,64,95,0,0,8,8,125,10,0,0,33,59,74,53,63,28,94,254,5,69,196,17,195,1,53,63,93,254,28,68,129,0,0,2,4,17,195,2,1,0,91,0,41,180,100,0,0,8,8,126,10,0,0,41,199,8,53,63,28,40,254,5,69,196,17,195,1,53,63,93,254,28,68,129,0,0,0,4,17,195,2,1,0,91,0,126,186,104,0,0,8,8,127,10,0,0,33,79,73,53,63,28,191,254,5,69,196,17,195,1,53,63,93,254,28,68,129,0,0,0,4,17,195,2,1,0,83,0,141,52,114,0,0,8,8,128,10,0,0,33,31,75,53,63,28,125,254,5,69,196,17,195,1,53,63,93,254,28,68,129,0,0,0,4,17,195,2,1,0,87,0,166,174,123,0,0,8,8,129,10,0,0,33,9,76,53,63,28,209,254,5,69,196,17,195,1,53,63,93,254,28,68,129,0,0,0,4,17,195,2,1,0,87,0,137,56,133,0,0,8,8,130,10,0,0,33,4,76,53,63,28,152,254,5,69,196,17,195,1,53,63,93,254,28,68,129,0,0,0,4,17,195,2,1,0,91,0,117,178,142,0,0,8,8,131,10,0,0,33,9,76,53,63,28,229,254,5,69,196,17,195,1,53,63,93,254,28,68,129,0,0,0,4,17,195,2,1,0,87,0,233,44,152,0,0,8,8,132,10,0,0,33,14,76,53,63,28,253,254,32,68,129,0,0,25,0,53,63,1,13,0,87,0,237,150,155,0,0,12,1,91,1,0,102,17,32,1,48,106,2,32,53,63,29,35,254,32,68,129,0,0,25,0,53,63,1,13,0,87,0,132,121,158,0,0,12,1,92,1,0,102,17,32,1,48,106,2,32,53,63,29,167,254,32,68,129,0,0,25,0,53,63,1,13,0,87,0,227,91,161,0,0,12,1,93,1,0,102,17,32,1,48,106,2,32,53,63,29,220,254,32,68,129,0,0,25,0,53,63,1,13,0,83,0,65,62,164,0,0,12,1,94,1,0,102,17,32,1,48,106,2,32,53,63,29,25,254,5,69,196,17,195,1,53,63,93,254,28,68,129,0,0,0,4,17,195,2,1,0,87,0,36,220,166,0,0,8,8,133,10,0,0,33,9,76,53,63,28,248,254,32,68,129,0,0,25,0,53,63,1,13,0,83,0,2,32,167,0,0,12,1,95,1,0,102,17,32,1,48,106,2,32,53,63,29,70,254,5,69,196,211,149,1,53,63,201,254,27,68,129,0,0,1,0,211,149,1,1,0,87,0,4,194,170,0,0,7,24,19,10,33,0,32,200,53,63,28,123,254,5,69,196,17,195,1,53,63,93,254,28,68,129,0,0,0,4,17,195,2,1,0,87,0,183,95,176,0,0,8,8,134,10,0,0,33,14,76,53,63,28,250,254,5,69,196,17,195,1,53,63,93,254,28,68,129,0,0,0,4,17,195,2,1,0,83,0,86,233,185,0,0,8,8,135,10,0,0,33,20,76,53,63,28,187,254,5,69,196,17,195,1,53,63,93,254,28,68,129,0,0,0,4,17,195,2,1,0,87,0,144,114,195,0,0,8,8,136,10,0,0,33,25,76,53,63,28,154,254,5,69,196,17,195,1,53,63,93,254,28,68,129,0,0,0,4,17,195,2,1,0,87,0,168,244,204,0,0,8,8,137,10,0,0,33,36,76,53,63,28,23,254,5,69,196,17,195,1,53,63,93,254,28,68,129,0,0,0,4,17,195,2,1,0,91,0,97,118,214,0,0,8,8,138,10,0,0,33,47,76,53,63,28,66,254,5,69,196,17,195,1,53,63,93,254,28,68,129,0,0,0,4,17,195,2,1,0,83,0,164,255,223,0,0,8,8,139,10,0,0,33,63,76,53,63,28,30,254,5,69,196,211,149,1,53,63,201,254,25,68,129,0,0,10,0,211,149,1,1,0,87,0,53,147,225,0,0,5,0,20,0,7,0,53,63,28,128,254,5,69,196,211,149,1,53,63,201,254,25,68,129,0,0,10,0,211,149,1,1,0,87,0,157,61,226,0,0,5,0,20,0,7,0,53,63,28,133,254,5,69,196,211,149,1,53,63,201,254,25,68,129,0,0,10,0,211,149,1,1,0,83,0,21,232,226,0,0,5,0,20,0,7,0,53,63,28,220,254,5,69,196,211,149,1,53,63,201,254,25,68,129,0,0,10,0,211,149,1,1,0,87,0,37,147,227,0,0,5,0,20,0,7,0,53,63,28,146,254,5,69,196,211,149,1,53,63,201,254,25,68,129,0,0,10,0,211,149,1,1,0,87,0,208,61,228,0,0,5,0,20,0,7,0,53,63,28,206,254,5,69,196,17,195,1,53,63,93,254,28,68,129,0,0,0,4,17,195,2,1,0,87,0,205,137,233,0,0,8,8,140,10,0,0,33,100,76,53,63,28,111,254,5,69,196,17,195,1,53,63,93,254,28,68,129,0,0,0,4,17,195,2,1,0,83,0,2,11,3,0,0,8,8,141,10,0,0,33,153,76,53,63,28,48,254,5,69,196,17,195,1,53,63,93,254,28,68,129,0,0,0,4,17,195,2,1,0,87,0,54,140,12,0,0,8,8,142,10,0,0,33,198,65,53,63,28,217,254,5,69,196,17,195,1,53,63,93,254,28,68,129,0,0,0,4,17,195,2,1,0,91,0,197,6,22,0,0,8,8,143,10,0,0,33,12,52,53,63,28,8,254,5,69,196,17,195,1,53,63,93,254,28,68,129,0,0,0,4,17,195,2,1,0,83,0,93,144,31,0,0,8,8,144,10,0,0,33,200,50,53,63,28,218,254,5,69,196,17,195,1,53,63,93,254,28,68,129,0,0,0,4,17,195,2,1,0,91,0,64,18,41,0,0,8,8,145,10,0,0,33,29,50,53,63,28,175,254,28,68,129,0,0,2,4,140,102,1,1,0,178,0,253,174,42,0,0,8,24,140,10,0,0,41,164,9,140,102,29,27,254,28,68,129,0,0,5,4,140,102,1,1,0,178,0,243,175,42,0,0,8,24,141,10,0,0,33,243,14,140,102,29,74,254,37,68,129,0,0,3,4,140,102,1,1,0,178,0,214,176,42,0,0,17,24,142,10,0,0,41,215,3,20,0,40,255,16,0,41,106,38,140,102,29,194,254,5,69,196,211,149,1,53,63,201,254,31,68,129,0,0,1,0,211,149,1,1,0,87,0,128,254,44,0,0,11,8,21,10,33,0,32,200,32,0,32,30,53,63,28,69,254,5,69,196,211,149,1,53,63,201,254,31,68,129,0,0,1,0,211,149,1,1,0,87,0,252,169,45,0,0,11,8,21,10,33,0,32,200,32,0,32,30,53,63,28,111,254,5,69,196,211,149,1,53,63,201,254,31,68,129,0,0,1,0,211,149,1,1,0,87,0,5,84,46,0,0,11,8,21,10,33,0,32,200,32,0,32,30,53,63,28,104,254,5,69,196,211,149,1,53,63,201,254,31,68,129,0,0,1,0,211,149,1,1,0,87,0,139,255,46,0,0,11,8,21,10,33,0,32,200,32,0,32,30,53,63,28,77,254,5,69,196,211,149,1,53,63,201,254,31,68,129,0,0,1,0,211,149,1,1,0,87,0,61,169,47,0,0,11,8,21,10,33,0,32,200,32,0,32,30,53,63,28,172,254,5,69,196,17,195,1,53,63,93,254,28,68,129,0,0,0,4,17,195,2,1,0,87,0,6,148,50,0,0,8,8,146,10,0,0,33,209,49,53,63,28,180,254,5,69,196,17,195,1,53,63,93,254,28,68,129,0,0,0,4,17,195,2,1,0,87,0,93,14,60,0,0,8,8,147,10,0,0,33,184,49,53,63,28,19,254,5,69,196,17,195,1,53,63,93,254,28,68,129,0,0,0,4,17,195,2,1,0,87,0,162,195,69,0,0,8,8,148,10,0,0,33,209,49,53,63,28,54,254,5,69,196,17,195,1,53,63,93,254,28,68,129,0,0,0,4,17,195,2,1,0,87,0,85,222,88,0,0,8,8,149,10,0,0,33,234,49,53,63,28,251,254,5,69,196,17,195,1,53,63,93,254,28,68,129,0,0,0,4,17,195,2,1,0,87,0,209,97,98,0,0,8,8,150,10,0,0,33,4,50,53,63,28,20,254,28,68,129,0,0,2,4,138,128,1,1,0,94,0,46,8,99,0,0,8,24,213,10,0,0,41,57,9,138,128,29,15,254,28,68,129,0,0,5,4,138,128,1,1,0,91,0,56,9,99,0,0,8,24,214,10,0,0,33,166,15,138,128,29,136,254,37,68,129,0,0,3,4,138,128,1,1,0,91,0,67,10,99,0,0,17,24,215,10,0,0,41,215,3,20,0,40,255,16,0,41,105,38,138,128,29,23,254,5,69,196,17,195,1,53,63,93,254,28,68,129,0,0,0,4,17,195,2,1,0,83,0,119,189,112,0,0,8,8,151,10,0,0,33,234,49,53,63,28,148,254,5,69,196,17,195,1,53,63,93,254,28,68,129,0,0,0,4,17,195,2,1,0,83,0,31,65,122,0,0,8,8,152,10,0,0,33,209,49,53,63,28,62,254,1,100,1,0,100,254,3,68,128,0,1,3,197]
[2026-03-12 13:05:11] debug: 	zh:zstack:unpi:parser: --> parsed 28 - 2 - 4 - 129 - [0,0,0,4,17,195,2,1,0,87,0,109,190,85,0,0,8,8,124,10,0,0,33,57,76,53,63,28] - 233
[2026-03-12 13:05:11] debug: 	zh:zstack:znp: <-- AREQ: AF - incomingMsg - {"groupid":0,"clusterid":1024,"srcaddr":49937,"srcendpoint":2,"dstendpoint":1,"wasbroadcast":0,"linkquality":87,"securityuse":0,"timestamp":5619309,"transseqnumber":0,"len":8,"data":{"type":"Buffer","data":[8,124,10,0,0,33,57,76]}}
[2026-03-12 13:05:11] debug: 	zh:controller: Received payload: clusterID=1024, address=49937, groupID=0, endpoint=2, destinationEndpoint=1, wasBroadcast=false, linkQuality=87, frame={"header":{"frameControl":{"frameType":0,"manufacturerSpecific":false,"direction":1,"disableDefaultResponse":false,"reservedBits":0},"transactionSequenceNumber":124,"commandIdentifier":10},"payload":[{"attrId":0,"dataType":33,"attrData":19513}],"command":{"ID":10,"name":"report","parameters":[{"name":"attrId","type":9},{"name":"dataType","type":8},{"name":"attrData","type":1000}]}}
[2026-03-12 13:05:11] debug: 	zh:controller:endpoint: ZCL command 0x001788010916738d/2 msIlluminanceMeasurement.defaultRsp({"cmdId":10,"statusCode":0}, {"timeout":10000,"disableResponse":false,"disableRecovery":false,"disableDefaultResponse":true,"direction":1,"reservedBits":0,"transactionSequenceNumber":124,"writeUndiv":false})
[2026-03-12 13:05:11] debug: 	zh:zstack:unpi:parser: --- parseNext [254,5,69,196,17,195,1,53,63,93,254,28,68,129,0,0,0,4,17,195,2,1,0,83,0,47,64,95,0,0,8,8,125,10,0,0,33,59,74,53,63,28,94,254,5,69,196,17,195,1,53,63,93,254,28,68,129,0,0,2,4,17,195,2,1,0,91,0,41,180,100,0,0,8,8,126,10,0,0,41,199,8,53,63,28,40,254,5,69,196,17,195,1,53,63,93,254,28,68,129,0,0,0,4,17,195,2,1,0,91,0,126,186,104,0,0,8,8,127,10,0,0,33,79,73,53,63,28,191,254,5,69,196,17,195,1,53,63,93,254,28,68,129,0,0,0,4,17,195,2,1,0,83,0,141,52,114,0,0,8,8,128,10,0,0,33,31,75,53,63,28,125,254,5,69,196,17,195,1,53,63,93,254,28,68,129,0,0,0,4,17,195,2,1,0,87,0,166,174,123,0,0,8,8,129,10,0,0,33,9,76,53,63,28,209,254,5,69,196,17,195,1,53,63,93,254,28,68,129,0,0,0,4,17,195,2,1,0,87,0,137,56,133,0,0,8,8,130,10,0,0,33,4,76,53,63,28,152,254,5,69,196,17,195,1,53,63,93,254,28,68,129,0,0,0,4,17,195,2,1,0,91,0,117,178,142,0,0,8,8,131,10,0,0,33,9,76,53,63,28,229,254,5,69,196,17,195,1,53,63,93,254,28,68,129,0,0,0,4,17,195,2,1,0,87,0,233,44,152,0,0,8,8,132,10,0,0,33,14,76,53,63,28,253,254,32,68,129,0,0,25,0,53,63,1,13,0,87,0,237,150,155,0,0,12,1,91,1,0,102,17,32,1,48,106,2,32,53,63,29,35,254,32,68,129,0,0,25,0,53,63,1,13,0,87,0,132,121,158,0,0,12,1,92,1,0,102,17,32,1,48,106,2,32,53,63,29,167,254,32,68,129,0,0,25,0,53,63,1,13,0,87,0,227,91,161,0,0,12,1,93,1,0,102,17,32,1,48,106,2,32,53,63,29,220,254,32,68,129,0,0,25,0,53,63,1,13,0,83,0,65,62,164,0,0,12,1,94,1,0,102,17,32,1,48,106,2,32,53,63,29,25,254,5,69,196,17,195,1,53,63,93,254,28,68,129,0,0,0,4,17,195,2,1,0,87,0,36,220,166,0,0,8,8,133,10,0,0,33,9,76,53,63,28,248,254,32,68,129,0,0,25,0,53,63,1,13,0,83,0,2,32,167,0,0,12,1,95,1,0,102,17,32,1,48,106,2,32,53,63,29,70,254,5,69,196,211,149,1,53,63,201,254,27,68,129,0,0,1,0,211,149,1,1,0,87,0,4,194,170,0,0,7,24,19,10,33,0,32,200,53,63,28,123,254,5,69,196,17,195,1,53,63,93,254,28,68,129,0,0,0,4,17,195,2,1,0,87,0,183,95,176,0,0,8,8,134,10,0,0,33,14,76,53,63,28,250,254,5,69,196,17,195,1,53,63,93,254,28,68,129,0,0,0,4,17,195,2,1,0,83,0,86,233,185,0,0,8,8,135,10,0,0,33,20,76,53,63,28,187,254,5,69,196,17,195,1,53,63,93,254,28,68,129,0,0,0,4,17,195,2,1,0,87,0,144,114,195,0,0,8,8,136,10,0,0,33,25,76,53,63,28,154,254,5,69,196,17,195,1,53,63,93,254,28,68,129,0,0,0,4,17,195,2,1,0,87,0,168,244,204,0,0,8,8,137,10,0,0,33,36,76,53,63,28,23,254,5,69,196,17,195,1,53,63,93,254,28,68,129,0,0,0,4,17,195,2,1,0,91,0,97,118,214,0,0,8,8,138,10,0,0,33,47,76,53,63,28,66,254,5,69,196,17,195,1,53,63,93,254,28,68,129,0,0,0,4,17,195,2,1,0,83,0,164,255,223,0,0,8,8,139,10,0,0,33,63,76,53,63,28,30,254,5,69,196,211,149,1,53,63,201,254,25,68,129,0,0,10,0,211,149,1,1,0,87,0,53,147,225,0,0,5,0,20,0,7,0,53,63,28,128,254,5,69,196,211,149,1,53,63,201,254,25,68,129,0,0,10,0,211,149,1,1,0,87,0,157,61,226,0,0,5,0,20,0,7,0,53,63,28,133,254,5,69,196,211,149,1,53,63,201,254,25,68,129,0,0,10,0,211,149,1,1,0,83,0,21,232,226,0,0,5,0,20,0,7,0,53,63,28,220,254,5,69,196,211,149,1,53,63,201,254,25,68,129,0,0,10,0,211,149,1,1,0,87,0,37,147,227,0,0,5,0,20,0,7,0,53,63,28,146,254,5,69,196,211,149,1,53,63,201,254,25,68,129,0,0,10,0,211,149,1,1,0,87,0,208,61,228,0,0,5,0,20,0,7,0,53,63,28,206,254,5,69,196,17,195,1,53,63,93,254,28,68,129,0,0,0,4,17,195,2,1,0,87,0,205,137,233,0,0,8,8,140,10,0,0,33,100,76,53,63,28,111,254,5,69,196,17,195,1,53,63,93,254,28,68,129,0,0,0,4,17,195,2,1,0,83,0,2,11,3,0,0,8,8,141,10,0,0,33,153,76,53,63,28,48,254,5,69,196,17,195,1,53,63,93,254,28,68,129,0,0,0,4,17,195,2,1,0,87,0,54,140,12,0,0,8,8,142,10,0,0,33,198,65,53,63,28,217,254,5,69,196,17,195,1,53,63,93,254,28,68,129,0,0,0,4,17,195,2,1,0,91,0,197,6,22,0,0,8,8,143,10,0,0,33,12,52,53,63,28,8,254,5,69,196,17,195,1,53,63,93,254,28,68,129,0,0,0,4,17,195,2,1,0,83,0,93,144,31,0,0,8,8,144,10,0,0,33,200,50,53,63,28,218,254,5,69,196,17,195,1,53,63,93,254,28,68,129,0,0,0,4,17,195,2,1,0,91,0,64,18,41,0,0,8,8,145,10,0,0,33,29,50,53,63,28,175,254,28,68,129,0,0,2,4,140,102,1,1,0,178,0,253,174,42,0,0,8,24,140,10,0,0,41,164,9,140,102,29,27,254,28,68,129,0,0,5,4,140,102,1,1,0,178,0,243,175,42,0,0,8,24,141,10,0,0,33,243,14,140,102,29,74,254,37,68,129,0,0,3,4,140,102,1,1,0,178,0,214,176,42,0,0,17,24,142,10,0,0,41,215,3,20,0,40,255,16,0,41,106,38,140,102,29,194,254,5,69,196,211,149,1,53,63,201,254,31,68,129,0,0,1,0,211,149,1,1,0,87,0,128,254,44,0,0,11,8,21,10,33,0,32,200,32,0,32,30,53,63,28,69,254,5,69,196,211,149,1,53,63,201,254,31,68,129,0,0,1,0,211,149,1,1,0,87,0,252,169,45,0,0,11,8,21,10,33,0,32,200,32,0,32,30,53,63,28,111,254,5,69,196,211,149,1,53,63,201,254,31,68,129,0,0,1,0,211,149,1,1,0,87,0,5,84,46,0,0,11,8,21,10,33,0,32,200,32,0,32,30,53,63,28,104,254,5,69,196,211,149,1,53,63,201,254,31,68,129,0,0,1,0,211,149,1,1,0,87,0,139,255,46,0,0,11,8,21,10,33,0,32,200,32,0,32,30,53,63,28,77,254,5,69,196,211,149,1,53,63,201,254,31,68,129,0,0,1,0,211,149,1,1,0,87,0,61,169,47,0,0,11,8,21,10,33,0,32,200,32,0,32,30,53,63,28,172,254,5,69,196,17,195,1,53,63,93,254,28,68,129,0,0,0,4,17,195,2,1,0,87,0,6,148,50,0,0,8,8,146,10,0,0,33,209,49,53,63,28,180,254,5,69,196,17,195,1,53,63,93,254,28,68,129,0,0,0,4,17,195,2,1,0,87,0,93,14,60,0,0,8,8,147,10,0,0,33,184,49,53,63,28,19,254,5,69,196,17,195,1,53,63,93,254,28,68,129,0,0,0,4,17,195,2,1,0,87,0,162,195,69,0,0,8,8,148,10,0,0,33,209,49,53,63,28,54,254,5,69,196,17,195,1,53,63,93,254,28,68,129,0,0,0,4,17,195,2,1,0,87,0,85,222,88,0,0,8,8,149,10,0,0,33,234,49,53,63,28,251,254,5,69,196,17,195,1,53,63,93,254,28,68,129,0,0,0,4,17,195,2,1,0,87,0,209,97,98,0,0,8,8,150,10,0,0,33,4,50,53,63,28,20,254,28,68,129,0,0,2,4,138,128,1,1,0,94,0,46,8,99,0,0,8,24,213,10,0,0,41,57,9,138,128,29,15,254,28,68,129,0,0,5,4,138,128,1,1,0,91,0,56,9,99,0,0,8,24,214,10,0,0,33,166,15,138,128,29,136,254,37,68,129,0,0,3,4,138,128,1,1,0,91,0,67,10,99,0,0,17,24,215,10,0,0,41,215,3,20,0,40,255,16,0,41,105,38,138,128,29,23,254,5,69,196,17,195,1,53,63,93,254,28,68,129,0,0,0,4,17,195,2,1,0,83,0,119,189,112,0,0,8,8,151,10,0,0,33,234,49,53,63,28,148,254,5,69,196,17,195,1,53,63,93,254,28,68,129,0,0,0,4,17,195,2,1,0,83,0,31,65,122,0,0,8,8,152,10,0,0,33,209,49,53,63,28,62,254,1,100,1,0,100,254,3,68,128,0,1,3,197]
[2026-03-12 13:05:11] debug: 	zh:zstack:unpi:parser: --> parsed 5 - 2 - 5 - 196 - [17,195,1,53,63] - 93
[2026-03-12 13:05:11] debug: 	zh:zstack:znp: <-- AREQ: ZDO - srcRtgInd
[2026-03-12 13:05:11] debug: 	zh:zstack:unpi:parser: --- parseNext [254,28,68,129,0,0,0,4,17,195,2,1,0,83,0,47,64,95,0,0,8,8,125,10,0,0,33,59,74,53,63,28,94,254,5,69,196,17,195,1,53,63,93,254,28,68,129,0,0,2,4,17,195,2,1,0,91,0,41,180,100,0,0,8,8,126,10,0,0,41,199,8,53,63,28,40,254,5,69,196,17,195,1,53,63,93,254,28,68,129,0,0,0,4,17,195,2,1,0,91,0,126,186,104,0,0,8,8,127,10,0,0,33,79,73,53,63,28,191,254,5,69,196,17,195,1,53,63,93,254,28,68,129,0,0,0,4,17,195,2,1,0,83,0,141,52,114,0,0,8,8,128,10,0,0,33,31,75,53,63,28,125,254,5,69,196,17,195,1,53,63,93,254,28,68,129,0,0,0,4,17,195,2,1,0,87,0,166,174,123,0,0,8,8,129,10,0,0,33,9,76,53,63,28,209,254,5,69,196,17,195,1,53,63,93,254,28,68,129,0,0,0,4,17,195,2,1,0,87,0,137,56,133,0,0,8,8,130,10,0,0,33,4,76,53,63,28,152,254,5,69,196,17,195,1,53,63,93,254,28,68,129,0,0,0,4,17,195,2,1,0,91,0,117,178,142,0,0,8,8,131,10,0,0,33,9,76,53,63,28,229,254,5,69,196,17,195,1,53,63,93,254,28,68,129,0,0,0,4,17,195,2,1,0,87,0,233,44,152,0,0,8,8,132,10,0,0,33,14,76,53,63,28,253,254,32,68,129,0,0,25,0,53,63,1,13,0,87,0,237,150,155,0,0,12,1,91,1,0,102,17,32,1,48,106,2,32,53,63,29,35,254,32,68,129,0,0,25,0,53,63,1,13,0,87,0,132,121,158,0,0,12,1,92,1,0,102,17,32,1,48,106,2,32,53,63,29,167,254,32,68,129,0,0,25,0,53,63,1,13,0,87,0,227,91,161,0,0,12,1,93,1,0,102,17,32,1,48,106,2,32,53,63,29,220,254,32,68,129,0,0,25,0,53,63,1,13,0,83,0,65,62,164,0,0,12,1,94,1,0,102,17,32,1,48,106,2,32,53,63,29,25,254,5,69,196,17,195,1,53,63,93,254,28,68,129,0,0,0,4,17,195,2,1,0,87,0,36,220,166,0,0,8,8,133,10,0,0,33,9,76,53,63,28,248,254,32,68,129,0,0,25,0,53,63,1,13,0,83,0,2,32,167,0,0,12,1,95,1,0,102,17,32,1,48,106,2,32,53,63,29,70,254,5,69,196,211,149,1,53,63,201,254,27,68,129,0,0,1,0,211,149,1,1,0,87,0,4,194,170,0,0,7,24,19,10,33,0,32,200,53,63,28,123,254,5,69,196,17,195,1,53,63,93,254,28,68,129,0,0,0,4,17,195,2,1,0,87,0,183,95,176,0,0,8,8,134,10,0,0,33,14,76,53,63,28,250,254,5,69,196,17,195,1,53,63,93,254,28,68,129,0,0,0,4,17,195,2,1,0,83,0,86,233,185,0,0,8,8,135,10,0,0,33,20,76,53,63,28,187,254,5,69,196,17,195,1,53,63,93,254,28,68,129,0,0,0,4,17,195,2,1,0,87,0,144,114,195,0,0,8,8,136,10,0,0,33,25,76,53,63,28,154,254,5,69,196,17,195,1,53,63,93,254,28,68,129,0,0,0,4,17,195,2,1,0,87,0,168,244,204,0,0,8,8,137,10,0,0,33,36,76,53,63,28,23,254,5,69,196,17,195,1,53,63,93,254,28,68,129,0,0,0,4,17,195,2,1,0,91,0,97,118,214,0,0,8,8,138,10,0,0,33,47,76,53,63,28,66,254,5,69,196,17,195,1,53,63,93,254,28,68,129,0,0,0,4,17,195,2,1,0,83,0,164,255,223,0,0,8,8,139,10,0,0,33,63,76,53,63,28,30,254,5,69,196,211,149,1,53,63,201,254,25,68,129,0,0,10,0,211,149,1,1,0,87,0,53,147,225,0,0,5,0,20,0,7,0,53,63,28,128,254,5,69,196,211,149,1,53,63,201,254,25,68,129,0,0,10,0,211,149,1,1,0,87,0,157,61,226,0,0,5,0,20,0,7,0,53,63,28,133,254,5,69,196,211,149,1,53,63,201,254,25,68,129,0,0,10,0,211,149,1,1,0,83,0,21,232,226,0,0,5,0,20,0,7,0,53,63,28,220,254,5,69,196,211,149,1,53,63,201,254,25,68,129,0,0,10,0,211,149,1,1,0,87,0,37,147,227,0,0,5,0,20,0,7,0,53,63,28,146,254,5,69,196,211,149,1,53,63,201,254,25,68,129,0,0,10,0,211,149,1,1,0,87,0,208,61,228,0,0,5,0,20,0,7,0,53,63,28,206,254,5,69,196,17,195,1,53,63,93,254,28,68,129,0,0,0,4,17,195,2,1,0,87,0,205,137,233,0,0,8,8,140,10,0,0,33,100,76,53,63,28,111,254,5,69,196,17,195,1,53,63,93,254,28,68,129,0,0,0,4,17,195,2,1,0,83,0,2,11,3,0,0,8,8,141,10,0,0,33,153,76,53,63,28,48,254,5,69,196,17,195,1,53,63,93,254,28,68,129,0,0,0,4,17,195,2,1,0,87,0,54,140,12,0,0,8,8,142,10,0,0,33,198,65,53,63,28,217,254,5,69,196,17,195,1,53,63,93,254,28,68,129,0,0,0,4,17,195,2,1,0,91,0,197,6,22,0,0,8,8,143,10,0,0,33,12,52,53,63,28,8,254,5,69,196,17,195,1,53,63,93,254,28,68,129,0,0,0,4,17,195,2,1,0,83,0,93,144,31,0,0,8,8,144,10,0,0,33,200,50,53,63,28,218,254,5,69,196,17,195,1,53,63,93,254,28,68,129,0,0,0,4,17,195,2,1,0,91,0,64,18,41,0,0,8,8,145,10,0,0,33,29,50,53,63,28,175,254,28,68,129,0,0,2,4,140,102,1,1,0,178,0,253,174,42,0,0,8,24,140,10,0,0,41,164,9,140,102,29,27,254,28,68,129,0,0,5,4,140,102,1,1,0,178,0,243,175,42,0,0,8,24,141,10,0,0,33,243,14,140,102,29,74,254,37,68,129,0,0,3,4,140,102,1,1,0,178,0,214,176,42,0,0,17,24,142,10,0,0,41,215,3,20,0,40,255,16,0,41,106,38,140,102,29,194,254,5,69,196,211,149,1,53,63,201,254,31,68,129,0,0,1,0,211,149,1,1,0,87,0,128,254,44,0,0,11,8,21,10,33,0,32,200,32,0,32,30,53,63,28,69,254,5,69,196,211,149,1,53,63,201,254,31,68,129,0,0,1,0,211,149,1,1,0,87,0,252,169,45,0,0,11,8,21,10,33,0,32,200,32,0,32,30,53,63,28,111,254,5,69,196,211,149,1,53,63,201,254,31,68,129,0,0,1,0,211,149,1,1,0,87,0,5,84,46,0,0,11,8,21,10,33,0,32,200,32,0,32,30,53,63,28,104,254,5,69,196,211,149,1,53,63,201,254,31,68,129,0,0,1,0,211,149,1,1,0,87,0,139,255,46,0,0,11,8,21,10,33,0,32,200,32,0,32,30,53,63,28,77,254,5,69,196,211,149,1,53,63,201,254,31,68,129,0,0,1,0,211,149,1,1,0,87,0,61,169,47,0,0,11,8,21,10,33,0,32,200,32,0,32,30,53,63,28,172,254,5,69,196,17,195,1,53,63,93,254,28,68,129,0,0,0,4,17,195,2,1,0,87,0,6,148,50,0,0,8,8,146,10,0,0,33,209,49,53,63,28,180,254,5,69,196,17,195,1,53,63,93,254,28,68,129,0,0,0,4,17,195,2,1,0,87,0,93,14,60,0,0,8,8,147,10,0,0,33,184,49,53,63,28,19,254,5,69,196,17,195,1,53,63,93,254,28,68,129,0,0,0,4,17,195,2,1,0,87,0,162,195,69,0,0,8,8,148,10,0,0,33,209,49,53,63,28,54,254,5,69,196,17,195,1,53,63,93,254,28,68,129,0,0,0,4,17,195,2,1,0,87,0,85,222,88,0,0,8,8,149,10,0,0,33,234,49,53,63,28,251,254,5,69,196,17,195,1,53,63,93,254,28,68,129,0,0,0,4,17,195,2,1,0,87,0,209,97,98,0,0,8,8,150,10,0,0,33,4,50,53,63,28,20,254,28,68,129,0,0,2,4,138,128,1,1,0,94,0,46,8,99,0,0,8,24,213,10,0,0,41,57,9,138,128,29,15,254,28,68,129,0,0,5,4,138,128,1,1,0,91,0,56,9,99,0,0,8,24,214,10,0,0,33,166,15,138,128,29,136,254,37,68,129,0,0,3,4,138,128,1,1,0,91,0,67,10,99,0,0,17,24,215,10,0,0,41,215,3,20,0,40,255,16,0,41,105,38,138,128,29,23,254,5,69,196,17,195,1,53,63,93,254,28,68,129,0,0,0,4,17,195,2,1,0,83,0,119,189,112,0,0,8,8,151,10,0,0,33,234,49,53,63,28,148,254,5,69,196,17,195,1,53,63,93,254,28,68,129,0,0,0,4,17,195,2,1,0,83,0,31,65,122,0,0,8,8,152,10,0,0,33,209,49,53,63,28,62,254,1,100,1,0,100,254,3,68,128,0,1,3,197]
[2026-03-12 13:05:11] debug: 	zh:zstack:unpi:parser: --> parsed 28 - 2 - 4 - 129 - [0,0,0,4,17,195,2,1,0,83,0,47,64,95,0,0,8,8,125,10,0,0,33,59,74,53,63,28] - 94
[2026-03-12 13:05:11] debug: 	zh:zstack:znp: <-- AREQ: AF - incomingMsg - {"groupid":0,"clusterid":1024,"srcaddr":49937,"srcendpoint":2,"dstendpoint":1,"wasbroadcast":0,"linkquality":83,"securityuse":0,"timestamp":6242351,"transseqnumber":0,"len":8,"data":{"type":"Buffer","data":[8,125,10,0,0,33,59,74]}}
[2026-03-12 13:05:11] debug: 	zh:controller: Received payload: clusterID=1024, address=49937, groupID=0, endpoint=2, destinationEndpoint=1, wasBroadcast=false, linkQuality=83, frame={"header":{"frameControl":{"frameType":0,"manufacturerSpecific":false,"direction":1,"disableDefaultResponse":false,"reservedBits":0},"transactionSequenceNumber":125,"commandIdentifier":10},"payload":[{"attrId":0,"dataType":33,"attrData":19003}],"command":{"ID":10,"name":"report","parameters":[{"name":"attrId","type":9},{"name":"dataType","type":8},{"name":"attrData","type":1000}]}}
[2026-03-12 13:05:11] debug: 	zh:controller:endpoint: ZCL command 0x001788010916738d/2 msIlluminanceMeasurement.defaultRsp({"cmdId":10,"statusCode":0}, {"timeout":10000,"disableResponse":false,"disableRecovery":false,"disableDefaultResponse":true,"direction":1,"reservedBits":0,"transactionSequenceNumber":125,"writeUndiv":false})
[2026-03-12 13:05:11] debug: 	zh:zstack:unpi:parser: --- parseNext [254,5,69,196,17,195,1,53,63,93,254,28,68,129,0,0,2,4,17,195,2,1,0,91,0,41,180,100,0,0,8,8,126,10,0,0,41,199,8,53,63,28,40,254,5,69,196,17,195,1,53,63,93,254,28,68,129,0,0,0,4,17,195,2,1,0,91,0,126,186,104,0,0,8,8,127,10,0,0,33,79,73,53,63,28,191,254,5,69,196,17,195,1,53,63,93,254,28,68,129,0,0,0,4,17,195,2,1,0,83,0,141,52,114,0,0,8,8,128,10,0,0,33,31,75,53,63,28,125,254,5,69,196,17,195,1,53,63,93,254,28,68,129,0,0,0,4,17,195,2,1,0,87,0,166,174,123,0,0,8,8,129,10,0,0,33,9,76,53,63,28,209,254,5,69,196,17,195,1,53,63,93,254,28,68,129,0,0,0,4,17,195,2,1,0,87,0,137,56,133,0,0,8,8,130,10,0,0,33,4,76,53,63,28,152,254,5,69,196,17,195,1,53,63,93,254,28,68,129,0,0,0,4,17,195,2,1,0,91,0,117,178,142,0,0,8,8,131,10,0,0,33,9,76,53,63,28,229,254,5,69,196,17,195,1,53,63,93,254,28,68,129,0,0,0,4,17,195,2,1,0,87,0,233,44,152,0,0,8,8,132,10,0,0,33,14,76,53,63,28,253,254,32,68,129,0,0,25,0,53,63,1,13,0,87,0,237,150,155,0,0,12,1,91,1,0,102,17,32,1,48,106,2,32,53,63,29,35,254,32,68,129,0,0,25,0,53,63,1,13,0,87,0,132,121,158,0,0,12,1,92,1,0,102,17,32,1,48,106,2,32,53,63,29,167,254,32,68,129,0,0,25,0,53,63,1,13,0,87,0,227,91,161,0,0,12,1,93,1,0,102,17,32,1,48,106,2,32,53,63,29,220,254,32,68,129,0,0,25,0,53,63,1,13,0,83,0,65,62,164,0,0,12,1,94,1,0,102,17,32,1,48,106,2,32,53,63,29,25,254,5,69,196,17,195,1,53,63,93,254,28,68,129,0,0,0,4,17,195,2,1,0,87,0,36,220,166,0,0,8,8,133,10,0,0,33,9,76,53,63,28,248,254,32,68,129,0,0,25,0,53,63,1,13,0,83,0,2,32,167,0,0,12,1,95,1,0,102,17,32,1,48,106,2,32,53,63,29,70,254,5,69,196,211,149,1,53,63,201,254,27,68,129,0,0,1,0,211,149,1,1,0,87,0,4,194,170,0,0,7,24,19,10,33,0,32,200,53,63,28,123,254,5,69,196,17,195,1,53,63,93,254,28,68,129,0,0,0,4,17,195,2,1,0,87,0,183,95,176,0,0,8,8,134,10,0,0,33,14,76,53,63,28,250,254,5,69,196,17,195,1,53,63,93,254,28,68,129,0,0,0,4,17,195,2,1,0,83,0,86,233,185,0,0,8,8,135,10,0,0,33,20,76,53,63,28,187,254,5,69,196,17,195,1,53,63,93,254,28,68,129,0,0,0,4,17,195,2,1,0,87,0,144,114,195,0,0,8,8,136,10,0,0,33,25,76,53,63,28,154,254,5,69,196,17,195,1,53,63,93,254,28,68,129,0,0,0,4,17,195,2,1,0,87,0,168,244,204,0,0,8,8,137,10,0,0,33,36,76,53,63,28,23,254,5,69,196,17,195,1,53,63,93,254,28,68,129,0,0,0,4,17,195,2,1,0,91,0,97,118,214,0,0,8,8,138,10,0,0,33,47,76,53,63,28,66,254,5,69,196,17,195,1,53,63,93,254,28,68,129,0,0,0,4,17,195,2,1,0,83,0,164,255,223,0,0,8,8,139,10,0,0,33,63,76,53,63,28,30,254,5,69,196,211,149,1,53,63,201,254,25,68,129,0,0,10,0,211,149,1,1,0,87,0,53,147,225,0,0,5,0,20,0,7,0,53,63,28,128,254,5,69,196,211,149,1,53,63,201,254,25,68,129,0,0,10,0,211,149,1,1,0,87,0,157,61,226,0,0,5,0,20,0,7,0,53,63,28,133,254,5,69,196,211,149,1,53,63,201,254,25,68,129,0,0,10,0,211,149,1,1,0,83,0,21,232,226,0,0,5,0,20,0,7,0,53,63,28,220,254,5,69,196,211,149,1,53,63,201,254,25,68,129,0,0,10,0,211,149,1,1,0,87,0,37,147,227,0,0,5,0,20,0,7,0,53,63,28,146,254,5,69,196,211,149,1,53,63,201,254,25,68,129,0,0,10,0,211,149,1,1,0,87,0,208,61,228,0,0,5,0,20,0,7,0,53,63,28,206,254,5,69,196,17,195,1,53,63,93,254,28,68,129,0,0,0,4,17,195,2,1,0,87,0,205,137,233,0,0,8,8,140,10,0,0,33,100,76,53,63,28,111,254,5,69,196,17,195,1,53,63,93,254,28,68,129,0,0,0,4,17,195,2,1,0,83,0,2,11,3,0,0,8,8,141,10,0,0,33,153,76,53,63,28,48,254,5,69,196,17,195,1,53,63,93,254,28,68,129,0,0,0,4,17,195,2,1,0,87,0,54,140,12,0,0,8,8,142,10,0,0,33,198,65,53,63,28,217,254,5,69,196,17,195,1,53,63,93,254,28,68,129,0,0,0,4,17,195,2,1,0,91,0,197,6,22,0,0,8,8,143,10,0,0,33,12,52,53,63,28,8,254,5,69,196,17,195,1,53,63,93,254,28,68,129,0,0,0,4,17,195,2,1,0,83,0,93,144,31,0,0,8,8,144,10,0,0,33,200,50,53,63,28,218,254,5,69,196,17,195,1,53,63,93,254,28,68,129,0,0,0,4,17,195,2,1,0,91,0,64,18,41,0,0,8,8,145,10,0,0,33,29,50,53,63,28,175,254,28,68,129,0,0,2,4,140,102,1,1,0,178,0,253,174,42,0,0,8,24,140,10,0,0,41,164,9,140,102,29,27,254,28,68,129,0,0,5,4,140,102,1,1,0,178,0,243,175,42,0,0,8,24,141,10,0,0,33,243,14,140,102,29,74,254,37,68,129,0,0,3,4,140,102,1,1,0,178,0,214,176,42,0,0,17,24,142,10,0,0,41,215,3,20,0,40,255,16,0,41,106,38,140,102,29,194,254,5,69,196,211,149,1,53,63,201,254,31,68,129,0,0,1,0,211,149,1,1,0,87,0,128,254,44,0,0,11,8,21,10,33,0,32,200,32,0,32,30,53,63,28,69,254,5,69,196,211,149,1,53,63,201,254,31,68,129,0,0,1,0,211,149,1,1,0,87,0,252,169,45,0,0,11,8,21,10,33,0,32,200,32,0,32,30,53,63,28,111,254,5,69,196,211,149,1,53,63,201,254,31,68,129,0,0,1,0,211,149,1,1,0,87,0,5,84,46,0,0,11,8,21,10,33,0,32,200,32,0,32,30,53,63,28,104,254,5,69,196,211,149,1,53,63,201,254,31,68,129,0,0,1,0,211,149,1,1,0,87,0,139,255,46,0,0,11,8,21,10,33,0,32,200,32,0,32,30,53,63,28,77,254,5,69,196,211,149,1,53,63,201,254,31,68,129,0,0,1,0,211,149,1,1,0,87,0,61,169,47,0,0,11,8,21,10,33,0,32,200,32,0,32,30,53,63,28,172,254,5,69,196,17,195,1,53,63,93,254,28,68,129,0,0,0,4,17,195,2,1,0,87,0,6,148,50,0,0,8,8,146,10,0,0,33,209,49,53,63,28,180,254,5,69,196,17,195,1,53,63,93,254,28,68,129,0,0,0,4,17,195,2,1,0,87,0,93,14,60,0,0,8,8,147,10,0,0,33,184,49,53,63,28,19,254,5,69,196,17,195,1,53,63,93,254,28,68,129,0,0,0,4,17,195,2,1,0,87,0,162,195,69,0,0,8,8,148,10,0,0,33,209,49,53,63,28,54,254,5,69,196,17,195,1,53,63,93,254,28,68,129,0,0,0,4,17,195,2,1,0,87,0,85,222,88,0,0,8,8,149,10,0,0,33,234,49,53,63,28,251,254,5,69,196,17,195,1,53,63,93,254,28,68,129,0,0,0,4,17,195,2,1,0,87,0,209,97,98,0,0,8,8,150,10,0,0,33,4,50,53,63,28,20,254,28,68,129,0,0,2,4,138,128,1,1,0,94,0,46,8,99,0,0,8,24,213,10,0,0,41,57,9,138,128,29,15,254,28,68,129,0,0,5,4,138,128,1,1,0,91,0,56,9,99,0,0,8,24,214,10,0,0,33,166,15,138,128,29,136,254,37,68,129,0,0,3,4,138,128,1,1,0,91,0,67,10,99,0,0,17,24,215,10,0,0,41,215,3,20,0,40,255,16,0,41,105,38,138,128,29,23,254,5,69,196,17,195,1,53,63,93,254,28,68,129,0,0,0,4,17,195,2,1,0,83,0,119,189,112,0,0,8,8,151,10,0,0,33,234,49,53,63,28,148,254,5,69,196,17,195,1,53,63,93,254,28,68,129,0,0,0,4,17,195,2,1,0,83,0,31,65,122,0,0,8,8,152,10,0,0,33,209,49,53,63,28,62,254,1,100,1,0,100,254,3,68,128,0,1,3,197]
[2026-03-12 13:05:11] debug: 	zh:zstack:unpi:parser: --> parsed 5 - 2 - 5 - 196 - [17,195,1,53,63] - 93
[2026-03-12 13:05:11] debug: 	zh:zstack:znp: <-- AREQ: ZDO - srcRtgInd
[2026-03-12 13:05:11] debug: 	zh:zstack:unpi:parser: --- parseNext [254,28,68,129,0,0,2,4,17,195,2,1,0,91,0,41,180,100,0,0,8,8,126,10,0,0,41,199,8,53,63,28,40,254,5,69,196,17,195,1,53,63,93,254,28,68,129,0,0,0,4,17,195,2,1,0,91,0,126,186,104,0,0,8,8,127,10,0,0,33,79,73,53,63,28,191,254,5,69,196,17,195,1,53,63,93,254,28,68,129,0,0,0,4,17,195,2,1,0,83,0,141,52,114,0,0,8,8,128,10,0,0,33,31,75,53,63,28,125,254,5,69,196,17,195,1,53,63,93,254,28,68,129,0,0,0,4,17,195,2,1,0,87,0,166,174,123,0,0,8,8,129,10,0,0,33,9,76,53,63,28,209,254,5,69,196,17,195,1,53,63,93,254,28,68,129,0,0,0,4,17,195,2,1,0,87,0,137,56,133,0,0,8,8,130,10,0,0,33,4,76,53,63,28,152,254,5,69,196,17,195,1,53,63,93,254,28,68,129,0,0,0,4,17,195,2,1,0,91,0,117,178,142,0,0,8,8,131,10,0,0,33,9,76,53,63,28,229,254,5,69,196,17,195,1,53,63,93,254,28,68,129,0,0,0,4,17,195,2,1,0,87,0,233,44,152,0,0,8,8,132,10,0,0,33,14,76,53,63,28,253,254,32,68,129,0,0,25,0,53,63,1,13,0,87,0,237,150,155,0,0,12,1,91,1,0,102,17,32,1,48,106,2,32,53,63,29,35,254,32,68,129,0,0,25,0,53,63,1,13,0,87,0,132,121,158,0,0,12,1,92,1,0,102,17,32,1,48,106,2,32,53,63,29,167,254,32,68,129,0,0,25,0,53,63,1,13,0,87,0,227,91,161,0,0,12,1,93,1,0,102,17,32,1,48,106,2,32,53,63,29,220,254,32,68,129,0,0,25,0,53,63,1,13,0,83,0,65,62,164,0,0,12,1,94,1,0,102,17,32,1,48,106,2,32,53,63,29,25,254,5,69,196,17,195,1,53,63,93,254,28,68,129,0,0,0,4,17,195,2,1,0,87,0,36,220,166,0,0,8,8,133,10,0,0,33,9,76,53,63,28,248,254,32,68,129,0,0,25,0,53,63,1,13,0,83,0,2,32,167,0,0,12,1,95,1,0,102,17,32,1,48,106,2,32,53,63,29,70,254,5,69,196,211,149,1,53,63,201,254,27,68,129,0,0,1,0,211,149,1,1,0,87,0,4,194,170,0,0,7,24,19,10,33,0,32,200,53,63,28,123,254,5,69,196,17,195,1,53,63,93,254,28,68,129,0,0,0,4,17,195,2,1,0,87,0,183,95,176,0,0,8,8,134,10,0,0,33,14,76,53,63,28,250,254,5,69,196,17,195,1,53,63,93,254,28,68,129,0,0,0,4,17,195,2,1,0,83,0,86,233,185,0,0,8,8,135,10,0,0,33,20,76,53,63,28,187,254,5,69,196,17,195,1,53,63,93,254,28,68,129,0,0,0,4,17,195,2,1,0,87,0,144,114,195,0,0,8,8,136,10,0,0,33,25,76,53,63,28,154,254,5,69,196,17,195,1,53,63,93,254,28,68,129,0,0,0,4,17,195,2,1,0,87,0,168,244,204,0,0,8,8,137,10,0,0,33,36,76,53,63,28,23,254,5,69,196,17,195,1,53,63,93,254,28,68,129,0,0,0,4,17,195,2,1,0,91,0,97,118,214,0,0,8,8,138,10,0,0,33,47,76,53,63,28,66,254,5,69,196,17,195,1,53,63,93,254,28,68,129,0,0,0,4,17,195,2,1,0,83,0,164,255,223,0,0,8,8,139,10,0,0,33,63,76,53,63,28,30,254,5,69,196,211,149,1,53,63,201,254,25,68,129,0,0,10,0,211,149,1,1,0,87,0,53,147,225,0,0,5,0,20,0,7,0,53,63,28,128,254,5,69,196,211,149,1,53,63,201,254,25,68,129,0,0,10,0,211,149,1,1,0,87,0,157,61,226,0,0,5,0,20,0,7,0,53,63,28,133,254,5,69,196,211,149,1,53,63,201,254,25,68,129,0,0,10,0,211,149,1,1,0,83,0,21,232,226,0,0,5,0,20,0,7,0,53,63,28,220,254,5,69,196,211,149,1,53,63,201,254,25,68,129,0,0,10,0,211,149,1,1,0,87,0,37,147,227,0,0,5,0,20,0,7,0,53,63,28,146,254,5,69,196,211,149,1,53,63,201,254,25,68,129,0,0,10,0,211,149,1,1,0,87,0,208,61,228,0,0,5,0,20,0,7,0,53,63,28,206,254,5,69,196,17,195,1,53,63,93,254,28,68,129,0,0,0,4,17,195,2,1,0,87,0,205,137,233,0,0,8,8,140,10,0,0,33,100,76,53,63,28,111,254,5,69,196,17,195,1,53,63,93,254,28,68,129,0,0,0,4,17,195,2,1,0,83,0,2,11,3,0,0,8,8,141,10,0,0,33,153,76,53,63,28,48,254,5,69,196,17,195,1,53,63,93,254,28,68,129,0,0,0,4,17,195,2,1,0,87,0,54,140,12,0,0,8,8,142,10,0,0,33,198,65,53,63,28,217,254,5,69,196,17,195,1,53,63,93,254,28,68,129,0,0,0,4,17,195,2,1,0,91,0,197,6,22,0,0,8,8,143,10,0,0,33,12,52,53,63,28,8,254,5,69,196,17,195,1,53,63,93,254,28,68,129,0,0,0,4,17,195,2,1,0,83,0,93,144,31,0,0,8,8,144,10,0,0,33,200,50,53,63,28,218,254,5,69,196,17,195,1,53,63,93,254,28,68,129,0,0,0,4,17,195,2,1,0,91,0,64,18,41,0,0,8,8,145,10,0,0,33,29,50,53,63,28,175,254,28,68,129,0,0,2,4,140,102,1,1,0,178,0,253,174,42,0,0,8,24,140,10,0,0,41,164,9,140,102,29,27,254,28,68,129,0,0,5,4,140,102,1,1,0,178,0,243,175,42,0,0,8,24,141,10,0,0,33,243,14,140,102,29,74,254,37,68,129,0,0,3,4,140,102,1,1,0,178,0,214,176,42,0,0,17,24,142,10,0,0,41,215,3,20,0,40,255,16,0,41,106,38,140,102,29,194,254,5,69,196,211,149,1,53,63,201,254,31,68,129,0,0,1,0,211,149,1,1,0,87,0,128,254,44,0,0,11,8,21,10,33,0,32,200,32,0,32,30,53,63,28,69,254,5,69,196,211,149,1,53,63,201,254,31,68,129,0,0,1,0,211,149,1,1,0,87,0,252,169,45,0,0,11,8,21,10,33,0,32,200,32,0,32,30,53,63,28,111,254,5,69,196,211,149,1,53,63,201,254,31,68,129,0,0,1,0,211,149,1,1,0,87,0,5,84,46,0,0,11,8,21,10,33,0,32,200,32,0,32,30,53,63,28,104,254,5,69,196,211,149,1,53,63,201,254,31,68,129,0,0,1,0,211,149,1,1,0,87,0,139,255,46,0,0,11,8,21,10,33,0,32,200,32,0,32,30,53,63,28,77,254,5,69,196,211,149,1,53,63,201,254,31,68,129,0,0,1,0,211,149,1,1,0,87,0,61,169,47,0,0,11,8,21,10,33,0,32,200,32,0,32,30,53,63,28,172,254,5,69,196,17,195,1,53,63,93,254,28,68,129,0,0,0,4,17,195,2,1,0,87,0,6,148,50,0,0,8,8,146,10,0,0,33,209,49,53,63,28,180,254,5,69,196,17,195,1,53,63,93,254,28,68,129,0,0,0,4,17,195,2,1,0,87,0,93,14,60,0,0,8,8,147,10,0,0,33,184,49,53,63,28,19,254,5,69,196,17,195,1,53,63,93,254,28,68,129,0,0,0,4,17,195,2,1,0,87,0,162,195,69,0,0,8,8,148,10,0,0,33,209,49,53,63,28,54,254,5,69,196,17,195,1,53,63,93,254,28,68,129,0,0,0,4,17,195,2,1,0,87,0,85,222,88,0,0,8,8,149,10,0,0,33,234,49,53,63,28,251,254,5,69,196,17,195,1,53,63,93,254,28,68,129,0,0,0,4,17,195,2,1,0,87,0,209,97,98,0,0,8,8,150,10,0,0,33,4,50,53,63,28,20,254,28,68,129,0,0,2,4,138,128,1,1,0,94,0,46,8,99,0,0,8,24,213,10,0,0,41,57,9,138,128,29,15,254,28,68,129,0,0,5,4,138,128,1,1,0,91,0,56,9,99,0,0,8,24,214,10,0,0,33,166,15,138,128,29,136,254,37,68,129,0,0,3,4,138,128,1,1,0,91,0,67,10,99,0,0,17,24,215,10,0,0,41,215,3,20,0,40,255,16,0,41,105,38,138,128,29,23,254,5,69,196,17,195,1,53,63,93,254,28,68,129,0,0,0,4,17,195,2,1,0,83,0,119,189,112,0,0,8,8,151,10,0,0,33,234,49,53,63,28,148,254,5,69,196,17,195,1,53,63,93,254,28,68,129,0,0,0,4,17,195,2,1,0,83,0,31,65,122,0,0,8,8,152,10,0,0,33,209,49,53,63,28,62,254,1,100,1,0,100,254,3,68,128,0,1,3,197]
[2026-03-12 13:05:11] debug: 	zh:zstack:unpi:parser: --> parsed 28 - 2 - 4 - 129 - [0,0,2,4,17,195,2,1,0,91,0,41,180,100,0,0,8,8,126,10,0,0,41,199,8,53,63,28] - 40
[2026-03-12 13:05:11] debug: 	zh:zstack:znp: <-- AREQ: AF - incomingMsg - {"groupid":0,"clusterid":1026,"srcaddr":49937,"srcendpoint":2,"dstendpoint":1,"wasbroadcast":0,"linkquality":91,"securityuse":0,"timestamp":6599721,"transseqnumber":0,"len":8,"data":{"type":"Buffer","data":[8,126,10,0,0,41,199,8]}}
[2026-03-12 13:05:11] debug: 	zh:controller: Received payload: clusterID=1026, address=49937, groupID=0, endpoint=2, destinationEndpoint=1, wasBroadcast=false, linkQuality=91, frame={"header":{"frameControl":{"frameType":0,"manufacturerSpecific":false,"direction":1,"disableDefaultResponse":false,"reservedBits":0},"transactionSequenceNumber":126,"commandIdentifier":10},"payload":[{"attrId":0,"dataType":41,"attrData":2247}],"command":{"ID":10,"name":"report","parameters":[{"name":"attrId","type":9},{"name":"dataType","type":8},{"name":"attrData","type":1000}]}}
[2026-03-12 13:05:11] debug: 	zh:controller:endpoint: ZCL command 0x001788010916738d/2 msTemperatureMeasurement.defaultRsp({"cmdId":10,"statusCode":0}, {"timeout":10000,"disableResponse":false,"disableRecovery":false,"disableDefaultResponse":true,"direction":1,"reservedBits":0,"transactionSequenceNumber":126,"writeUndiv":false})
[2026-03-12 13:05:11] debug: 	zh:zstack:unpi:parser: --- parseNext [254,5,69,196,17,195,1,53,63,93,254,28,68,129,0,0,0,4,17,195,2,1,0,91,0,126,186,104,0,0,8,8,127,10,0,0,33,79,73,53,63,28,191,254,5,69,196,17,195,1,53,63,93,254,28,68,129,0,0,0,4,17,195,2,1,0,83,0,141,52,114,0,0,8,8,128,10,0,0,33,31,75,53,63,28,125,254,5,69,196,17,195,1,53,63,93,254,28,68,129,0,0,0,4,17,195,2,1,0,87,0,166,174,123,0,0,8,8,129,10,0,0,33,9,76,53,63,28,209,254,5,69,196,17,195,1,53,63,93,254,28,68,129,0,0,0,4,17,195,2,1,0,87,0,137,56,133,0,0,8,8,130,10,0,0,33,4,76,53,63,28,152,254,5,69,196,17,195,1,53,63,93,254,28,68,129,0,0,0,4,17,195,2,1,0,91,0,117,178,142,0,0,8,8,131,10,0,0,33,9,76,53,63,28,229,254,5,69,196,17,195,1,53,63,93,254,28,68,129,0,0,0,4,17,195,2,1,0,87,0,233,44,152,0,0,8,8,132,10,0,0,33,14,76,53,63,28,253,254,32,68,129,0,0,25,0,53,63,1,13,0,87,0,237,150,155,0,0,12,1,91,1,0,102,17,32,1,48,106,2,32,53,63,29,35,254,32,68,129,0,0,25,0,53,63,1,13,0,87,0,132,121,158,0,0,12,1,92,1,0,102,17,32,1,48,106,2,32,53,63,29,167,254,32,68,129,0,0,25,0,53,63,1,13,0,87,0,227,91,161,0,0,12,1,93,1,0,102,17,32,1,48,106,2,32,53,63,29,220,254,32,68,129,0,0,25,0,53,63,1,13,0,83,0,65,62,164,0,0,12,1,94,1,0,102,17,32,1,48,106,2,32,53,63,29,25,254,5,69,196,17,195,1,53,63,93,254,28,68,129,0,0,0,4,17,195,2,1,0,87,0,36,220,166,0,0,8,8,133,10,0,0,33,9,76,53,63,28,248,254,32,68,129,0,0,25,0,53,63,1,13,0,83,0,2,32,167,0,0,12,1,95,1,0,102,17,32,1,48,106,2,32,53,63,29,70,254,5,69,196,211,149,1,53,63,201,254,27,68,129,0,0,1,0,211,149,1,1,0,87,0,4,194,170,0,0,7,24,19,10,33,0,32,200,53,63,28,123,254,5,69,196,17,195,1,53,63,93,254,28,68,129,0,0,0,4,17,195,2,1,0,87,0,183,95,176,0,0,8,8,134,10,0,0,33,14,76,53,63,28,250,254,5,69,196,17,195,1,53,63,93,254,28,68,129,0,0,0,4,17,195,2,1,0,83,0,86,233,185,0,0,8,8,135,10,0,0,33,20,76,53,63,28,187,254,5,69,196,17,195,1,53,63,93,254,28,68,129,0,0,0,4,17,195,2,1,0,87,0,144,114,195,0,0,8,8,136,10,0,0,33,25,76,53,63,28,154,254,5,69,196,17,195,1,53,63,93,254,28,68,129,0,0,0,4,17,195,2,1,0,87,0,168,244,204,0,0,8,8,137,10,0,0,33,36,76,53,63,28,23,254,5,69,196,17,195,1,53,63,93,254,28,68,129,0,0,0,4,17,195,2,1,0,91,0,97,118,214,0,0,8,8,138,10,0,0,33,47,76,53,63,28,66,254,5,69,196,17,195,1,53,63,93,254,28,68,129,0,0,0,4,17,195,2,1,0,83,0,164,255,223,0,0,8,8,139,10,0,0,33,63,76,53,63,28,30,254,5,69,196,211,149,1,53,63,201,254,25,68,129,0,0,10,0,211,149,1,1,0,87,0,53,147,225,0,0,5,0,20,0,7,0,53,63,28,128,254,5,69,196,211,149,1,53,63,201,254,25,68,129,0,0,10,0,211,149,1,1,0,87,0,157,61,226,0,0,5,0,20,0,7,0,53,63,28,133,254,5,69,196,211,149,1,53,63,201,254,25,68,129,0,0,10,0,211,149,1,1,0,83,0,21,232,226,0,0,5,0,20,0,7,0,53,63,28,220,254,5,69,196,211,149,1,53,63,201,254,25,68,129,0,0,10,0,211,149,1,1,0,87,0,37,147,227,0,0,5,0,20,0,7,0,53,63,28,146,254,5,69,196,211,149,1,53,63,201,254,25,68,129,0,0,10,0,211,149,1,1,0,87,0,208,61,228,0,0,5,0,20,0,7,0,53,63,28,206,254,5,69,196,17,195,1,53,63,93,254,28,68,129,0,0,0,4,17,195,2,1,0,87,0,205,137,233,0,0,8,8,140,10,0,0,33,100,76,53,63,28,111,254,5,69,196,17,195,1,53,63,93,254,28,68,129,0,0,0,4,17,195,2,1,0,83,0,2,11,3,0,0,8,8,141,10,0,0,33,153,76,53,63,28,48,254,5,69,196,17,195,1,53,63,93,254,28,68,129,0,0,0,4,17,195,2,1,0,87,0,54,140,12,0,0,8,8,142,10,0,0,33,198,65,53,63,28,217,254,5,69,196,17,195,1,53,63,93,254,28,68,129,0,0,0,4,17,195,2,1,0,91,0,197,6,22,0,0,8,8,143,10,0,0,33,12,52,53,63,28,8,254,5,69,196,17,195,1,53,63,93,254,28,68,129,0,0,0,4,17,195,2,1,0,83,0,93,144,31,0,0,8,8,144,10,0,0,33,200,50,53,63,28,218,254,5,69,196,17,195,1,53,63,93,254,28,68,129,0,0,0,4,17,195,2,1,0,91,0,64,18,41,0,0,8,8,145,10,0,0,33,29,50,53,63,28,175,254,28,68,129,0,0,2,4,140,102,1,1,0,178,0,253,174,42,0,0,8,24,140,10,0,0,41,164,9,140,102,29,27,254,28,68,129,0,0,5,4,140,102,1,1,0,178,0,243,175,42,0,0,8,24,141,10,0,0,33,243,14,140,102,29,74,254,37,68,129,0,0,3,4,140,102,1,1,0,178,0,214,176,42,0,0,17,24,142,10,0,0,41,215,3,20,0,40,255,16,0,41,106,38,140,102,29,194,254,5,69,196,211,149,1,53,63,201,254,31,68,129,0,0,1,0,211,149,1,1,0,87,0,128,254,44,0,0,11,8,21,10,33,0,32,200,32,0,32,30,53,63,28,69,254,5,69,196,211,149,1,53,63,201,254,31,68,129,0,0,1,0,211,149,1,1,0,87,0,252,169,45,0,0,11,8,21,10,33,0,32,200,32,0,32,30,53,63,28,111,254,5,69,196,211,149,1,53,63,201,254,31,68,129,0,0,1,0,211,149,1,1,0,87,0,5,84,46,0,0,11,8,21,10,33,0,32,200,32,0,32,30,53,63,28,104,254,5,69,196,211,149,1,53,63,201,254,31,68,129,0,0,1,0,211,149,1,1,0,87,0,139,255,46,0,0,11,8,21,10,33,0,32,200,32,0,32,30,53,63,28,77,254,5,69,196,211,149,1,53,63,201,254,31,68,129,0,0,1,0,211,149,1,1,0,87,0,61,169,47,0,0,11,8,21,10,33,0,32,200,32,0,32,30,53,63,28,172,254,5,69,196,17,195,1,53,63,93,254,28,68,129,0,0,0,4,17,195,2,1,0,87,0,6,148,50,0,0,8,8,146,10,0,0,33,209,49,53,63,28,180,254,5,69,196,17,195,1,53,63,93,254,28,68,129,0,0,0,4,17,195,2,1,0,87,0,93,14,60,0,0,8,8,147,10,0,0,33,184,49,53,63,28,19,254,5,69,196,17,195,1,53,63,93,254,28,68,129,0,0,0,4,17,195,2,1,0,87,0,162,195,69,0,0,8,8,148,10,0,0,33,209,49,53,63,28,54,254,5,69,196,17,195,1,53,63,93,254,28,68,129,0,0,0,4,17,195,2,1,0,87,0,85,222,88,0,0,8,8,149,10,0,0,33,234,49,53,63,28,251,254,5,69,196,17,195,1,53,63,93,254,28,68,129,0,0,0,4,17,195,2,1,0,87,0,209,97,98,0,0,8,8,150,10,0,0,33,4,50,53,63,28,20,254,28,68,129,0,0,2,4,138,128,1,1,0,94,0,46,8,99,0,0,8,24,213,10,0,0,41,57,9,138,128,29,15,254,28,68,129,0,0,5,4,138,128,1,1,0,91,0,56,9,99,0,0,8,24,214,10,0,0,33,166,15,138,128,29,136,254,37,68,129,0,0,3,4,138,128,1,1,0,91,0,67,10,99,0,0,17,24,215,10,0,0,41,215,3,20,0,40,255,16,0,41,105,38,138,128,29,23,254,5,69,196,17,195,1,53,63,93,254,28,68,129,0,0,0,4,17,195,2,1,0,83,0,119,189,112,0,0,8,8,151,10,0,0,33,234,49,53,63,28,148,254,5,69,196,17,195,1,53,63,93,254,28,68,129,0,0,0,4,17,195,2,1,0,83,0,31,65,122,0,0,8,8,152,10,0,0,33,209,49,53,63,28,62,254,1,100,1,0,100,254,3,68,128,0,1,3,197]
[2026-03-12 13:05:11] debug: 	zh:zstack:unpi:parser: --> parsed 5 - 2 - 5 - 196 - [17,195,1,53,63] - 93
[2026-03-12 13:05:11] debug: 	zh:zstack:znp: <-- AREQ: ZDO - srcRtgInd
[2026-03-12 13:05:11] debug: 	zh:zstack:unpi:parser: --- parseNext [254,28,68,129,0,0,0,4,17,195,2,1,0,91,0,126,186,104,0,0,8,8,127,10,0,0,33,79,73,53,63,28,191,254,5,69,196,17,195,1,53,63,93,254,28,68,129,0,0,0,4,17,195,2,1,0,83,0,141,52,114,0,0,8,8,128,10,0,0,33,31,75,53,63,28,125,254,5,69,196,17,195,1,53,63,93,254,28,68,129,0,0,0,4,17,195,2,1,0,87,0,166,174,123,0,0,8,8,129,10,0,0,33,9,76,53,63,28,209,254,5,69,196,17,195,1,53,63,93,254,28,68,129,0,0,0,4,17,195,2,1,0,87,0,137,56,133,0,0,8,8,130,10,0,0,33,4,76,53,63,28,152,254,5,69,196,17,195,1,53,63,93,254,28,68,129,0,0,0,4,17,195,2,1,0,91,0,117,178,142,0,0,8,8,131,10,0,0,33,9,76,53,63,28,229,254,5,69,196,17,195,1,53,63,93,254,28,68,129,0,0,0,4,17,195,2,1,0,87,0,233,44,152,0,0,8,8,132,10,0,0,33,14,76,53,63,28,253,254,32,68,129,0,0,25,0,53,63,1,13,0,87,0,237,150,155,0,0,12,1,91,1,0,102,17,32,1,48,106,2,32,53,63,29,35,254,32,68,129,0,0,25,0,53,63,1,13,0,87,0,132,121,158,0,0,12,1,92,1,0,102,17,32,1,48,106,2,32,53,63,29,167,254,32,68,129,0,0,25,0,53,63,1,13,0,87,0,227,91,161,0,0,12,1,93,1,0,102,17,32,1,48,106,2,32,53,63,29,220,254,32,68,129,0,0,25,0,53,63,1,13,0,83,0,65,62,164,0,0,12,1,94,1,0,102,17,32,1,48,106,2,32,53,63,29,25,254,5,69,196,17,195,1,53,63,93,254,28,68,129,0,0,0,4,17,195,2,1,0,87,0,36,220,166,0,0,8,8,133,10,0,0,33,9,76,53,63,28,248,254,32,68,129,0,0,25,0,53,63,1,13,0,83,0,2,32,167,0,0,12,1,95,1,0,102,17,32,1,48,106,2,32,53,63,29,70,254,5,69,196,211,149,1,53,63,201,254,27,68,129,0,0,1,0,211,149,1,1,0,87,0,4,194,170,0,0,7,24,19,10,33,0,32,200,53,63,28,123,254,5,69,196,17,195,1,53,63,93,254,28,68,129,0,0,0,4,17,195,2,1,0,87,0,183,95,176,0,0,8,8,134,10,0,0,33,14,76,53,63,28,250,254,5,69,196,17,195,1,53,63,93,254,28,68,129,0,0,0,4,17,195,2,1,0,83,0,86,233,185,0,0,8,8,135,10,0,0,33,20,76,53,63,28,187,254,5,69,196,17,195,1,53,63,93,254,28,68,129,0,0,0,4,17,195,2,1,0,87,0,144,114,195,0,0,8,8,136,10,0,0,33,25,76,53,63,28,154,254,5,69,196,17,195,1,53,63,93,254,28,68,129,0,0,0,4,17,195,2,1,0,87,0,168,244,204,0,0,8,8,137,10,0,0,33,36,76,53,63,28,23,254,5,69,196,17,195,1,53,63,93,254,28,68,129,0,0,0,4,17,195,2,1,0,91,0,97,118,214,0,0,8,8,138,10,0,0,33,47,76,53,63,28,66,254,5,69,196,17,195,1,53,63,93,254,28,68,129,0,0,0,4,17,195,2,1,0,83,0,164,255,223,0,0,8,8,139,10,0,0,33,63,76,53,63,28,30,254,5,69,196,211,149,1,53,63,201,254,25,68,129,0,0,10,0,211,149,1,1,0,87,0,53,147,225,0,0,5,0,20,0,7,0,53,63,28,128,254,5,69,196,211,149,1,53,63,201,254,25,68,129,0,0,10,0,211,149,1,1,0,87,0,157,61,226,0,0,5,0,20,0,7,0,53,63,28,133,254,5,69,196,211,149,1,53,63,201,254,25,68,129,0,0,10,0,211,149,1,1,0,83,0,21,232,226,0,0,5,0,20,0,7,0,53,63,28,220,254,5,69,196,211,149,1,53,63,201,254,25,68,129,0,0,10,0,211,149,1,1,0,87,0,37,147,227,0,0,5,0,20,0,7,0,53,63,28,146,254,5,69,196,211,149,1,53,63,201,254,25,68,129,0,0,10,0,211,149,1,1,0,87,0,208,61,228,0,0,5,0,20,0,7,0,53,63,28,206,254,5,69,196,17,195,1,53,63,93,254,28,68,129,0,0,0,4,17,195,2,1,0,87,0,205,137,233,0,0,8,8,140,10,0,0,33,100,76,53,63,28,111,254,5,69,196,17,195,1,53,63,93,254,28,68,129,0,0,0,4,17,195,2,1,0,83,0,2,11,3,0,0,8,8,141,10,0,0,33,153,76,53,63,28,48,254,5,69,196,17,195,1,53,63,93,254,28,68,129,0,0,0,4,17,195,2,1,0,87,0,54,140,12,0,0,8,8,142,10,0,0,33,198,65,53,63,28,217,254,5,69,196,17,195,1,53,63,93,254,28,68,129,0,0,0,4,17,195,2,1,0,91,0,197,6,22,0,0,8,8,143,10,0,0,33,12,52,53,63,28,8,254,5,69,196,17,195,1,53,63,93,254,28,68,129,0,0,0,4,17,195,2,1,0,83,0,93,144,31,0,0,8,8,144,10,0,0,33,200,50,53,63,28,218,254,5,69,196,17,195,1,53,63,93,254,28,68,129,0,0,0,4,17,195,2,1,0,91,0,64,18,41,0,0,8,8,145,10,0,0,33,29,50,53,63,28,175,254,28,68,129,0,0,2,4,140,102,1,1,0,178,0,253,174,42,0,0,8,24,140,10,0,0,41,164,9,140,102,29,27,254,28,68,129,0,0,5,4,140,102,1,1,0,178,0,243,175,42,0,0,8,24,141,10,0,0,33,243,14,140,102,29,74,254,37,68,129,0,0,3,4,140,102,1,1,0,178,0,214,176,42,0,0,17,24,142,10,0,0,41,215,3,20,0,40,255,16,0,41,106,38,140,102,29,194,254,5,69,196,211,149,1,53,63,201,254,31,68,129,0,0,1,0,211,149,1,1,0,87,0,128,254,44,0,0,11,8,21,10,33,0,32,200,32,0,32,30,53,63,28,69,254,5,69,196,211,149,1,53,63,201,254,31,68,129,0,0,1,0,211,149,1,1,0,87,0,252,169,45,0,0,11,8,21,10,33,0,32,200,32,0,32,30,53,63,28,111,254,5,69,196,211,149,1,53,63,201,254,31,68,129,0,0,1,0,211,149,1,1,0,87,0,5,84,46,0,0,11,8,21,10,33,0,32,200,32,0,32,30,53,63,28,104,254,5,69,196,211,149,1,53,63,201,254,31,68,129,0,0,1,0,211,149,1,1,0,87,0,139,255,46,0,0,11,8,21,10,33,0,32,200,32,0,32,30,53,63,28,77,254,5,69,196,211,149,1,53,63,201,254,31,68,129,0,0,1,0,211,149,1,1,0,87,0,61,169,47,0,0,11,8,21,10,33,0,32,200,32,0,32,30,53,63,28,172,254,5,69,196,17,195,1,53,63,93,254,28,68,129,0,0,0,4,17,195,2,1,0,87,0,6,148,50,0,0,8,8,146,10,0,0,33,209,49,53,63,28,180,254,5,69,196,17,195,1,53,63,93,254,28,68,129,0,0,0,4,17,195,2,1,0,87,0,93,14,60,0,0,8,8,147,10,0,0,33,184,49,53,63,28,19,254,5,69,196,17,195,1,53,63,93,254,28,68,129,0,0,0,4,17,195,2,1,0,87,0,162,195,69,0,0,8,8,148,10,0,0,33,209,49,53,63,28,54,254,5,69,196,17,195,1,53,63,93,254,28,68,129,0,0,0,4,17,195,2,1,0,87,0,85,222,88,0,0,8,8,149,10,0,0,33,234,49,53,63,28,251,254,5,69,196,17,195,1,53,63,93,254,28,68,129,0,0,0,4,17,195,2,1,0,87,0,209,97,98,0,0,8,8,150,10,0,0,33,4,50,53,63,28,20,254,28,68,129,0,0,2,4,138,128,1,1,0,94,0,46,8,99,0,0,8,24,213,10,0,0,41,57,9,138,128,29,15,254,28,68,129,0,0,5,4,138,128,1,1,0,91,0,56,9,99,0,0,8,24,214,10,0,0,33,166,15,138,128,29,136,254,37,68,129,0,0,3,4,138,128,1,1,0,91,0,67,10,99,0,0,17,24,215,10,0,0,41,215,3,20,0,40,255,16,0,41,105,38,138,128,29,23,254,5,69,196,17,195,1,53,63,93,254,28,68,129,0,0,0,4,17,195,2,1,0,83,0,119,189,112,0,0,8,8,151,10,0,0,33,234,49,53,63,28,148,254,5,69,196,17,195,1,53,63,93,254,28,68,129,0,0,0,4,17,195,2,1,0,83,0,31,65,122,0,0,8,8,152,10,0,0,33,209,49,53,63,28,62,254,1,100,1,0,100,254,3,68,128,0,1,3,197]
[2026-03-12 13:05:11] debug: 	zh:zstack:unpi:parser: --> parsed 28 - 2 - 4 - 129 - [0,0,0,4,17,195,2,1,0,91,0,126,186,104,0,0,8,8,127,10,0,0,33,79,73,53,63,28] - 191
[2026-03-12 13:05:11] debug: 	zh:zstack:znp: <-- AREQ: AF - incomingMsg - {"groupid":0,"clusterid":1024,"srcaddr":49937,"srcendpoint":2,"dstendpoint":1,"wasbroadcast":0,"linkquality":91,"securityuse":0,"timestamp":6863486,"transseqnumber":0,"len":8,"data":{"type":"Buffer","data":[8,127,10,0,0,33,79,73]}}
[2026-03-12 13:05:11] debug: 	zh:controller: Received payload: clusterID=1024, address=49937, groupID=0, endpoint=2, destinationEndpoint=1, wasBroadcast=false, linkQuality=91, frame={"header":{"frameControl":{"frameType":0,"manufacturerSpecific":false,"direction":1,"disableDefaultResponse":false,"reservedBits":0},"transactionSequenceNumber":127,"commandIdentifier":10},"payload":[{"attrId":0,"dataType":33,"attrData":18767}],"command":{"ID":10,"name":"report","parameters":[{"name":"attrId","type":9},{"name":"dataType","type":8},{"name":"attrData","type":1000}]}}
[2026-03-12 13:05:11] debug: 	zh:controller:endpoint: ZCL command 0x001788010916738d/2 msIlluminanceMeasurement.defaultRsp({"cmdId":10,"statusCode":0}, {"timeout":10000,"disableResponse":false,"disableRecovery":false,"disableDefaultResponse":true,"direction":1,"reservedBits":0,"transactionSequenceNumber":127,"writeUndiv":false})
[2026-03-12 13:05:11] debug: 	zh:zstack:unpi:parser: --- parseNext [254,5,69,196,17,195,1,53,63,93,254,28,68,129,0,0,0,4,17,195,2,1,0,83,0,141,52,114,0,0,8,8,128,10,0,0,33,31,75,53,63,28,125,254,5,69,196,17,195,1,53,63,93,254,28,68,129,0,0,0,4,17,195,2,1,0,87,0,166,174,123,0,0,8,8,129,10,0,0,33,9,76,53,63,28,209,254,5,69,196,17,195,1,53,63,93,254,28,68,129,0,0,0,4,17,195,2,1,0,87,0,137,56,133,0,0,8,8,130,10,0,0,33,4,76,53,63,28,152,254,5,69,196,17,195,1,53,63,93,254,28,68,129,0,0,0,4,17,195,2,1,0,91,0,117,178,142,0,0,8,8,131,10,0,0,33,9,76,53,63,28,229,254,5,69,196,17,195,1,53,63,93,254,28,68,129,0,0,0,4,17,195,2,1,0,87,0,233,44,152,0,0,8,8,132,10,0,0,33,14,76,53,63,28,253,254,32,68,129,0,0,25,0,53,63,1,13,0,87,0,237,150,155,0,0,12,1,91,1,0,102,17,32,1,48,106,2,32,53,63,29,35,254,32,68,129,0,0,25,0,53,63,1,13,0,87,0,132,121,158,0,0,12,1,92,1,0,102,17,32,1,48,106,2,32,53,63,29,167,254,32,68,129,0,0,25,0,53,63,1,13,0,87,0,227,91,161,0,0,12,1,93,1,0,102,17,32,1,48,106,2,32,53,63,29,220,254,32,68,129,0,0,25,0,53,63,1,13,0,83,0,65,62,164,0,0,12,1,94,1,0,102,17,32,1,48,106,2,32,53,63,29,25,254,5,69,196,17,195,1,53,63,93,254,28,68,129,0,0,0,4,17,195,2,1,0,87,0,36,220,166,0,0,8,8,133,10,0,0,33,9,76,53,63,28,248,254,32,68,129,0,0,25,0,53,63,1,13,0,83,0,2,32,167,0,0,12,1,95,1,0,102,17,32,1,48,106,2,32,53,63,29,70,254,5,69,196,211,149,1,53,63,201,254,27,68,129,0,0,1,0,211,149,1,1,0,87,0,4,194,170,0,0,7,24,19,10,33,0,32,200,53,63,28,123,254,5,69,196,17,195,1,53,63,93,254,28,68,129,0,0,0,4,17,195,2,1,0,87,0,183,95,176,0,0,8,8,134,10,0,0,33,14,76,53,63,28,250,254,5,69,196,17,195,1,53,63,93,254,28,68,129,0,0,0,4,17,195,2,1,0,83,0,86,233,185,0,0,8,8,135,10,0,0,33,20,76,53,63,28,187,254,5,69,196,17,195,1,53,63,93,254,28,68,129,0,0,0,4,17,195,2,1,0,87,0,144,114,195,0,0,8,8,136,10,0,0,33,25,76,53,63,28,154,254,5,69,196,17,195,1,53,63,93,254,28,68,129,0,0,0,4,17,195,2,1,0,87,0,168,244,204,0,0,8,8,137,10,0,0,33,36,76,53,63,28,23,254,5,69,196,17,195,1,53,63,93,254,28,68,129,0,0,0,4,17,195,2,1,0,91,0,97,118,214,0,0,8,8,138,10,0,0,33,47,76,53,63,28,66,254,5,69,196,17,195,1,53,63,93,254,28,68,129,0,0,0,4,17,195,2,1,0,83,0,164,255,223,0,0,8,8,139,10,0,0,33,63,76,53,63,28,30,254,5,69,196,211,149,1,53,63,201,254,25,68,129,0,0,10,0,211,149,1,1,0,87,0,53,147,225,0,0,5,0,20,0,7,0,53,63,28,128,254,5,69,196,211,149,1,53,63,201,254,25,68,129,0,0,10,0,211,149,1,1,0,87,0,157,61,226,0,0,5,0,20,0,7,0,53,63,28,133,254,5,69,196,211,149,1,53,63,201,254,25,68,129,0,0,10,0,211,149,1,1,0,83,0,21,232,226,0,0,5,0,20,0,7,0,53,63,28,220,254,5,69,196,211,149,1,53,63,201,254,25,68,129,0,0,10,0,211,149,1,1,0,87,0,37,147,227,0,0,5,0,20,0,7,0,53,63,28,146,254,5,69,196,211,149,1,53,63,201,254,25,68,129,0,0,10,0,211,149,1,1,0,87,0,208,61,228,0,0,5,0,20,0,7,0,53,63,28,206,254,5,69,196,17,195,1,53,63,93,254,28,68,129,0,0,0,4,17,195,2,1,0,87,0,205,137,233,0,0,8,8,140,10,0,0,33,100,76,53,63,28,111,254,5,69,196,17,195,1,53,63,93,254,28,68,129,0,0,0,4,17,195,2,1,0,83,0,2,11,3,0,0,8,8,141,10,0,0,33,153,76,53,63,28,48,254,5,69,196,17,195,1,53,63,93,254,28,68,129,0,0,0,4,17,195,2,1,0,87,0,54,140,12,0,0,8,8,142,10,0,0,33,198,65,53,63,28,217,254,5,69,196,17,195,1,53,63,93,254,28,68,129,0,0,0,4,17,195,2,1,0,91,0,197,6,22,0,0,8,8,143,10,0,0,33,12,52,53,63,28,8,254,5,69,196,17,195,1,53,63,93,254,28,68,129,0,0,0,4,17,195,2,1,0,83,0,93,144,31,0,0,8,8,144,10,0,0,33,200,50,53,63,28,218,254,5,69,196,17,195,1,53,63,93,254,28,68,129,0,0,0,4,17,195,2,1,0,91,0,64,18,41,0,0,8,8,145,10,0,0,33,29,50,53,63,28,175,254,28,68,129,0,0,2,4,140,102,1,1,0,178,0,253,174,42,0,0,8,24,140,10,0,0,41,164,9,140,102,29,27,254,28,68,129,0,0,5,4,140,102,1,1,0,178,0,243,175,42,0,0,8,24,141,10,0,0,33,243,14,140,102,29,74,254,37,68,129,0,0,3,4,140,102,1,1,0,178,0,214,176,42,0,0,17,24,142,10,0,0,41,215,3,20,0,40,255,16,0,41,106,38,140,102,29,194,254,5,69,196,211,149,1,53,63,201,254,31,68,129,0,0,1,0,211,149,1,1,0,87,0,128,254,44,0,0,11,8,21,10,33,0,32,200,32,0,32,30,53,63,28,69,254,5,69,196,211,149,1,53,63,201,254,31,68,129,0,0,1,0,211,149,1,1,0,87,0,252,169,45,0,0,11,8,21,10,33,0,32,200,32,0,32,30,53,63,28,111,254,5,69,196,211,149,1,53,63,201,254,31,68,129,0,0,1,0,211,149,1,1,0,87,0,5,84,46,0,0,11,8,21,10,33,0,32,200,32,0,32,30,53,63,28,104,254,5,69,196,211,149,1,53,63,201,254,31,68,129,0,0,1,0,211,149,1,1,0,87,0,139,255,46,0,0,11,8,21,10,33,0,32,200,32,0,32,30,53,63,28,77,254,5,69,196,211,149,1,53,63,201,254,31,68,129,0,0,1,0,211,149,1,1,0,87,0,61,169,47,0,0,11,8,21,10,33,0,32,200,32,0,32,30,53,63,28,172,254,5,69,196,17,195,1,53,63,93,254,28,68,129,0,0,0,4,17,195,2,1,0,87,0,6,148,50,0,0,8,8,146,10,0,0,33,209,49,53,63,28,180,254,5,69,196,17,195,1,53,63,93,254,28,68,129,0,0,0,4,17,195,2,1,0,87,0,93,14,60,0,0,8,8,147,10,0,0,33,184,49,53,63,28,19,254,5,69,196,17,195,1,53,63,93,254,28,68,129,0,0,0,4,17,195,2,1,0,87,0,162,195,69,0,0,8,8,148,10,0,0,33,209,49,53,63,28,54,254,5,69,196,17,195,1,53,63,93,254,28,68,129,0,0,0,4,17,195,2,1,0,87,0,85,222,88,0,0,8,8,149,10,0,0,33,234,49,53,63,28,251,254,5,69,196,17,195,1,53,63,93,254,28,68,129,0,0,0,4,17,195,2,1,0,87,0,209,97,98,0,0,8,8,150,10,0,0,33,4,50,53,63,28,20,254,28,68,129,0,0,2,4,138,128,1,1,0,94,0,46,8,99,0,0,8,24,213,10,0,0,41,57,9,138,128,29,15,254,28,68,129,0,0,5,4,138,128,1,1,0,91,0,56,9,99,0,0,8,24,214,10,0,0,33,166,15,138,128,29,136,254,37,68,129,0,0,3,4,138,128,1,1,0,91,0,67,10,99,0,0,17,24,215,10,0,0,41,215,3,20,0,40,255,16,0,41,105,38,138,128,29,23,254,5,69,196,17,195,1,53,63,93,254,28,68,129,0,0,0,4,17,195,2,1,0,83,0,119,189,112,0,0,8,8,151,10,0,0,33,234,49,53,63,28,148,254,5,69,196,17,195,1,53,63,93,254,28,68,129,0,0,0,4,17,195,2,1,0,83,0,31,65,122,0,0,8,8,152,10,0,0,33,209,49,53,63,28,62,254,1,100,1,0,100,254,3,68,128,0,1,3,197]
[2026-03-12 13:05:11] debug: 	zh:zstack:unpi:parser: --> parsed 5 - 2 - 5 - 196 - [17,195,1,53,63] - 93
[2026-03-12 13:05:11] debug: 	zh:zstack:znp: <-- AREQ: ZDO - srcRtgInd
[2026-03-12 13:05:11] debug: 	zh:zstack:unpi:parser: --- parseNext [254,28,68,129,0,0,0,4,17,195,2,1,0,83,0,141,52,114,0,0,8,8,128,10,0,0,33,31,75,53,63,28,125,254,5,69,196,17,195,1,53,63,93,254,28,68,129,0,0,0,4,17,195,2,1,0,87,0,166,174,123,0,0,8,8,129,10,0,0,33,9,76,53,63,28,209,254,5,69,196,17,195,1,53,63,93,254,28,68,129,0,0,0,4,17,195,2,1,0,87,0,137,56,133,0,0,8,8,130,10,0,0,33,4,76,53,63,28,152,254,5,69,196,17,195,1,53,63,93,254,28,68,129,0,0,0,4,17,195,2,1,0,91,0,117,178,142,0,0,8,8,131,10,0,0,33,9,76,53,63,28,229,254,5,69,196,17,195,1,53,63,93,254,28,68,129,0,0,0,4,17,195,2,1,0,87,0,233,44,152,0,0,8,8,132,10,0,0,33,14,76,53,63,28,253,254,32,68,129,0,0,25,0,53,63,1,13,0,87,0,237,150,155,0,0,12,1,91,1,0,102,17,32,1,48,106,2,32,53,63,29,35,254,32,68,129,0,0,25,0,53,63,1,13,0,87,0,132,121,158,0,0,12,1,92,1,0,102,17,32,1,48,106,2,32,53,63,29,167,254,32,68,129,0,0,25,0,53,63,1,13,0,87,0,227,91,161,0,0,12,1,93,1,0,102,17,32,1,48,106,2,32,53,63,29,220,254,32,68,129,0,0,25,0,53,63,1,13,0,83,0,65,62,164,0,0,12,1,94,1,0,102,17,32,1,48,106,2,32,53,63,29,25,254,5,69,196,17,195,1,53,63,93,254,28,68,129,0,0,0,4,17,195,2,1,0,87,0,36,220,166,0,0,8,8,133,10,0,0,33,9,76,53,63,28,248,254,32,68,129,0,0,25,0,53,63,1,13,0,83,0,2,32,167,0,0,12,1,95,1,0,102,17,32,1,48,106,2,32,53,63,29,70,254,5,69,196,211,149,1,53,63,201,254,27,68,129,0,0,1,0,211,149,1,1,0,87,0,4,194,170,0,0,7,24,19,10,33,0,32,200,53,63,28,123,254,5,69,196,17,195,1,53,63,93,254,28,68,129,0,0,0,4,17,195,2,1,0,87,0,183,95,176,0,0,8,8,134,10,0,0,33,14,76,53,63,28,250,254,5,69,196,17,195,1,53,63,93,254,28,68,129,0,0,0,4,17,195,2,1,0,83,0,86,233,185,0,0,8,8,135,10,0,0,33,20,76,53,63,28,187,254,5,69,196,17,195,1,53,63,93,254,28,68,129,0,0,0,4,17,195,2,1,0,87,0,144,114,195,0,0,8,8,136,10,0,0,33,25,76,53,63,28,154,254,5,69,196,17,195,1,53,63,93,254,28,68,129,0,0,0,4,17,195,2,1,0,87,0,168,244,204,0,0,8,8,137,10,0,0,33,36,76,53,63,28,23,254,5,69,196,17,195,1,53,63,93,254,28,68,129,0,0,0,4,17,195,2,1,0,91,0,97,118,214,0,0,8,8,138,10,0,0,33,47,76,53,63,28,66,254,5,69,196,17,195,1,53,63,93,254,28,68,129,0,0,0,4,17,195,2,1,0,83,0,164,255,223,0,0,8,8,139,10,0,0,33,63,76,53,63,28,30,254,5,69,196,211,149,1,53,63,201,254,25,68,129,0,0,10,0,211,149,1,1,0,87,0,53,147,225,0,0,5,0,20,0,7,0,53,63,28,128,254,5,69,196,211,149,1,53,63,201,254,25,68,129,0,0,10,0,211,149,1,1,0,87,0,157,61,226,0,0,5,0,20,0,7,0,53,63,28,133,254,5,69,196,211,149,1,53,63,201,254,25,68,129,0,0,10,0,211,149,1,1,0,83,0,21,232,226,0,0,5,0,20,0,7,0,53,63,28,220,254,5,69,196,211,149,1,53,63,201,254,25,68,129,0,0,10,0,211,149,1,1,0,87,0,37,147,227,0,0,5,0,20,0,7,0,53,63,28,146,254,5,69,196,211,149,1,53,63,201,254,25,68,129,0,0,10,0,211,149,1,1,0,87,0,208,61,228,0,0,5,0,20,0,7,0,53,63,28,206,254,5,69,196,17,195,1,53,63,93,254,28,68,129,0,0,0,4,17,195,2,1,0,87,0,205,137,233,0,0,8,8,140,10,0,0,33,100,76,53,63,28,111,254,5,69,196,17,195,1,53,63,93,254,28,68,129,0,0,0,4,17,195,2,1,0,83,0,2,11,3,0,0,8,8,141,10,0,0,33,153,76,53,63,28,48,254,5,69,196,17,195,1,53,63,93,254,28,68,129,0,0,0,4,17,195,2,1,0,87,0,54,140,12,0,0,8,8,142,10,0,0,33,198,65,53,63,28,217,254,5,69,196,17,195,1,53,63,93,254,28,68,129,0,0,0,4,17,195,2,1,0,91,0,197,6,22,0,0,8,8,143,10,0,0,33,12,52,53,63,28,8,254,5,69,196,17,195,1,53,63,93,254,28,68,129,0,0,0,4,17,195,2,1,0,83,0,93,144,31,0,0,8,8,144,10,0,0,33,200,50,53,63,28,218,254,5,69,196,17,195,1,53,63,93,254,28,68,129,0,0,0,4,17,195,2,1,0,91,0,64,18,41,0,0,8,8,145,10,0,0,33,29,50,53,63,28,175,254,28,68,129,0,0,2,4,140,102,1,1,0,178,0,253,174,42,0,0,8,24,140,10,0,0,41,164,9,140,102,29,27,254,28,68,129,0,0,5,4,140,102,1,1,0,178,0,243,175,42,0,0,8,24,141,10,0,0,33,243,14,140,102,29,74,254,37,68,129,0,0,3,4,140,102,1,1,0,178,0,214,176,42,0,0,17,24,142,10,0,0,41,215,3,20,0,40,255,16,0,41,106,38,140,102,29,194,254,5,69,196,211,149,1,53,63,201,254,31,68,129,0,0,1,0,211,149,1,1,0,87,0,128,254,44,0,0,11,8,21,10,33,0,32,200,32,0,32,30,53,63,28,69,254,5,69,196,211,149,1,53,63,201,254,31,68,129,0,0,1,0,211,149,1,1,0,87,0,252,169,45,0,0,11,8,21,10,33,0,32,200,32,0,32,30,53,63,28,111,254,5,69,196,211,149,1,53,63,201,254,31,68,129,0,0,1,0,211,149,1,1,0,87,0,5,84,46,0,0,11,8,21,10,33,0,32,200,32,0,32,30,53,63,28,104,254,5,69,196,211,149,1,53,63,201,254,31,68,129,0,0,1,0,211,149,1,1,0,87,0,139,255,46,0,0,11,8,21,10,33,0,32,200,32,0,32,30,53,63,28,77,254,5,69,196,211,149,1,53,63,201,254,31,68,129,0,0,1,0,211,149,1,1,0,87,0,61,169,47,0,0,11,8,21,10,33,0,32,200,32,0,32,30,53,63,28,172,254,5,69,196,17,195,1,53,63,93,254,28,68,129,0,0,0,4,17,195,2,1,0,87,0,6,148,50,0,0,8,8,146,10,0,0,33,209,49,53,63,28,180,254,5,69,196,17,195,1,53,63,93,254,28,68,129,0,0,0,4,17,195,2,1,0,87,0,93,14,60,0,0,8,8,147,10,0,0,33,184,49,53,63,28,19,254,5,69,196,17,195,1,53,63,93,254,28,68,129,0,0,0,4,17,195,2,1,0,87,0,162,195,69,0,0,8,8,148,10,0,0,33,209,49,53,63,28,54,254,5,69,196,17,195,1,53,63,93,254,28,68,129,0,0,0,4,17,195,2,1,0,87,0,85,222,88,0,0,8,8,149,10,0,0,33,234,49,53,63,28,251,254,5,69,196,17,195,1,53,63,93,254,28,68,129,0,0,0,4,17,195,2,1,0,87,0,209,97,98,0,0,8,8,150,10,0,0,33,4,50,53,63,28,20,254,28,68,129,0,0,2,4,138,128,1,1,0,94,0,46,8,99,0,0,8,24,213,10,0,0,41,57,9,138,128,29,15,254,28,68,129,0,0,5,4,138,128,1,1,0,91,0,56,9,99,0,0,8,24,214,10,0,0,33,166,15,138,128,29,136,254,37,68,129,0,0,3,4,138,128,1,1,0,91,0,67,10,99,0,0,17,24,215,10,0,0,41,215,3,20,0,40,255,16,0,41,105,38,138,128,29,23,254,5,69,196,17,195,1,53,63,93,254,28,68,129,0,0,0,4,17,195,2,1,0,83,0,119,189,112,0,0,8,8,151,10,0,0,33,234,49,53,63,28,148,254,5,69,196,17,195,1,53,63,93,254,28,68,129,0,0,0,4,17,195,2,1,0,83,0,31,65,122,0,0,8,8,152,10,0,0,33,209,49,53,63,28,62,254,1,100,1,0,100,254,3,68,128,0,1,3,197]
[2026-03-12 13:05:11] debug: 	zh:zstack:unpi:parser: --> parsed 28 - 2 - 4 - 129 - [0,0,0,4,17,195,2,1,0,83,0,141,52,114,0,0,8,8,128,10,0,0,33,31,75,53,63,28] - 125
[2026-03-12 13:05:11] debug: 	zh:zstack:znp: <-- AREQ: AF - incomingMsg - {"groupid":0,"clusterid":1024,"srcaddr":49937,"srcendpoint":2,"dstendpoint":1,"wasbroadcast":0,"linkquality":83,"securityuse":0,"timestamp":7484557,"transseqnumber":0,"len":8,"data":{"type":"Buffer","data":[8,128,10,0,0,33,31,75]}}
[2026-03-12 13:05:11] debug: 	zh:controller: Received payload: clusterID=1024, address=49937, groupID=0, endpoint=2, destinationEndpoint=1, wasBroadcast=false, linkQuality=83, frame={"header":{"frameControl":{"frameType":0,"manufacturerSpecific":false,"direction":1,"disableDefaultResponse":false,"reservedBits":0},"transactionSequenceNumber":128,"commandIdentifier":10},"payload":[{"attrId":0,"dataType":33,"attrData":19231}],"command":{"ID":10,"name":"report","parameters":[{"name":"attrId","type":9},{"name":"dataType","type":8},{"name":"attrData","type":1000}]}}
[2026-03-12 13:05:11] debug: 	zh:controller:endpoint: ZCL command 0x001788010916738d/2 msIlluminanceMeasurement.defaultRsp({"cmdId":10,"statusCode":0}, {"timeout":10000,"disableResponse":false,"disableRecovery":false,"disableDefaultResponse":true,"direction":1,"reservedBits":0,"transactionSequenceNumber":128,"writeUndiv":false})
[2026-03-12 13:05:11] debug: 	zh:zstack:unpi:parser: --- parseNext [254,5,69,196,17,195,1,53,63,93,254,28,68,129,0,0,0,4,17,195,2,1,0,87,0,166,174,123,0,0,8,8,129,10,0,0,33,9,76,53,63,28,209,254,5,69,196,17,195,1,53,63,93,254,28,68,129,0,0,0,4,17,195,2,1,0,87,0,137,56,133,0,0,8,8,130,10,0,0,33,4,76,53,63,28,152,254,5,69,196,17,195,1,53,63,93,254,28,68,129,0,0,0,4,17,195,2,1,0,91,0,117,178,142,0,0,8,8,131,10,0,0,33,9,76,53,63,28,229,254,5,69,196,17,195,1,53,63,93,254,28,68,129,0,0,0,4,17,195,2,1,0,87,0,233,44,152,0,0,8,8,132,10,0,0,33,14,76,53,63,28,253,254,32,68,129,0,0,25,0,53,63,1,13,0,87,0,237,150,155,0,0,12,1,91,1,0,102,17,32,1,48,106,2,32,53,63,29,35,254,32,68,129,0,0,25,0,53,63,1,13,0,87,0,132,121,158,0,0,12,1,92,1,0,102,17,32,1,48,106,2,32,53,63,29,167,254,32,68,129,0,0,25,0,53,63,1,13,0,87,0,227,91,161,0,0,12,1,93,1,0,102,17,32,1,48,106,2,32,53,63,29,220,254,32,68,129,0,0,25,0,53,63,1,13,0,83,0,65,62,164,0,0,12,1,94,1,0,102,17,32,1,48,106,2,32,53,63,29,25,254,5,69,196,17,195,1,53,63,93,254,28,68,129,0,0,0,4,17,195,2,1,0,87,0,36,220,166,0,0,8,8,133,10,0,0,33,9,76,53,63,28,248,254,32,68,129,0,0,25,0,53,63,1,13,0,83,0,2,32,167,0,0,12,1,95,1,0,102,17,32,1,48,106,2,32,53,63,29,70,254,5,69,196,211,149,1,53,63,201,254,27,68,129,0,0,1,0,211,149,1,1,0,87,0,4,194,170,0,0,7,24,19,10,33,0,32,200,53,63,28,123,254,5,69,196,17,195,1,53,63,93,254,28,68,129,0,0,0,4,17,195,2,1,0,87,0,183,95,176,0,0,8,8,134,10,0,0,33,14,76,53,63,28,250,254,5,69,196,17,195,1,53,63,93,254,28,68,129,0,0,0,4,17,195,2,1,0,83,0,86,233,185,0,0,8,8,135,10,0,0,33,20,76,53,63,28,187,254,5,69,196,17,195,1,53,63,93,254,28,68,129,0,0,0,4,17,195,2,1,0,87,0,144,114,195,0,0,8,8,136,10,0,0,33,25,76,53,63,28,154,254,5,69,196,17,195,1,53,63,93,254,28,68,129,0,0,0,4,17,195,2,1,0,87,0,168,244,204,0,0,8,8,137,10,0,0,33,36,76,53,63,28,23,254,5,69,196,17,195,1,53,63,93,254,28,68,129,0,0,0,4,17,195,2,1,0,91,0,97,118,214,0,0,8,8,138,10,0,0,33,47,76,53,63,28,66,254,5,69,196,17,195,1,53,63,93,254,28,68,129,0,0,0,4,17,195,2,1,0,83,0,164,255,223,0,0,8,8,139,10,0,0,33,63,76,53,63,28,30,254,5,69,196,211,149,1,53,63,201,254,25,68,129,0,0,10,0,211,149,1,1,0,87,0,53,147,225,0,0,5,0,20,0,7,0,53,63,28,128,254,5,69,196,211,149,1,53,63,201,254,25,68,129,0,0,10,0,211,149,1,1,0,87,0,157,61,226,0,0,5,0,20,0,7,0,53,63,28,133,254,5,69,196,211,149,1,53,63,201,254,25,68,129,0,0,10,0,211,149,1,1,0,83,0,21,232,226,0,0,5,0,20,0,7,0,53,63,28,220,254,5,69,196,211,149,1,53,63,201,254,25,68,129,0,0,10,0,211,149,1,1,0,87,0,37,147,227,0,0,5,0,20,0,7,0,53,63,28,146,254,5,69,196,211,149,1,53,63,201,254,25,68,129,0,0,10,0,211,149,1,1,0,87,0,208,61,228,0,0,5,0,20,0,7,0,53,63,28,206,254,5,69,196,17,195,1,53,63,93,254,28,68,129,0,0,0,4,17,195,2,1,0,87,0,205,137,233,0,0,8,8,140,10,0,0,33,100,76,53,63,28,111,254,5,69,196,17,195,1,53,63,93,254,28,68,129,0,0,0,4,17,195,2,1,0,83,0,2,11,3,0,0,8,8,141,10,0,0,33,153,76,53,63,28,48,254,5,69,196,17,195,1,53,63,93,254,28,68,129,0,0,0,4,17,195,2,1,0,87,0,54,140,12,0,0,8,8,142,10,0,0,33,198,65,53,63,28,217,254,5,69,196,17,195,1,53,63,93,254,28,68,129,0,0,0,4,17,195,2,1,0,91,0,197,6,22,0,0,8,8,143,10,0,0,33,12,52,53,63,28,8,254,5,69,196,17,195,1,53,63,93,254,28,68,129,0,0,0,4,17,195,2,1,0,83,0,93,144,31,0,0,8,8,144,10,0,0,33,200,50,53,63,28,218,254,5,69,196,17,195,1,53,63,93,254,28,68,129,0,0,0,4,17,195,2,1,0,91,0,64,18,41,0,0,8,8,145,10,0,0,33,29,50,53,63,28,175,254,28,68,129,0,0,2,4,140,102,1,1,0,178,0,253,174,42,0,0,8,24,140,10,0,0,41,164,9,140,102,29,27,254,28,68,129,0,0,5,4,140,102,1,1,0,178,0,243,175,42,0,0,8,24,141,10,0,0,33,243,14,140,102,29,74,254,37,68,129,0,0,3,4,140,102,1,1,0,178,0,214,176,42,0,0,17,24,142,10,0,0,41,215,3,20,0,40,255,16,0,41,106,38,140,102,29,194,254,5,69,196,211,149,1,53,63,201,254,31,68,129,0,0,1,0,211,149,1,1,0,87,0,128,254,44,0,0,11,8,21,10,33,0,32,200,32,0,32,30,53,63,28,69,254,5,69,196,211,149,1,53,63,201,254,31,68,129,0,0,1,0,211,149,1,1,0,87,0,252,169,45,0,0,11,8,21,10,33,0,32,200,32,0,32,30,53,63,28,111,254,5,69,196,211,149,1,53,63,201,254,31,68,129,0,0,1,0,211,149,1,1,0,87,0,5,84,46,0,0,11,8,21,10,33,0,32,200,32,0,32,30,53,63,28,104,254,5,69,196,211,149,1,53,63,201,254,31,68,129,0,0,1,0,211,149,1,1,0,87,0,139,255,46,0,0,11,8,21,10,33,0,32,200,32,0,32,30,53,63,28,77,254,5,69,196,211,149,1,53,63,201,254,31,68,129,0,0,1,0,211,149,1,1,0,87,0,61,169,47,0,0,11,8,21,10,33,0,32,200,32,0,32,30,53,63,28,172,254,5,69,196,17,195,1,53,63,93,254,28,68,129,0,0,0,4,17,195,2,1,0,87,0,6,148,50,0,0,8,8,146,10,0,0,33,209,49,53,63,28,180,254,5,69,196,17,195,1,53,63,93,254,28,68,129,0,0,0,4,17,195,2,1,0,87,0,93,14,60,0,0,8,8,147,10,0,0,33,184,49,53,63,28,19,254,5,69,196,17,195,1,53,63,93,254,28,68,129,0,0,0,4,17,195,2,1,0,87,0,162,195,69,0,0,8,8,148,10,0,0,33,209,49,53,63,28,54,254,5,69,196,17,195,1,53,63,93,254,28,68,129,0,0,0,4,17,195,2,1,0,87,0,85,222,88,0,0,8,8,149,10,0,0,33,234,49,53,63,28,251,254,5,69,196,17,195,1,53,63,93,254,28,68,129,0,0,0,4,17,195,2,1,0,87,0,209,97,98,0,0,8,8,150,10,0,0,33,4,50,53,63,28,20,254,28,68,129,0,0,2,4,138,128,1,1,0,94,0,46,8,99,0,0,8,24,213,10,0,0,41,57,9,138,128,29,15,254,28,68,129,0,0,5,4,138,128,1,1,0,91,0,56,9,99,0,0,8,24,214,10,0,0,33,166,15,138,128,29,136,254,37,68,129,0,0,3,4,138,128,1,1,0,91,0,67,10,99,0,0,17,24,215,10,0,0,41,215,3,20,0,40,255,16,0,41,105,38,138,128,29,23,254,5,69,196,17,195,1,53,63,93,254,28,68,129,0,0,0,4,17,195,2,1,0,83,0,119,189,112,0,0,8,8,151,10,0,0,33,234,49,53,63,28,148,254,5,69,196,17,195,1,53,63,93,254,28,68,129,0,0,0,4,17,195,2,1,0,83,0,31,65,122,0,0,8,8,152,10,0,0,33,209,49,53,63,28,62,254,1,100,1,0,100,254,3,68,128,0,1,3,197]
[2026-03-12 13:05:11] debug: 	zh:zstack:unpi:parser: --> parsed 5 - 2 - 5 - 196 - [17,195,1,53,63] - 93
[2026-03-12 13:05:11] debug: 	zh:zstack:znp: <-- AREQ: ZDO - srcRtgInd
[2026-03-12 13:05:11] debug: 	zh:zstack:unpi:parser: --- parseNext [254,28,68,129,0,0,0,4,17,195,2,1,0,87,0,166,174,123,0,0,8,8,129,10,0,0,33,9,76,53,63,28,209,254,5,69,196,17,195,1,53,63,93,254,28,68,129,0,0,0,4,17,195,2,1,0,87,0,137,56,133,0,0,8,8,130,10,0,0,33,4,76,53,63,28,152,254,5,69,196,17,195,1,53,63,93,254,28,68,129,0,0,0,4,17,195,2,1,0,91,0,117,178,142,0,0,8,8,131,10,0,0,33,9,76,53,63,28,229,254,5,69,196,17,195,1,53,63,93,254,28,68,129,0,0,0,4,17,195,2,1,0,87,0,233,44,152,0,0,8,8,132,10,0,0,33,14,76,53,63,28,253,254,32,68,129,0,0,25,0,53,63,1,13,0,87,0,237,150,155,0,0,12,1,91,1,0,102,17,32,1,48,106,2,32,53,63,29,35,254,32,68,129,0,0,25,0,53,63,1,13,0,87,0,132,121,158,0,0,12,1,92,1,0,102,17,32,1,48,106,2,32,53,63,29,167,254,32,68,129,0,0,25,0,53,63,1,13,0,87,0,227,91,161,0,0,12,1,93,1,0,102,17,32,1,48,106,2,32,53,63,29,220,254,32,68,129,0,0,25,0,53,63,1,13,0,83,0,65,62,164,0,0,12,1,94,1,0,102,17,32,1,48,106,2,32,53,63,29,25,254,5,69,196,17,195,1,53,63,93,254,28,68,129,0,0,0,4,17,195,2,1,0,87,0,36,220,166,0,0,8,8,133,10,0,0,33,9,76,53,63,28,248,254,32,68,129,0,0,25,0,53,63,1,13,0,83,0,2,32,167,0,0,12,1,95,1,0,102,17,32,1,48,106,2,32,53,63,29,70,254,5,69,196,211,149,1,53,63,201,254,27,68,129,0,0,1,0,211,149,1,1,0,87,0,4,194,170,0,0,7,24,19,10,33,0,32,200,53,63,28,123,254,5,69,196,17,195,1,53,63,93,254,28,68,129,0,0,0,4,17,195,2,1,0,87,0,183,95,176,0,0,8,8,134,10,0,0,33,14,76,53,63,28,250,254,5,69,196,17,195,1,53,63,93,254,28,68,129,0,0,0,4,17,195,2,1,0,83,0,86,233,185,0,0,8,8,135,10,0,0,33,20,76,53,63,28,187,254,5,69,196,17,195,1,53,63,93,254,28,68,129,0,0,0,4,17,195,2,1,0,87,0,144,114,195,0,0,8,8,136,10,0,0,33,25,76,53,63,28,154,254,5,69,196,17,195,1,53,63,93,254,28,68,129,0,0,0,4,17,195,2,1,0,87,0,168,244,204,0,0,8,8,137,10,0,0,33,36,76,53,63,28,23,254,5,69,196,17,195,1,53,63,93,254,28,68,129,0,0,0,4,17,195,2,1,0,91,0,97,118,214,0,0,8,8,138,10,0,0,33,47,76,53,63,28,66,254,5,69,196,17,195,1,53,63,93,254,28,68,129,0,0,0,4,17,195,2,1,0,83,0,164,255,223,0,0,8,8,139,10,0,0,33,63,76,53,63,28,30,254,5,69,196,211,149,1,53,63,201,254,25,68,129,0,0,10,0,211,149,1,1,0,87,0,53,147,225,0,0,5,0,20,0,7,0,53,63,28,128,254,5,69,196,211,149,1,53,63,201,254,25,68,129,0,0,10,0,211,149,1,1,0,87,0,157,61,226,0,0,5,0,20,0,7,0,53,63,28,133,254,5,69,196,211,149,1,53,63,201,254,25,68,129,0,0,10,0,211,149,1,1,0,83,0,21,232,226,0,0,5,0,20,0,7,0,53,63,28,220,254,5,69,196,211,149,1,53,63,201,254,25,68,129,0,0,10,0,211,149,1,1,0,87,0,37,147,227,0,0,5,0,20,0,7,0,53,63,28,146,254,5,69,196,211,149,1,53,63,201,254,25,68,129,0,0,10,0,211,149,1,1,0,87,0,208,61,228,0,0,5,0,20,0,7,0,53,63,28,206,254,5,69,196,17,195,1,53,63,93,254,28,68,129,0,0,0,4,17,195,2,1,0,87,0,205,137,233,0,0,8,8,140,10,0,0,33,100,76,53,63,28,111,254,5,69,196,17,195,1,53,63,93,254,28,68,129,0,0,0,4,17,195,2,1,0,83,0,2,11,3,0,0,8,8,141,10,0,0,33,153,76,53,63,28,48,254,5,69,196,17,195,1,53,63,93,254,28,68,129,0,0,0,4,17,195,2,1,0,87,0,54,140,12,0,0,8,8,142,10,0,0,33,198,65,53,63,28,217,254,5,69,196,17,195,1,53,63,93,254,28,68,129,0,0,0,4,17,195,2,1,0,91,0,197,6,22,0,0,8,8,143,10,0,0,33,12,52,53,63,28,8,254,5,69,196,17,195,1,53,63,93,254,28,68,129,0,0,0,4,17,195,2,1,0,83,0,93,144,31,0,0,8,8,144,10,0,0,33,200,50,53,63,28,218,254,5,69,196,17,195,1,53,63,93,254,28,68,129,0,0,0,4,17,195,2,1,0,91,0,64,18,41,0,0,8,8,145,10,0,0,33,29,50,53,63,28,175,254,28,68,129,0,0,2,4,140,102,1,1,0,178,0,253,174,42,0,0,8,24,140,10,0,0,41,164,9,140,102,29,27,254,28,68,129,0,0,5,4,140,102,1,1,0,178,0,243,175,42,0,0,8,24,141,10,0,0,33,243,14,140,102,29,74,254,37,68,129,0,0,3,4,140,102,1,1,0,178,0,214,176,42,0,0,17,24,142,10,0,0,41,215,3,20,0,40,255,16,0,41,106,38,140,102,29,194,254,5,69,196,211,149,1,53,63,201,254,31,68,129,0,0,1,0,211,149,1,1,0,87,0,128,254,44,0,0,11,8,21,10,33,0,32,200,32,0,32,30,53,63,28,69,254,5,69,196,211,149,1,53,63,201,254,31,68,129,0,0,1,0,211,149,1,1,0,87,0,252,169,45,0,0,11,8,21,10,33,0,32,200,32,0,32,30,53,63,28,111,254,5,69,196,211,149,1,53,63,201,254,31,68,129,0,0,1,0,211,149,1,1,0,87,0,5,84,46,0,0,11,8,21,10,33,0,32,200,32,0,32,30,53,63,28,104,254,5,69,196,211,149,1,53,63,201,254,31,68,129,0,0,1,0,211,149,1,1,0,87,0,139,255,46,0,0,11,8,21,10,33,0,32,200,32,0,32,30,53,63,28,77,254,5,69,196,211,149,1,53,63,201,254,31,68,129,0,0,1,0,211,149,1,1,0,87,0,61,169,47,0,0,11,8,21,10,33,0,32,200,32,0,32,30,53,63,28,172,254,5,69,196,17,195,1,53,63,93,254,28,68,129,0,0,0,4,17,195,2,1,0,87,0,6,148,50,0,0,8,8,146,10,0,0,33,209,49,53,63,28,180,254,5,69,196,17,195,1,53,63,93,254,28,68,129,0,0,0,4,17,195,2,1,0,87,0,93,14,60,0,0,8,8,147,10,0,0,33,184,49,53,63,28,19,254,5,69,196,17,195,1,53,63,93,254,28,68,129,0,0,0,4,17,195,2,1,0,87,0,162,195,69,0,0,8,8,148,10,0,0,33,209,49,53,63,28,54,254,5,69,196,17,195,1,53,63,93,254,28,68,129,0,0,0,4,17,195,2,1,0,87,0,85,222,88,0,0,8,8,149,10,0,0,33,234,49,53,63,28,251,254,5,69,196,17,195,1,53,63,93,254,28,68,129,0,0,0,4,17,195,2,1,0,87,0,209,97,98,0,0,8,8,150,10,0,0,33,4,50,53,63,28,20,254,28,68,129,0,0,2,4,138,128,1,1,0,94,0,46,8,99,0,0,8,24,213,10,0,0,41,57,9,138,128,29,15,254,28,68,129,0,0,5,4,138,128,1,1,0,91,0,56,9,99,0,0,8,24,214,10,0,0,33,166,15,138,128,29,136,254,37,68,129,0,0,3,4,138,128,1,1,0,91,0,67,10,99,0,0,17,24,215,10,0,0,41,215,3,20,0,40,255,16,0,41,105,38,138,128,29,23,254,5,69,196,17,195,1,53,63,93,254,28,68,129,0,0,0,4,17,195,2,1,0,83,0,119,189,112,0,0,8,8,151,10,0,0,33,234,49,53,63,28,148,254,5,69,196,17,195,1,53,63,93,254,28,68,129,0,0,0,4,17,195,2,1,0,83,0,31,65,122,0,0,8,8,152,10,0,0,33,209,49,53,63,28,62,254,1,100,1,0,100,254,3,68,128,0,1,3,197]
[2026-03-12 13:05:11] debug: 	zh:zstack:unpi:parser: --> parsed 28 - 2 - 4 - 129 - [0,0,0,4,17,195,2,1,0,87,0,166,174,123,0,0,8,8,129,10,0,0,33,9,76,53,63,28] - 209
[2026-03-12 13:05:11] debug: 	zh:zstack:znp: <-- AREQ: AF - incomingMsg - {"groupid":0,"clusterid":1024,"srcaddr":49937,"srcendpoint":2,"dstendpoint":1,"wasbroadcast":0,"linkquality":87,"securityuse":0,"timestamp":8105638,"transseqnumber":0,"len":8,"data":{"type":"Buffer","data":[8,129,10,0,0,33,9,76]}}
[2026-03-12 13:05:11] debug: 	zh:controller: Received payload: clusterID=1024, address=49937, groupID=0, endpoint=2, destinationEndpoint=1, wasBroadcast=false, linkQuality=87, frame={"header":{"frameControl":{"frameType":0,"manufacturerSpecific":false,"direction":1,"disableDefaultResponse":false,"reservedBits":0},"transactionSequenceNumber":129,"commandIdentifier":10},"payload":[{"attrId":0,"dataType":33,"attrData":19465}],"command":{"ID":10,"name":"report","parameters":[{"name":"attrId","type":9},{"name":"dataType","type":8},{"name":"attrData","type":1000}]}}
[2026-03-12 13:05:11] debug: 	zh:controller:endpoint: ZCL command 0x001788010916738d/2 msIlluminanceMeasurement.defaultRsp({"cmdId":10,"statusCode":0}, {"timeout":10000,"disableResponse":false,"disableRecovery":false,"disableDefaultResponse":true,"direction":1,"reservedBits":0,"transactionSequenceNumber":129,"writeUndiv":false})
[2026-03-12 13:05:11] debug: 	zh:zstack:unpi:parser: --- parseNext [254,5,69,196,17,195,1,53,63,93,254,28,68,129,0,0,0,4,17,195,2,1,0,87,0,137,56,133,0,0,8,8,130,10,0,0,33,4,76,53,63,28,152,254,5,69,196,17,195,1,53,63,93,254,28,68,129,0,0,0,4,17,195,2,1,0,91,0,117,178,142,0,0,8,8,131,10,0,0,33,9,76,53,63,28,229,254,5,69,196,17,195,1,53,63,93,254,28,68,129,0,0,0,4,17,195,2,1,0,87,0,233,44,152,0,0,8,8,132,10,0,0,33,14,76,53,63,28,253,254,32,68,129,0,0,25,0,53,63,1,13,0,87,0,237,150,155,0,0,12,1,91,1,0,102,17,32,1,48,106,2,32,53,63,29,35,254,32,68,129,0,0,25,0,53,63,1,13,0,87,0,132,121,158,0,0,12,1,92,1,0,102,17,32,1,48,106,2,32,53,63,29,167,254,32,68,129,0,0,25,0,53,63,1,13,0,87,0,227,91,161,0,0,12,1,93,1,0,102,17,32,1,48,106,2,32,53,63,29,220,254,32,68,129,0,0,25,0,53,63,1,13,0,83,0,65,62,164,0,0,12,1,94,1,0,102,17,32,1,48,106,2,32,53,63,29,25,254,5,69,196,17,195,1,53,63,93,254,28,68,129,0,0,0,4,17,195,2,1,0,87,0,36,220,166,0,0,8,8,133,10,0,0,33,9,76,53,63,28,248,254,32,68,129,0,0,25,0,53,63,1,13,0,83,0,2,32,167,0,0,12,1,95,1,0,102,17,32,1,48,106,2,32,53,63,29,70,254,5,69,196,211,149,1,53,63,201,254,27,68,129,0,0,1,0,211,149,1,1,0,87,0,4,194,170,0,0,7,24,19,10,33,0,32,200,53,63,28,123,254,5,69,196,17,195,1,53,63,93,254,28,68,129,0,0,0,4,17,195,2,1,0,87,0,183,95,176,0,0,8,8,134,10,0,0,33,14,76,53,63,28,250,254,5,69,196,17,195,1,53,63,93,254,28,68,129,0,0,0,4,17,195,2,1,0,83,0,86,233,185,0,0,8,8,135,10,0,0,33,20,76,53,63,28,187,254,5,69,196,17,195,1,53,63,93,254,28,68,129,0,0,0,4,17,195,2,1,0,87,0,144,114,195,0,0,8,8,136,10,0,0,33,25,76,53,63,28,154,254,5,69,196,17,195,1,53,63,93,254,28,68,129,0,0,0,4,17,195,2,1,0,87,0,168,244,204,0,0,8,8,137,10,0,0,33,36,76,53,63,28,23,254,5,69,196,17,195,1,53,63,93,254,28,68,129,0,0,0,4,17,195,2,1,0,91,0,97,118,214,0,0,8,8,138,10,0,0,33,47,76,53,63,28,66,254,5,69,196,17,195,1,53,63,93,254,28,68,129,0,0,0,4,17,195,2,1,0,83,0,164,255,223,0,0,8,8,139,10,0,0,33,63,76,53,63,28,30,254,5,69,196,211,149,1,53,63,201,254,25,68,129,0,0,10,0,211,149,1,1,0,87,0,53,147,225,0,0,5,0,20,0,7,0,53,63,28,128,254,5,69,196,211,149,1,53,63,201,254,25,68,129,0,0,10,0,211,149,1,1,0,87,0,157,61,226,0,0,5,0,20,0,7,0,53,63,28,133,254,5,69,196,211,149,1,53,63,201,254,25,68,129,0,0,10,0,211,149,1,1,0,83,0,21,232,226,0,0,5,0,20,0,7,0,53,63,28,220,254,5,69,196,211,149,1,53,63,201,254,25,68,129,0,0,10,0,211,149,1,1,0,87,0,37,147,227,0,0,5,0,20,0,7,0,53,63,28,146,254,5,69,196,211,149,1,53,63,201,254,25,68,129,0,0,10,0,211,149,1,1,0,87,0,208,61,228,0,0,5,0,20,0,7,0,53,63,28,206,254,5,69,196,17,195,1,53,63,93,254,28,68,129,0,0,0,4,17,195,2,1,0,87,0,205,137,233,0,0,8,8,140,10,0,0,33,100,76,53,63,28,111,254,5,69,196,17,195,1,53,63,93,254,28,68,129,0,0,0,4,17,195,2,1,0,83,0,2,11,3,0,0,8,8,141,10,0,0,33,153,76,53,63,28,48,254,5,69,196,17,195,1,53,63,93,254,28,68,129,0,0,0,4,17,195,2,1,0,87,0,54,140,12,0,0,8,8,142,10,0,0,33,198,65,53,63,28,217,254,5,69,196,17,195,1,53,63,93,254,28,68,129,0,0,0,4,17,195,2,1,0,91,0,197,6,22,0,0,8,8,143,10,0,0,33,12,52,53,63,28,8,254,5,69,196,17,195,1,53,63,93,254,28,68,129,0,0,0,4,17,195,2,1,0,83,0,93,144,31,0,0,8,8,144,10,0,0,33,200,50,53,63,28,218,254,5,69,196,17,195,1,53,63,93,254,28,68,129,0,0,0,4,17,195,2,1,0,91,0,64,18,41,0,0,8,8,145,10,0,0,33,29,50,53,63,28,175,254,28,68,129,0,0,2,4,140,102,1,1,0,178,0,253,174,42,0,0,8,24,140,10,0,0,41,164,9,140,102,29,27,254,28,68,129,0,0,5,4,140,102,1,1,0,178,0,243,175,42,0,0,8,24,141,10,0,0,33,243,14,140,102,29,74,254,37,68,129,0,0,3,4,140,102,1,1,0,178,0,214,176,42,0,0,17,24,142,10,0,0,41,215,3,20,0,40,255,16,0,41,106,38,140,102,29,194,254,5,69,196,211,149,1,53,63,201,254,31,68,129,0,0,1,0,211,149,1,1,0,87,0,128,254,44,0,0,11,8,21,10,33,0,32,200,32,0,32,30,53,63,28,69,254,5,69,196,211,149,1,53,63,201,254,31,68,129,0,0,1,0,211,149,1,1,0,87,0,252,169,45,0,0,11,8,21,10,33,0,32,200,32,0,32,30,53,63,28,111,254,5,69,196,211,149,1,53,63,201,254,31,68,129,0,0,1,0,211,149,1,1,0,87,0,5,84,46,0,0,11,8,21,10,33,0,32,200,32,0,32,30,53,63,28,104,254,5,69,196,211,149,1,53,63,201,254,31,68,129,0,0,1,0,211,149,1,1,0,87,0,139,255,46,0,0,11,8,21,10,33,0,32,200,32,0,32,30,53,63,28,77,254,5,69,196,211,149,1,53,63,201,254,31,68,129,0,0,1,0,211,149,1,1,0,87,0,61,169,47,0,0,11,8,21,10,33,0,32,200,32,0,32,30,53,63,28,172,254,5,69,196,17,195,1,53,63,93,254,28,68,129,0,0,0,4,17,195,2,1,0,87,0,6,148,50,0,0,8,8,146,10,0,0,33,209,49,53,63,28,180,254,5,69,196,17,195,1,53,63,93,254,28,68,129,0,0,0,4,17,195,2,1,0,87,0,93,14,60,0,0,8,8,147,10,0,0,33,184,49,53,63,28,19,254,5,69,196,17,195,1,53,63,93,254,28,68,129,0,0,0,4,17,195,2,1,0,87,0,162,195,69,0,0,8,8,148,10,0,0,33,209,49,53,63,28,54,254,5,69,196,17,195,1,53,63,93,254,28,68,129,0,0,0,4,17,195,2,1,0,87,0,85,222,88,0,0,8,8,149,10,0,0,33,234,49,53,63,28,251,254,5,69,196,17,195,1,53,63,93,254,28,68,129,0,0,0,4,17,195,2,1,0,87,0,209,97,98,0,0,8,8,150,10,0,0,33,4,50,53,63,28,20,254,28,68,129,0,0,2,4,138,128,1,1,0,94,0,46,8,99,0,0,8,24,213,10,0,0,41,57,9,138,128,29,15,254,28,68,129,0,0,5,4,138,128,1,1,0,91,0,56,9,99,0,0,8,24,214,10,0,0,33,166,15,138,128,29,136,254,37,68,129,0,0,3,4,138,128,1,1,0,91,0,67,10,99,0,0,17,24,215,10,0,0,41,215,3,20,0,40,255,16,0,41,105,38,138,128,29,23,254,5,69,196,17,195,1,53,63,93,254,28,68,129,0,0,0,4,17,195,2,1,0,83,0,119,189,112,0,0,8,8,151,10,0,0,33,234,49,53,63,28,148,254,5,69,196,17,195,1,53,63,93,254,28,68,129,0,0,0,4,17,195,2,1,0,83,0,31,65,122,0,0,8,8,152,10,0,0,33,209,49,53,63,28,62,254,1,100,1,0,100,254,3,68,128,0,1,3,197]
[2026-03-12 13:05:11] debug: 	zh:zstack:unpi:parser: --> parsed 5 - 2 - 5 - 196 - [17,195,1,53,63] - 93
[2026-03-12 13:05:11] debug: 	zh:zstack:znp: <-- AREQ: ZDO - srcRtgInd
[2026-03-12 13:05:11] debug: 	zh:zstack:unpi:parser: --- parseNext [254,28,68,129,0,0,0,4,17,195,2,1,0,87,0,137,56,133,0,0,8,8,130,10,0,0,33,4,76,53,63,28,152,254,5,69,196,17,195,1,53,63,93,254,28,68,129,0,0,0,4,17,195,2,1,0,91,0,117,178,142,0,0,8,8,131,10,0,0,33,9,76,53,63,28,229,254,5,69,196,17,195,1,53,63,93,254,28,68,129,0,0,0,4,17,195,2,1,0,87,0,233,44,152,0,0,8,8,132,10,0,0,33,14,76,53,63,28,253,254,32,68,129,0,0,25,0,53,63,1,13,0,87,0,237,150,155,0,0,12,1,91,1,0,102,17,32,1,48,106,2,32,53,63,29,35,254,32,68,129,0,0,25,0,53,63,1,13,0,87,0,132,121,158,0,0,12,1,92,1,0,102,17,32,1,48,106,2,32,53,63,29,167,254,32,68,129,0,0,25,0,53,63,1,13,0,87,0,227,91,161,0,0,12,1,93,1,0,102,17,32,1,48,106,2,32,53,63,29,220,254,32,68,129,0,0,25,0,53,63,1,13,0,83,0,65,62,164,0,0,12,1,94,1,0,102,17,32,1,48,106,2,32,53,63,29,25,254,5,69,196,17,195,1,53,63,93,254,28,68,129,0,0,0,4,17,195,2,1,0,87,0,36,220,166,0,0,8,8,133,10,0,0,33,9,76,53,63,28,248,254,32,68,129,0,0,25,0,53,63,1,13,0,83,0,2,32,167,0,0,12,1,95,1,0,102,17,32,1,48,106,2,32,53,63,29,70,254,5,69,196,211,149,1,53,63,201,254,27,68,129,0,0,1,0,211,149,1,1,0,87,0,4,194,170,0,0,7,24,19,10,33,0,32,200,53,63,28,123,254,5,69,196,17,195,1,53,63,93,254,28,68,129,0,0,0,4,17,195,2,1,0,87,0,183,95,176,0,0,8,8,134,10,0,0,33,14,76,53,63,28,250,254,5,69,196,17,195,1,53,63,93,254,28,68,129,0,0,0,4,17,195,2,1,0,83,0,86,233,185,0,0,8,8,135,10,0,0,33,20,76,53,63,28,187,254,5,69,196,17,195,1,53,63,93,254,28,68,129,0,0,0,4,17,195,2,1,0,87,0,144,114,195,0,0,8,8,136,10,0,0,33,25,76,53,63,28,154,254,5,69,196,17,195,1,53,63,93,254,28,68,129,0,0,0,4,17,195,2,1,0,87,0,168,244,204,0,0,8,8,137,10,0,0,33,36,76,53,63,28,23,254,5,69,196,17,195,1,53,63,93,254,28,68,129,0,0,0,4,17,195,2,1,0,91,0,97,118,214,0,0,8,8,138,10,0,0,33,47,76,53,63,28,66,254,5,69,196,17,195,1,53,63,93,254,28,68,129,0,0,0,4,17,195,2,1,0,83,0,164,255,223,0,0,8,8,139,10,0,0,33,63,76,53,63,28,30,254,5,69,196,211,149,1,53,63,201,254,25,68,129,0,0,10,0,211,149,1,1,0,87,0,53,147,225,0,0,5,0,20,0,7,0,53,63,28,128,254,5,69,196,211,149,1,53,63,201,254,25,68,129,0,0,10,0,211,149,1,1,0,87,0,157,61,226,0,0,5,0,20,0,7,0,53,63,28,133,254,5,69,196,211,149,1,53,63,201,254,25,68,129,0,0,10,0,211,149,1,1,0,83,0,21,232,226,0,0,5,0,20,0,7,0,53,63,28,220,254,5,69,196,211,149,1,53,63,201,254,25,68,129,0,0,10,0,211,149,1,1,0,87,0,37,147,227,0,0,5,0,20,0,7,0,53,63,28,146,254,5,69,196,211,149,1,53,63,201,254,25,68,129,0,0,10,0,211,149,1,1,0,87,0,208,61,228,0,0,5,0,20,0,7,0,53,63,28,206,254,5,69,196,17,195,1,53,63,93,254,28,68,129,0,0,0,4,17,195,2,1,0,87,0,205,137,233,0,0,8,8,140,10,0,0,33,100,76,53,63,28,111,254,5,69,196,17,195,1,53,63,93,254,28,68,129,0,0,0,4,17,195,2,1,0,83,0,2,11,3,0,0,8,8,141,10,0,0,33,153,76,53,63,28,48,254,5,69,196,17,195,1,53,63,93,254,28,68,129,0,0,0,4,17,195,2,1,0,87,0,54,140,12,0,0,8,8,142,10,0,0,33,198,65,53,63,28,217,254,5,69,196,17,195,1,53,63,93,254,28,68,129,0,0,0,4,17,195,2,1,0,91,0,197,6,22,0,0,8,8,143,10,0,0,33,12,52,53,63,28,8,254,5,69,196,17,195,1,53,63,93,254,28,68,129,0,0,0,4,17,195,2,1,0,83,0,93,144,31,0,0,8,8,144,10,0,0,33,200,50,53,63,28,218,254,5,69,196,17,195,1,53,63,93,254,28,68,129,0,0,0,4,17,195,2,1,0,91,0,64,18,41,0,0,8,8,145,10,0,0,33,29,50,53,63,28,175,254,28,68,129,0,0,2,4,140,102,1,1,0,178,0,253,174,42,0,0,8,24,140,10,0,0,41,164,9,140,102,29,27,254,28,68,129,0,0,5,4,140,102,1,1,0,178,0,243,175,42,0,0,8,24,141,10,0,0,33,243,14,140,102,29,74,254,37,68,129,0,0,3,4,140,102,1,1,0,178,0,214,176,42,0,0,17,24,142,10,0,0,41,215,3,20,0,40,255,16,0,41,106,38,140,102,29,194,254,5,69,196,211,149,1,53,63,201,254,31,68,129,0,0,1,0,211,149,1,1,0,87,0,128,254,44,0,0,11,8,21,10,33,0,32,200,32,0,32,30,53,63,28,69,254,5,69,196,211,149,1,53,63,201,254,31,68,129,0,0,1,0,211,149,1,1,0,87,0,252,169,45,0,0,11,8,21,10,33,0,32,200,32,0,32,30,53,63,28,111,254,5,69,196,211,149,1,53,63,201,254,31,68,129,0,0,1,0,211,149,1,1,0,87,0,5,84,46,0,0,11,8,21,10,33,0,32,200,32,0,32,30,53,63,28,104,254,5,69,196,211,149,1,53,63,201,254,31,68,129,0,0,1,0,211,149,1,1,0,87,0,139,255,46,0,0,11,8,21,10,33,0,32,200,32,0,32,30,53,63,28,77,254,5,69,196,211,149,1,53,63,201,254,31,68,129,0,0,1,0,211,149,1,1,0,87,0,61,169,47,0,0,11,8,21,10,33,0,32,200,32,0,32,30,53,63,28,172,254,5,69,196,17,195,1,53,63,93,254,28,68,129,0,0,0,4,17,195,2,1,0,87,0,6,148,50,0,0,8,8,146,10,0,0,33,209,49,53,63,28,180,254,5,69,196,17,195,1,53,63,93,254,28,68,129,0,0,0,4,17,195,2,1,0,87,0,93,14,60,0,0,8,8,147,10,0,0,33,184,49,53,63,28,19,254,5,69,196,17,195,1,53,63,93,254,28,68,129,0,0,0,4,17,195,2,1,0,87,0,162,195,69,0,0,8,8,148,10,0,0,33,209,49,53,63,28,54,254,5,69,196,17,195,1,53,63,93,254,28,68,129,0,0,0,4,17,195,2,1,0,87,0,85,222,88,0,0,8,8,149,10,0,0,33,234,49,53,63,28,251,254,5,69,196,17,195,1,53,63,93,254,28,68,129,0,0,0,4,17,195,2,1,0,87,0,209,97,98,0,0,8,8,150,10,0,0,33,4,50,53,63,28,20,254,28,68,129,0,0,2,4,138,128,1,1,0,94,0,46,8,99,0,0,8,24,213,10,0,0,41,57,9,138,128,29,15,254,28,68,129,0,0,5,4,138,128,1,1,0,91,0,56,9,99,0,0,8,24,214,10,0,0,33,166,15,138,128,29,136,254,37,68,129,0,0,3,4,138,128,1,1,0,91,0,67,10,99,0,0,17,24,215,10,0,0,41,215,3,20,0,40,255,16,0,41,105,38,138,128,29,23,254,5,69,196,17,195,1,53,63,93,254,28,68,129,0,0,0,4,17,195,2,1,0,83,0,119,189,112,0,0,8,8,151,10,0,0,33,234,49,53,63,28,148,254,5,69,196,17,195,1,53,63,93,254,28,68,129,0,0,0,4,17,195,2,1,0,83,0,31,65,122,0,0,8,8,152,10,0,0,33,209,49,53,63,28,62,254,1,100,1,0,100,254,3,68,128,0,1,3,197]
[2026-03-12 13:05:11] debug: 	zh:zstack:unpi:parser: --> parsed 28 - 2 - 4 - 129 - [0,0,0,4,17,195,2,1,0,87,0,137,56,133,0,0,8,8,130,10,0,0,33,4,76,53,63,28] - 152
[2026-03-12 13:05:11] debug: 	zh:zstack:znp: <-- AREQ: AF - incomingMsg - {"groupid":0,"clusterid":1024,"srcaddr":49937,"srcendpoint":2,"dstendpoint":1,"wasbroadcast":0,"linkquality":87,"securityuse":0,"timestamp":8730761,"transseqnumber":0,"len":8,"data":{"type":"Buffer","data":[8,130,10,0,0,33,4,76]}}
[2026-03-12 13:05:11] debug: 	zh:controller: Received payload: clusterID=1024, address=49937, groupID=0, endpoint=2, destinationEndpoint=1, wasBroadcast=false, linkQuality=87, frame={"header":{"frameControl":{"frameType":0,"manufacturerSpecific":false,"direction":1,"disableDefaultResponse":false,"reservedBits":0},"transactionSequenceNumber":130,"commandIdentifier":10},"payload":[{"attrId":0,"dataType":33,"attrData":19460}],"command":{"ID":10,"name":"report","parameters":[{"name":"attrId","type":9},{"name":"dataType","type":8},{"name":"attrData","type":1000}]}}
[2026-03-12 13:05:11] debug: 	zh:controller:endpoint: ZCL command 0x001788010916738d/2 msIlluminanceMeasurement.defaultRsp({"cmdId":10,"statusCode":0}, {"timeout":10000,"disableResponse":false,"disableRecovery":false,"disableDefaultResponse":true,"direction":1,"reservedBits":0,"transactionSequenceNumber":130,"writeUndiv":false})
[2026-03-12 13:05:11] debug: 	zh:zstack:unpi:parser: --- parseNext [254,5,69,196,17,195,1,53,63,93,254,28,68,129,0,0,0,4,17,195,2,1,0,91,0,117,178,142,0,0,8,8,131,10,0,0,33,9,76,53,63,28,229,254,5,69,196,17,195,1,53,63,93,254,28,68,129,0,0,0,4,17,195,2,1,0,87,0,233,44,152,0,0,8,8,132,10,0,0,33,14,76,53,63,28,253,254,32,68,129,0,0,25,0,53,63,1,13,0,87,0,237,150,155,0,0,12,1,91,1,0,102,17,32,1,48,106,2,32,53,63,29,35,254,32,68,129,0,0,25,0,53,63,1,13,0,87,0,132,121,158,0,0,12,1,92,1,0,102,17,32,1,48,106,2,32,53,63,29,167,254,32,68,129,0,0,25,0,53,63,1,13,0,87,0,227,91,161,0,0,12,1,93,1,0,102,17,32,1,48,106,2,32,53,63,29,220,254,32,68,129,0,0,25,0,53,63,1,13,0,83,0,65,62,164,0,0,12,1,94,1,0,102,17,32,1,48,106,2,32,53,63,29,25,254,5,69,196,17,195,1,53,63,93,254,28,68,129,0,0,0,4,17,195,2,1,0,87,0,36,220,166,0,0,8,8,133,10,0,0,33,9,76,53,63,28,248,254,32,68,129,0,0,25,0,53,63,1,13,0,83,0,2,32,167,0,0,12,1,95,1,0,102,17,32,1,48,106,2,32,53,63,29,70,254,5,69,196,211,149,1,53,63,201,254,27,68,129,0,0,1,0,211,149,1,1,0,87,0,4,194,170,0,0,7,24,19,10,33,0,32,200,53,63,28,123,254,5,69,196,17,195,1,53,63,93,254,28,68,129,0,0,0,4,17,195,2,1,0,87,0,183,95,176,0,0,8,8,134,10,0,0,33,14,76,53,63,28,250,254,5,69,196,17,195,1,53,63,93,254,28,68,129,0,0,0,4,17,195,2,1,0,83,0,86,233,185,0,0,8,8,135,10,0,0,33,20,76,53,63,28,187,254,5,69,196,17,195,1,53,63,93,254,28,68,129,0,0,0,4,17,195,2,1,0,87,0,144,114,195,0,0,8,8,136,10,0,0,33,25,76,53,63,28,154,254,5,69,196,17,195,1,53,63,93,254,28,68,129,0,0,0,4,17,195,2,1,0,87,0,168,244,204,0,0,8,8,137,10,0,0,33,36,76,53,63,28,23,254,5,69,196,17,195,1,53,63,93,254,28,68,129,0,0,0,4,17,195,2,1,0,91,0,97,118,214,0,0,8,8,138,10,0,0,33,47,76,53,63,28,66,254,5,69,196,17,195,1,53,63,93,254,28,68,129,0,0,0,4,17,195,2,1,0,83,0,164,255,223,0,0,8,8,139,10,0,0,33,63,76,53,63,28,30,254,5,69,196,211,149,1,53,63,201,254,25,68,129,0,0,10,0,211,149,1,1,0,87,0,53,147,225,0,0,5,0,20,0,7,0,53,63,28,128,254,5,69,196,211,149,1,53,63,201,254,25,68,129,0,0,10,0,211,149,1,1,0,87,0,157,61,226,0,0,5,0,20,0,7,0,53,63,28,133,254,5,69,196,211,149,1,53,63,201,254,25,68,129,0,0,10,0,211,149,1,1,0,83,0,21,232,226,0,0,5,0,20,0,7,0,53,63,28,220,254,5,69,196,211,149,1,53,63,201,254,25,68,129,0,0,10,0,211,149,1,1,0,87,0,37,147,227,0,0,5,0,20,0,7,0,53,63,28,146,254,5,69,196,211,149,1,53,63,201,254,25,68,129,0,0,10,0,211,149,1,1,0,87,0,208,61,228,0,0,5,0,20,0,7,0,53,63,28,206,254,5,69,196,17,195,1,53,63,93,254,28,68,129,0,0,0,4,17,195,2,1,0,87,0,205,137,233,0,0,8,8,140,10,0,0,33,100,76,53,63,28,111,254,5,69,196,17,195,1,53,63,93,254,28,68,129,0,0,0,4,17,195,2,1,0,83,0,2,11,3,0,0,8,8,141,10,0,0,33,153,76,53,63,28,48,254,5,69,196,17,195,1,53,63,93,254,28,68,129,0,0,0,4,17,195,2,1,0,87,0,54,140,12,0,0,8,8,142,10,0,0,33,198,65,53,63,28,217,254,5,69,196,17,195,1,53,63,93,254,28,68,129,0,0,0,4,17,195,2,1,0,91,0,197,6,22,0,0,8,8,143,10,0,0,33,12,52,53,63,28,8,254,5,69,196,17,195,1,53,63,93,254,28,68,129,0,0,0,4,17,195,2,1,0,83,0,93,144,31,0,0,8,8,144,10,0,0,33,200,50,53,63,28,218,254,5,69,196,17,195,1,53,63,93,254,28,68,129,0,0,0,4,17,195,2,1,0,91,0,64,18,41,0,0,8,8,145,10,0,0,33,29,50,53,63,28,175,254,28,68,129,0,0,2,4,140,102,1,1,0,178,0,253,174,42,0,0,8,24,140,10,0,0,41,164,9,140,102,29,27,254,28,68,129,0,0,5,4,140,102,1,1,0,178,0,243,175,42,0,0,8,24,141,10,0,0,33,243,14,140,102,29,74,254,37,68,129,0,0,3,4,140,102,1,1,0,178,0,214,176,42,0,0,17,24,142,10,0,0,41,215,3,20,0,40,255,16,0,41,106,38,140,102,29,194,254,5,69,196,211,149,1,53,63,201,254,31,68,129,0,0,1,0,211,149,1,1,0,87,0,128,254,44,0,0,11,8,21,10,33,0,32,200,32,0,32,30,53,63,28,69,254,5,69,196,211,149,1,53,63,201,254,31,68,129,0,0,1,0,211,149,1,1,0,87,0,252,169,45,0,0,11,8,21,10,33,0,32,200,32,0,32,30,53,63,28,111,254,5,69,196,211,149,1,53,63,201,254,31,68,129,0,0,1,0,211,149,1,1,0,87,0,5,84,46,0,0,11,8,21,10,33,0,32,200,32,0,32,30,53,63,28,104,254,5,69,196,211,149,1,53,63,201,254,31,68,129,0,0,1,0,211,149,1,1,0,87,0,139,255,46,0,0,11,8,21,10,33,0,32,200,32,0,32,30,53,63,28,77,254,5,69,196,211,149,1,53,63,201,254,31,68,129,0,0,1,0,211,149,1,1,0,87,0,61,169,47,0,0,11,8,21,10,33,0,32,200,32,0,32,30,53,63,28,172,254,5,69,196,17,195,1,53,63,93,254,28,68,129,0,0,0,4,17,195,2,1,0,87,0,6,148,50,0,0,8,8,146,10,0,0,33,209,49,53,63,28,180,254,5,69,196,17,195,1,53,63,93,254,28,68,129,0,0,0,4,17,195,2,1,0,87,0,93,14,60,0,0,8,8,147,10,0,0,33,184,49,53,63,28,19,254,5,69,196,17,195,1,53,63,93,254,28,68,129,0,0,0,4,17,195,2,1,0,87,0,162,195,69,0,0,8,8,148,10,0,0,33,209,49,53,63,28,54,254,5,69,196,17,195,1,53,63,93,254,28,68,129,0,0,0,4,17,195,2,1,0,87,0,85,222,88,0,0,8,8,149,10,0,0,33,234,49,53,63,28,251,254,5,69,196,17,195,1,53,63,93,254,28,68,129,0,0,0,4,17,195,2,1,0,87,0,209,97,98,0,0,8,8,150,10,0,0,33,4,50,53,63,28,20,254,28,68,129,0,0,2,4,138,128,1,1,0,94,0,46,8,99,0,0,8,24,213,10,0,0,41,57,9,138,128,29,15,254,28,68,129,0,0,5,4,138,128,1,1,0,91,0,56,9,99,0,0,8,24,214,10,0,0,33,166,15,138,128,29,136,254,37,68,129,0,0,3,4,138,128,1,1,0,91,0,67,10,99,0,0,17,24,215,10,0,0,41,215,3,20,0,40,255,16,0,41,105,38,138,128,29,23,254,5,69,196,17,195,1,53,63,93,254,28,68,129,0,0,0,4,17,195,2,1,0,83,0,119,189,112,0,0,8,8,151,10,0,0,33,234,49,53,63,28,148,254,5,69,196,17,195,1,53,63,93,254,28,68,129,0,0,0,4,17,195,2,1,0,83,0,31,65,122,0,0,8,8,152,10,0,0,33,209,49,53,63,28,62,254,1,100,1,0,100,254,3,68,128,0,1,3,197]
[2026-03-12 13:05:11] debug: 	zh:zstack:unpi:parser: --> parsed 5 - 2 - 5 - 196 - [17,195,1,53,63] - 93
[2026-03-12 13:05:11] debug: 	zh:zstack:znp: <-- AREQ: ZDO - srcRtgInd
[2026-03-12 13:05:11] debug: 	zh:zstack:unpi:parser: --- parseNext [254,28,68,129,0,0,0,4,17,195,2,1,0,91,0,117,178,142,0,0,8,8,131,10,0,0,33,9,76,53,63,28,229,254,5,69,196,17,195,1,53,63,93,254,28,68,129,0,0,0,4,17,195,2,1,0,87,0,233,44,152,0,0,8,8,132,10,0,0,33,14,76,53,63,28,253,254,32,68,129,0,0,25,0,53,63,1,13,0,87,0,237,150,155,0,0,12,1,91,1,0,102,17,32,1,48,106,2,32,53,63,29,35,254,32,68,129,0,0,25,0,53,63,1,13,0,87,0,132,121,158,0,0,12,1,92,1,0,102,17,32,1,48,106,2,32,53,63,29,167,254,32,68,129,0,0,25,0,53,63,1,13,0,87,0,227,91,161,0,0,12,1,93,1,0,102,17,32,1,48,106,2,32,53,63,29,220,254,32,68,129,0,0,25,0,53,63,1,13,0,83,0,65,62,164,0,0,12,1,94,1,0,102,17,32,1,48,106,2,32,53,63,29,25,254,5,69,196,17,195,1,53,63,93,254,28,68,129,0,0,0,4,17,195,2,1,0,87,0,36,220,166,0,0,8,8,133,10,0,0,33,9,76,53,63,28,248,254,32,68,129,0,0,25,0,53,63,1,13,0,83,0,2,32,167,0,0,12,1,95,1,0,102,17,32,1,48,106,2,32,53,63,29,70,254,5,69,196,211,149,1,53,63,201,254,27,68,129,0,0,1,0,211,149,1,1,0,87,0,4,194,170,0,0,7,24,19,10,33,0,32,200,53,63,28,123,254,5,69,196,17,195,1,53,63,93,254,28,68,129,0,0,0,4,17,195,2,1,0,87,0,183,95,176,0,0,8,8,134,10,0,0,33,14,76,53,63,28,250,254,5,69,196,17,195,1,53,63,93,254,28,68,129,0,0,0,4,17,195,2,1,0,83,0,86,233,185,0,0,8,8,135,10,0,0,33,20,76,53,63,28,187,254,5,69,196,17,195,1,53,63,93,254,28,68,129,0,0,0,4,17,195,2,1,0,87,0,144,114,195,0,0,8,8,136,10,0,0,33,25,76,53,63,28,154,254,5,69,196,17,195,1,53,63,93,254,28,68,129,0,0,0,4,17,195,2,1,0,87,0,168,244,204,0,0,8,8,137,10,0,0,33,36,76,53,63,28,23,254,5,69,196,17,195,1,53,63,93,254,28,68,129,0,0,0,4,17,195,2,1,0,91,0,97,118,214,0,0,8,8,138,10,0,0,33,47,76,53,63,28,66,254,5,69,196,17,195,1,53,63,93,254,28,68,129,0,0,0,4,17,195,2,1,0,83,0,164,255,223,0,0,8,8,139,10,0,0,33,63,76,53,63,28,30,254,5,69,196,211,149,1,53,63,201,254,25,68,129,0,0,10,0,211,149,1,1,0,87,0,53,147,225,0,0,5,0,20,0,7,0,53,63,28,128,254,5,69,196,211,149,1,53,63,201,254,25,68,129,0,0,10,0,211,149,1,1,0,87,0,157,61,226,0,0,5,0,20,0,7,0,53,63,28,133,254,5,69,196,211,149,1,53,63,201,254,25,68,129,0,0,10,0,211,149,1,1,0,83,0,21,232,226,0,0,5,0,20,0,7,0,53,63,28,220,254,5,69,196,211,149,1,53,63,201,254,25,68,129,0,0,10,0,211,149,1,1,0,87,0,37,147,227,0,0,5,0,20,0,7,0,53,63,28,146,254,5,69,196,211,149,1,53,63,201,254,25,68,129,0,0,10,0,211,149,1,1,0,87,0,208,61,228,0,0,5,0,20,0,7,0,53,63,28,206,254,5,69,196,17,195,1,53,63,93,254,28,68,129,0,0,0,4,17,195,2,1,0,87,0,205,137,233,0,0,8,8,140,10,0,0,33,100,76,53,63,28,111,254,5,69,196,17,195,1,53,63,93,254,28,68,129,0,0,0,4,17,195,2,1,0,83,0,2,11,3,0,0,8,8,141,10,0,0,33,153,76,53,63,28,48,254,5,69,196,17,195,1,53,63,93,254,28,68,129,0,0,0,4,17,195,2,1,0,87,0,54,140,12,0,0,8,8,142,10,0,0,33,198,65,53,63,28,217,254,5,69,196,17,195,1,53,63,93,254,28,68,129,0,0,0,4,17,195,2,1,0,91,0,197,6,22,0,0,8,8,143,10,0,0,33,12,52,53,63,28,8,254,5,69,196,17,195,1,53,63,93,254,28,68,129,0,0,0,4,17,195,2,1,0,83,0,93,144,31,0,0,8,8,144,10,0,0,33,200,50,53,63,28,218,254,5,69,196,17,195,1,53,63,93,254,28,68,129,0,0,0,4,17,195,2,1,0,91,0,64,18,41,0,0,8,8,145,10,0,0,33,29,50,53,63,28,175,254,28,68,129,0,0,2,4,140,102,1,1,0,178,0,253,174,42,0,0,8,24,140,10,0,0,41,164,9,140,102,29,27,254,28,68,129,0,0,5,4,140,102,1,1,0,178,0,243,175,42,0,0,8,24,141,10,0,0,33,243,14,140,102,29,74,254,37,68,129,0,0,3,4,140,102,1,1,0,178,0,214,176,42,0,0,17,24,142,10,0,0,41,215,3,20,0,40,255,16,0,41,106,38,140,102,29,194,254,5,69,196,211,149,1,53,63,201,254,31,68,129,0,0,1,0,211,149,1,1,0,87,0,128,254,44,0,0,11,8,21,10,33,0,32,200,32,0,32,30,53,63,28,69,254,5,69,196,211,149,1,53,63,201,254,31,68,129,0,0,1,0,211,149,1,1,0,87,0,252,169,45,0,0,11,8,21,10,33,0,32,200,32,0,32,30,53,63,28,111,254,5,69,196,211,149,1,53,63,201,254,31,68,129,0,0,1,0,211,149,1,1,0,87,0,5,84,46,0,0,11,8,21,10,33,0,32,200,32,0,32,30,53,63,28,104,254,5,69,196,211,149,1,53,63,201,254,31,68,129,0,0,1,0,211,149,1,1,0,87,0,139,255,46,0,0,11,8,21,10,33,0,32,200,32,0,32,30,53,63,28,77,254,5,69,196,211,149,1,53,63,201,254,31,68,129,0,0,1,0,211,149,1,1,0,87,0,61,169,47,0,0,11,8,21,10,33,0,32,200,32,0,32,30,53,63,28,172,254,5,69,196,17,195,1,53,63,93,254,28,68,129,0,0,0,4,17,195,2,1,0,87,0,6,148,50,0,0,8,8,146,10,0,0,33,209,49,53,63,28,180,254,5,69,196,17,195,1,53,63,93,254,28,68,129,0,0,0,4,17,195,2,1,0,87,0,93,14,60,0,0,8,8,147,10,0,0,33,184,49,53,63,28,19,254,5,69,196,17,195,1,53,63,93,254,28,68,129,0,0,0,4,17,195,2,1,0,87,0,162,195,69,0,0,8,8,148,10,0,0,33,209,49,53,63,28,54,254,5,69,196,17,195,1,53,63,93,254,28,68,129,0,0,0,4,17,195,2,1,0,87,0,85,222,88,0,0,8,8,149,10,0,0,33,234,49,53,63,28,251,254,5,69,196,17,195,1,53,63,93,254,28,68,129,0,0,0,4,17,195,2,1,0,87,0,209,97,98,0,0,8,8,150,10,0,0,33,4,50,53,63,28,20,254,28,68,129,0,0,2,4,138,128,1,1,0,94,0,46,8,99,0,0,8,24,213,10,0,0,41,57,9,138,128,29,15,254,28,68,129,0,0,5,4,138,128,1,1,0,91,0,56,9,99,0,0,8,24,214,10,0,0,33,166,15,138,128,29,136,254,37,68,129,0,0,3,4,138,128,1,1,0,91,0,67,10,99,0,0,17,24,215,10,0,0,41,215,3,20,0,40,255,16,0,41,105,38,138,128,29,23,254,5,69,196,17,195,1,53,63,93,254,28,68,129,0,0,0,4,17,195,2,1,0,83,0,119,189,112,0,0,8,8,151,10,0,0,33,234,49,53,63,28,148,254,5,69,196,17,195,1,53,63,93,254,28,68,129,0,0,0,4,17,195,2,1,0,83,0,31,65,122,0,0,8,8,152,10,0,0,33,209,49,53,63,28,62,254,1,100,1,0,100,254,3,68,128,0,1,3,197]
[2026-03-12 13:05:11] debug: 	zh:zstack:unpi:parser: --> parsed 28 - 2 - 4 - 129 - [0,0,0,4,17,195,2,1,0,91,0,117,178,142,0,0,8,8,131,10,0,0,33,9,76,53,63,28] - 229
[2026-03-12 13:05:11] debug: 	zh:zstack:znp: <-- AREQ: AF - incomingMsg - {"groupid":0,"clusterid":1024,"srcaddr":49937,"srcendpoint":2,"dstendpoint":1,"wasbroadcast":0,"linkquality":91,"securityuse":0,"timestamp":9351797,"transseqnumber":0,"len":8,"data":{"type":"Buffer","data":[8,131,10,0,0,33,9,76]}}
[2026-03-12 13:05:11] debug: 	zh:controller: Received payload: clusterID=1024, address=49937, groupID=0, endpoint=2, destinationEndpoint=1, wasBroadcast=false, linkQuality=91, frame={"header":{"frameControl":{"frameType":0,"manufacturerSpecific":false,"direction":1,"disableDefaultResponse":false,"reservedBits":0},"transactionSequenceNumber":131,"commandIdentifier":10},"payload":[{"attrId":0,"dataType":33,"attrData":19465}],"command":{"ID":10,"name":"report","parameters":[{"name":"attrId","type":9},{"name":"dataType","type":8},{"name":"attrData","type":1000}]}}
[2026-03-12 13:05:11] debug: 	zh:controller:endpoint: ZCL command 0x001788010916738d/2 msIlluminanceMeasurement.defaultRsp({"cmdId":10,"statusCode":0}, {"timeout":10000,"disableResponse":false,"disableRecovery":false,"disableDefaultResponse":true,"direction":1,"reservedBits":0,"transactionSequenceNumber":131,"writeUndiv":false})
[2026-03-12 13:05:11] debug: 	zh:zstack:unpi:parser: --- parseNext [254,5,69,196,17,195,1,53,63,93,254,28,68,129,0,0,0,4,17,195,2,1,0,87,0,233,44,152,0,0,8,8,132,10,0,0,33,14,76,53,63,28,253,254,32,68,129,0,0,25,0,53,63,1,13,0,87,0,237,150,155,0,0,12,1,91,1,0,102,17,32,1,48,106,2,32,53,63,29,35,254,32,68,129,0,0,25,0,53,63,1,13,0,87,0,132,121,158,0,0,12,1,92,1,0,102,17,32,1,48,106,2,32,53,63,29,167,254,32,68,129,0,0,25,0,53,63,1,13,0,87,0,227,91,161,0,0,12,1,93,1,0,102,17,32,1,48,106,2,32,53,63,29,220,254,32,68,129,0,0,25,0,53,63,1,13,0,83,0,65,62,164,0,0,12,1,94,1,0,102,17,32,1,48,106,2,32,53,63,29,25,254,5,69,196,17,195,1,53,63,93,254,28,68,129,0,0,0,4,17,195,2,1,0,87,0,36,220,166,0,0,8,8,133,10,0,0,33,9,76,53,63,28,248,254,32,68,129,0,0,25,0,53,63,1,13,0,83,0,2,32,167,0,0,12,1,95,1,0,102,17,32,1,48,106,2,32,53,63,29,70,254,5,69,196,211,149,1,53,63,201,254,27,68,129,0,0,1,0,211,149,1,1,0,87,0,4,194,170,0,0,7,24,19,10,33,0,32,200,53,63,28,123,254,5,69,196,17,195,1,53,63,93,254,28,68,129,0,0,0,4,17,195,2,1,0,87,0,183,95,176,0,0,8,8,134,10,0,0,33,14,76,53,63,28,250,254,5,69,196,17,195,1,53,63,93,254,28,68,129,0,0,0,4,17,195,2,1,0,83,0,86,233,185,0,0,8,8,135,10,0,0,33,20,76,53,63,28,187,254,5,69,196,17,195,1,53,63,93,254,28,68,129,0,0,0,4,17,195,2,1,0,87,0,144,114,195,0,0,8,8,136,10,0,0,33,25,76,53,63,28,154,254,5,69,196,17,195,1,53,63,93,254,28,68,129,0,0,0,4,17,195,2,1,0,87,0,168,244,204,0,0,8,8,137,10,0,0,33,36,76,53,63,28,23,254,5,69,196,17,195,1,53,63,93,254,28,68,129,0,0,0,4,17,195,2,1,0,91,0,97,118,214,0,0,8,8,138,10,0,0,33,47,76,53,63,28,66,254,5,69,196,17,195,1,53,63,93,254,28,68,129,0,0,0,4,17,195,2,1,0,83,0,164,255,223,0,0,8,8,139,10,0,0,33,63,76,53,63,28,30,254,5,69,196,211,149,1,53,63,201,254,25,68,129,0,0,10,0,211,149,1,1,0,87,0,53,147,225,0,0,5,0,20,0,7,0,53,63,28,128,254,5,69,196,211,149,1,53,63,201,254,25,68,129,0,0,10,0,211,149,1,1,0,87,0,157,61,226,0,0,5,0,20,0,7,0,53,63,28,133,254,5,69,196,211,149,1,53,63,201,254,25,68,129,0,0,10,0,211,149,1,1,0,83,0,21,232,226,0,0,5,0,20,0,7,0,53,63,28,220,254,5,69,196,211,149,1,53,63,201,254,25,68,129,0,0,10,0,211,149,1,1,0,87,0,37,147,227,0,0,5,0,20,0,7,0,53,63,28,146,254,5,69,196,211,149,1,53,63,201,254,25,68,129,0,0,10,0,211,149,1,1,0,87,0,208,61,228,0,0,5,0,20,0,7,0,53,63,28,206,254,5,69,196,17,195,1,53,63,93,254,28,68,129,0,0,0,4,17,195,2,1,0,87,0,205,137,233,0,0,8,8,140,10,0,0,33,100,76,53,63,28,111,254,5,69,196,17,195,1,53,63,93,254,28,68,129,0,0,0,4,17,195,2,1,0,83,0,2,11,3,0,0,8,8,141,10,0,0,33,153,76,53,63,28,48,254,5,69,196,17,195,1,53,63,93,254,28,68,129,0,0,0,4,17,195,2,1,0,87,0,54,140,12,0,0,8,8,142,10,0,0,33,198,65,53,63,28,217,254,5,69,196,17,195,1,53,63,93,254,28,68,129,0,0,0,4,17,195,2,1,0,91,0,197,6,22,0,0,8,8,143,10,0,0,33,12,52,53,63,28,8,254,5,69,196,17,195,1,53,63,93,254,28,68,129,0,0,0,4,17,195,2,1,0,83,0,93,144,31,0,0,8,8,144,10,0,0,33,200,50,53,63,28,218,254,5,69,196,17,195,1,53,63,93,254,28,68,129,0,0,0,4,17,195,2,1,0,91,0,64,18,41,0,0,8,8,145,10,0,0,33,29,50,53,63,28,175,254,28,68,129,0,0,2,4,140,102,1,1,0,178,0,253,174,42,0,0,8,24,140,10,0,0,41,164,9,140,102,29,27,254,28,68,129,0,0,5,4,140,102,1,1,0,178,0,243,175,42,0,0,8,24,141,10,0,0,33,243,14,140,102,29,74,254,37,68,129,0,0,3,4,140,102,1,1,0,178,0,214,176,42,0,0,17,24,142,10,0,0,41,215,3,20,0,40,255,16,0,41,106,38,140,102,29,194,254,5,69,196,211,149,1,53,63,201,254,31,68,129,0,0,1,0,211,149,1,1,0,87,0,128,254,44,0,0,11,8,21,10,33,0,32,200,32,0,32,30,53,63,28,69,254,5,69,196,211,149,1,53,63,201,254,31,68,129,0,0,1,0,211,149,1,1,0,87,0,252,169,45,0,0,11,8,21,10,33,0,32,200,32,0,32,30,53,63,28,111,254,5,69,196,211,149,1,53,63,201,254,31,68,129,0,0,1,0,211,149,1,1,0,87,0,5,84,46,0,0,11,8,21,10,33,0,32,200,32,0,32,30,53,63,28,104,254,5,69,196,211,149,1,53,63,201,254,31,68,129,0,0,1,0,211,149,1,1,0,87,0,139,255,46,0,0,11,8,21,10,33,0,32,200,32,0,32,30,53,63,28,77,254,5,69,196,211,149,1,53,63,201,254,31,68,129,0,0,1,0,211,149,1,1,0,87,0,61,169,47,0,0,11,8,21,10,33,0,32,200,32,0,32,30,53,63,28,172,254,5,69,196,17,195,1,53,63,93,254,28,68,129,0,0,0,4,17,195,2,1,0,87,0,6,148,50,0,0,8,8,146,10,0,0,33,209,49,53,63,28,180,254,5,69,196,17,195,1,53,63,93,254,28,68,129,0,0,0,4,17,195,2,1,0,87,0,93,14,60,0,0,8,8,147,10,0,0,33,184,49,53,63,28,19,254,5,69,196,17,195,1,53,63,93,254,28,68,129,0,0,0,4,17,195,2,1,0,87,0,162,195,69,0,0,8,8,148,10,0,0,33,209,49,53,63,28,54,254,5,69,196,17,195,1,53,63,93,254,28,68,129,0,0,0,4,17,195,2,1,0,87,0,85,222,88,0,0,8,8,149,10,0,0,33,234,49,53,63,28,251,254,5,69,196,17,195,1,53,63,93,254,28,68,129,0,0,0,4,17,195,2,1,0,87,0,209,97,98,0,0,8,8,150,10,0,0,33,4,50,53,63,28,20,254,28,68,129,0,0,2,4,138,128,1,1,0,94,0,46,8,99,0,0,8,24,213,10,0,0,41,57,9,138,128,29,15,254,28,68,129,0,0,5,4,138,128,1,1,0,91,0,56,9,99,0,0,8,24,214,10,0,0,33,166,15,138,128,29,136,254,37,68,129,0,0,3,4,138,128,1,1,0,91,0,67,10,99,0,0,17,24,215,10,0,0,41,215,3,20,0,40,255,16,0,41,105,38,138,128,29,23,254,5,69,196,17,195,1,53,63,93,254,28,68,129,0,0,0,4,17,195,2,1,0,83,0,119,189,112,0,0,8,8,151,10,0,0,33,234,49,53,63,28,148,254,5,69,196,17,195,1,53,63,93,254,28,68,129,0,0,0,4,17,195,2,1,0,83,0,31,65,122,0,0,8,8,152,10,0,0,33,209,49,53,63,28,62,254,1,100,1,0,100,254,3,68,128,0,1,3,197]
[2026-03-12 13:05:11] debug: 	zh:zstack:unpi:parser: --> parsed 5 - 2 - 5 - 196 - [17,195,1,53,63] - 93
[2026-03-12 13:05:11] debug: 	zh:zstack:znp: <-- AREQ: ZDO - srcRtgInd
[2026-03-12 13:05:11] debug: 	zh:zstack:unpi:parser: --- parseNext [254,28,68,129,0,0,0,4,17,195,2,1,0,87,0,233,44,152,0,0,8,8,132,10,0,0,33,14,76,53,63,28,253,254,32,68,129,0,0,25,0,53,63,1,13,0,87,0,237,150,155,0,0,12,1,91,1,0,102,17,32,1,48,106,2,32,53,63,29,35,254,32,68,129,0,0,25,0,53,63,1,13,0,87,0,132,121,158,0,0,12,1,92,1,0,102,17,32,1,48,106,2,32,53,63,29,167,254,32,68,129,0,0,25,0,53,63,1,13,0,87,0,227,91,161,0,0,12,1,93,1,0,102,17,32,1,48,106,2,32,53,63,29,220,254,32,68,129,0,0,25,0,53,63,1,13,0,83,0,65,62,164,0,0,12,1,94,1,0,102,17,32,1,48,106,2,32,53,63,29,25,254,5,69,196,17,195,1,53,63,93,254,28,68,129,0,0,0,4,17,195,2,1,0,87,0,36,220,166,0,0,8,8,133,10,0,0,33,9,76,53,63,28,248,254,32,68,129,0,0,25,0,53,63,1,13,0,83,0,2,32,167,0,0,12,1,95,1,0,102,17,32,1,48,106,2,32,53,63,29,70,254,5,69,196,211,149,1,53,63,201,254,27,68,129,0,0,1,0,211,149,1,1,0,87,0,4,194,170,0,0,7,24,19,10,33,0,32,200,53,63,28,123,254,5,69,196,17,195,1,53,63,93,254,28,68,129,0,0,0,4,17,195,2,1,0,87,0,183,95,176,0,0,8,8,134,10,0,0,33,14,76,53,63,28,250,254,5,69,196,17,195,1,53,63,93,254,28,68,129,0,0,0,4,17,195,2,1,0,83,0,86,233,185,0,0,8,8,135,10,0,0,33,20,76,53,63,28,187,254,5,69,196,17,195,1,53,63,93,254,28,68,129,0,0,0,4,17,195,2,1,0,87,0,144,114,195,0,0,8,8,136,10,0,0,33,25,76,53,63,28,154,254,5,69,196,17,195,1,53,63,93,254,28,68,129,0,0,0,4,17,195,2,1,0,87,0,168,244,204,0,0,8,8,137,10,0,0,33,36,76,53,63,28,23,254,5,69,196,17,195,1,53,63,93,254,28,68,129,0,0,0,4,17,195,2,1,0,91,0,97,118,214,0,0,8,8,138,10,0,0,33,47,76,53,63,28,66,254,5,69,196,17,195,1,53,63,93,254,28,68,129,0,0,0,4,17,195,2,1,0,83,0,164,255,223,0,0,8,8,139,10,0,0,33,63,76,53,63,28,30,254,5,69,196,211,149,1,53,63,201,254,25,68,129,0,0,10,0,211,149,1,1,0,87,0,53,147,225,0,0,5,0,20,0,7,0,53,63,28,128,254,5,69,196,211,149,1,53,63,201,254,25,68,129,0,0,10,0,211,149,1,1,0,87,0,157,61,226,0,0,5,0,20,0,7,0,53,63,28,133,254,5,69,196,211,149,1,53,63,201,254,25,68,129,0,0,10,0,211,149,1,1,0,83,0,21,232,226,0,0,5,0,20,0,7,0,53,63,28,220,254,5,69,196,211,149,1,53,63,201,254,25,68,129,0,0,10,0,211,149,1,1,0,87,0,37,147,227,0,0,5,0,20,0,7,0,53,63,28,146,254,5,69,196,211,149,1,53,63,201,254,25,68,129,0,0,10,0,211,149,1,1,0,87,0,208,61,228,0,0,5,0,20,0,7,0,53,63,28,206,254,5,69,196,17,195,1,53,63,93,254,28,68,129,0,0,0,4,17,195,2,1,0,87,0,205,137,233,0,0,8,8,140,10,0,0,33,100,76,53,63,28,111,254,5,69,196,17,195,1,53,63,93,254,28,68,129,0,0,0,4,17,195,2,1,0,83,0,2,11,3,0,0,8,8,141,10,0,0,33,153,76,53,63,28,48,254,5,69,196,17,195,1,53,63,93,254,28,68,129,0,0,0,4,17,195,2,1,0,87,0,54,140,12,0,0,8,8,142,10,0,0,33,198,65,53,63,28,217,254,5,69,196,17,195,1,53,63,93,254,28,68,129,0,0,0,4,17,195,2,1,0,91,0,197,6,22,0,0,8,8,143,10,0,0,33,12,52,53,63,28,8,254,5,69,196,17,195,1,53,63,93,254,28,68,129,0,0,0,4,17,195,2,1,0,83,0,93,144,31,0,0,8,8,144,10,0,0,33,200,50,53,63,28,218,254,5,69,196,17,195,1,53,63,93,254,28,68,129,0,0,0,4,17,195,2,1,0,91,0,64,18,41,0,0,8,8,145,10,0,0,33,29,50,53,63,28,175,254,28,68,129,0,0,2,4,140,102,1,1,0,178,0,253,174,42,0,0,8,24,140,10,0,0,41,164,9,140,102,29,27,254,28,68,129,0,0,5,4,140,102,1,1,0,178,0,243,175,42,0,0,8,24,141,10,0,0,33,243,14,140,102,29,74,254,37,68,129,0,0,3,4,140,102,1,1,0,178,0,214,176,42,0,0,17,24,142,10,0,0,41,215,3,20,0,40,255,16,0,41,106,38,140,102,29,194,254,5,69,196,211,149,1,53,63,201,254,31,68,129,0,0,1,0,211,149,1,1,0,87,0,128,254,44,0,0,11,8,21,10,33,0,32,200,32,0,32,30,53,63,28,69,254,5,69,196,211,149,1,53,63,201,254,31,68,129,0,0,1,0,211,149,1,1,0,87,0,252,169,45,0,0,11,8,21,10,33,0,32,200,32,0,32,30,53,63,28,111,254,5,69,196,211,149,1,53,63,201,254,31,68,129,0,0,1,0,211,149,1,1,0,87,0,5,84,46,0,0,11,8,21,10,33,0,32,200,32,0,32,30,53,63,28,104,254,5,69,196,211,149,1,53,63,201,254,31,68,129,0,0,1,0,211,149,1,1,0,87,0,139,255,46,0,0,11,8,21,10,33,0,32,200,32,0,32,30,53,63,28,77,254,5,69,196,211,149,1,53,63,201,254,31,68,129,0,0,1,0,211,149,1,1,0,87,0,61,169,47,0,0,11,8,21,10,33,0,32,200,32,0,32,30,53,63,28,172,254,5,69,196,17,195,1,53,63,93,254,28,68,129,0,0,0,4,17,195,2,1,0,87,0,6,148,50,0,0,8,8,146,10,0,0,33,209,49,53,63,28,180,254,5,69,196,17,195,1,53,63,93,254,28,68,129,0,0,0,4,17,195,2,1,0,87,0,93,14,60,0,0,8,8,147,10,0,0,33,184,49,53,63,28,19,254,5,69,196,17,195,1,53,63,93,254,28,68,129,0,0,0,4,17,195,2,1,0,87,0,162,195,69,0,0,8,8,148,10,0,0,33,209,49,53,63,28,54,254,5,69,196,17,195,1,53,63,93,254,28,68,129,0,0,0,4,17,195,2,1,0,87,0,85,222,88,0,0,8,8,149,10,0,0,33,234,49,53,63,28,251,254,5,69,196,17,195,1,53,63,93,254,28,68,129,0,0,0,4,17,195,2,1,0,87,0,209,97,98,0,0,8,8,150,10,0,0,33,4,50,53,63,28,20,254,28,68,129,0,0,2,4,138,128,1,1,0,94,0,46,8,99,0,0,8,24,213,10,0,0,41,57,9,138,128,29,15,254,28,68,129,0,0,5,4,138,128,1,1,0,91,0,56,9,99,0,0,8,24,214,10,0,0,33,166,15,138,128,29,136,254,37,68,129,0,0,3,4,138,128,1,1,0,91,0,67,10,99,0,0,17,24,215,10,0,0,41,215,3,20,0,40,255,16,0,41,105,38,138,128,29,23,254,5,69,196,17,195,1,53,63,93,254,28,68,129,0,0,0,4,17,195,2,1,0,83,0,119,189,112,0,0,8,8,151,10,0,0,33,234,49,53,63,28,148,254,5,69,196,17,195,1,53,63,93,254,28,68,129,0,0,0,4,17,195,2,1,0,83,0,31,65,122,0,0,8,8,152,10,0,0,33,209,49,53,63,28,62,254,1,100,1,0,100,254,3,68,128,0,1,3,197]
[2026-03-12 13:05:11] debug: 	zh:zstack:unpi:parser: --> parsed 28 - 2 - 4 - 129 - [0,0,0,4,17,195,2,1,0,87,0,233,44,152,0,0,8,8,132,10,0,0,33,14,76,53,63,28] - 253
[2026-03-12 13:05:11] debug: 	zh:zstack:znp: <-- AREQ: AF - incomingMsg - {"groupid":0,"clusterid":1024,"srcaddr":49937,"srcendpoint":2,"dstendpoint":1,"wasbroadcast":0,"linkquality":87,"securityuse":0,"timestamp":9972969,"transseqnumber":0,"len":8,"data":{"type":"Buffer","data":[8,132,10,0,0,33,14,76]}}
[2026-03-12 13:05:11] debug: 	zh:controller: Received payload: clusterID=1024, address=49937, groupID=0, endpoint=2, destinationEndpoint=1, wasBroadcast=false, linkQuality=87, frame={"header":{"frameControl":{"frameType":0,"manufacturerSpecific":false,"direction":1,"disableDefaultResponse":false,"reservedBits":0},"transactionSequenceNumber":132,"commandIdentifier":10},"payload":[{"attrId":0,"dataType":33,"attrData":19470}],"command":{"ID":10,"name":"report","parameters":[{"name":"attrId","type":9},{"name":"dataType","type":8},{"name":"attrData","type":1000}]}}
[2026-03-12 13:05:11] debug: 	zh:controller:endpoint: ZCL command 0x001788010916738d/2 msIlluminanceMeasurement.defaultRsp({"cmdId":10,"statusCode":0}, {"timeout":10000,"disableResponse":false,"disableRecovery":false,"disableDefaultResponse":true,"direction":1,"reservedBits":0,"transactionSequenceNumber":132,"writeUndiv":false})
[2026-03-12 13:05:11] debug: 	zh:zstack:unpi:parser: --- parseNext [254,32,68,129,0,0,25,0,53,63,1,13,0,87,0,237,150,155,0,0,12,1,91,1,0,102,17,32,1,48,106,2,32,53,63,29,35,254,32,68,129,0,0,25,0,53,63,1,13,0,87,0,132,121,158,0,0,12,1,92,1,0,102,17,32,1,48,106,2,32,53,63,29,167,254,32,68,129,0,0,25,0,53,63,1,13,0,87,0,227,91,161,0,0,12,1,93,1,0,102,17,32,1,48,106,2,32,53,63,29,220,254,32,68,129,0,0,25,0,53,63,1,13,0,83,0,65,62,164,0,0,12,1,94,1,0,102,17,32,1,48,106,2,32,53,63,29,25,254,5,69,196,17,195,1,53,63,93,254,28,68,129,0,0,0,4,17,195,2,1,0,87,0,36,220,166,0,0,8,8,133,10,0,0,33,9,76,53,63,28,248,254,32,68,129,0,0,25,0,53,63,1,13,0,83,0,2,32,167,0,0,12,1,95,1,0,102,17,32,1,48,106,2,32,53,63,29,70,254,5,69,196,211,149,1,53,63,201,254,27,68,129,0,0,1,0,211,149,1,1,0,87,0,4,194,170,0,0,7,24,19,10,33,0,32,200,53,63,28,123,254,5,69,196,17,195,1,53,63,93,254,28,68,129,0,0,0,4,17,195,2,1,0,87,0,183,95,176,0,0,8,8,134,10,0,0,33,14,76,53,63,28,250,254,5,69,196,17,195,1,53,63,93,254,28,68,129,0,0,0,4,17,195,2,1,0,83,0,86,233,185,0,0,8,8,135,10,0,0,33,20,76,53,63,28,187,254,5,69,196,17,195,1,53,63,93,254,28,68,129,0,0,0,4,17,195,2,1,0,87,0,144,114,195,0,0,8,8,136,10,0,0,33,25,76,53,63,28,154,254,5,69,196,17,195,1,53,63,93,254,28,68,129,0,0,0,4,17,195,2,1,0,87,0,168,244,204,0,0,8,8,137,10,0,0,33,36,76,53,63,28,23,254,5,69,196,17,195,1,53,63,93,254,28,68,129,0,0,0,4,17,195,2,1,0,91,0,97,118,214,0,0,8,8,138,10,0,0,33,47,76,53,63,28,66,254,5,69,196,17,195,1,53,63,93,254,28,68,129,0,0,0,4,17,195,2,1,0,83,0,164,255,223,0,0,8,8,139,10,0,0,33,63,76,53,63,28,30,254,5,69,196,211,149,1,53,63,201,254,25,68,129,0,0,10,0,211,149,1,1,0,87,0,53,147,225,0,0,5,0,20,0,7,0,53,63,28,128,254,5,69,196,211,149,1,53,63,201,254,25,68,129,0,0,10,0,211,149,1,1,0,87,0,157,61,226,0,0,5,0,20,0,7,0,53,63,28,133,254,5,69,196,211,149,1,53,63,201,254,25,68,129,0,0,10,0,211,149,1,1,0,83,0,21,232,226,0,0,5,0,20,0,7,0,53,63,28,220,254,5,69,196,211,149,1,53,63,201,254,25,68,129,0,0,10,0,211,149,1,1,0,87,0,37,147,227,0,0,5,0,20,0,7,0,53,63,28,146,254,5,69,196,211,149,1,53,63,201,254,25,68,129,0,0,10,0,211,149,1,1,0,87,0,208,61,228,0,0,5,0,20,0,7,0,53,63,28,206,254,5,69,196,17,195,1,53,63,93,254,28,68,129,0,0,0,4,17,195,2,1,0,87,0,205,137,233,0,0,8,8,140,10,0,0,33,100,76,53,63,28,111,254,5,69,196,17,195,1,53,63,93,254,28,68,129,0,0,0,4,17,195,2,1,0,83,0,2,11,3,0,0,8,8,141,10,0,0,33,153,76,53,63,28,48,254,5,69,196,17,195,1,53,63,93,254,28,68,129,0,0,0,4,17,195,2,1,0,87,0,54,140,12,0,0,8,8,142,10,0,0,33,198,65,53,63,28,217,254,5,69,196,17,195,1,53,63,93,254,28,68,129,0,0,0,4,17,195,2,1,0,91,0,197,6,22,0,0,8,8,143,10,0,0,33,12,52,53,63,28,8,254,5,69,196,17,195,1,53,63,93,254,28,68,129,0,0,0,4,17,195,2,1,0,83,0,93,144,31,0,0,8,8,144,10,0,0,33,200,50,53,63,28,218,254,5,69,196,17,195,1,53,63,93,254,28,68,129,0,0,0,4,17,195,2,1,0,91,0,64,18,41,0,0,8,8,145,10,0,0,33,29,50,53,63,28,175,254,28,68,129,0,0,2,4,140,102,1,1,0,178,0,253,174,42,0,0,8,24,140,10,0,0,41,164,9,140,102,29,27,254,28,68,129,0,0,5,4,140,102,1,1,0,178,0,243,175,42,0,0,8,24,141,10,0,0,33,243,14,140,102,29,74,254,37,68,129,0,0,3,4,140,102,1,1,0,178,0,214,176,42,0,0,17,24,142,10,0,0,41,215,3,20,0,40,255,16,0,41,106,38,140,102,29,194,254,5,69,196,211,149,1,53,63,201,254,31,68,129,0,0,1,0,211,149,1,1,0,87,0,128,254,44,0,0,11,8,21,10,33,0,32,200,32,0,32,30,53,63,28,69,254,5,69,196,211,149,1,53,63,201,254,31,68,129,0,0,1,0,211,149,1,1,0,87,0,252,169,45,0,0,11,8,21,10,33,0,32,200,32,0,32,30,53,63,28,111,254,5,69,196,211,149,1,53,63,201,254,31,68,129,0,0,1,0,211,149,1,1,0,87,0,5,84,46,0,0,11,8,21,10,33,0,32,200,32,0,32,30,53,63,28,104,254,5,69,196,211,149,1,53,63,201,254,31,68,129,0,0,1,0,211,149,1,1,0,87,0,139,255,46,0,0,11,8,21,10,33,0,32,200,32,0,32,30,53,63,28,77,254,5,69,196,211,149,1,53,63,201,254,31,68,129,0,0,1,0,211,149,1,1,0,87,0,61,169,47,0,0,11,8,21,10,33,0,32,200,32,0,32,30,53,63,28,172,254,5,69,196,17,195,1,53,63,93,254,28,68,129,0,0,0,4,17,195,2,1,0,87,0,6,148,50,0,0,8,8,146,10,0,0,33,209,49,53,63,28,180,254,5,69,196,17,195,1,53,63,93,254,28,68,129,0,0,0,4,17,195,2,1,0,87,0,93,14,60,0,0,8,8,147,10,0,0,33,184,49,53,63,28,19,254,5,69,196,17,195,1,53,63,93,254,28,68,129,0,0,0,4,17,195,2,1,0,87,0,162,195,69,0,0,8,8,148,10,0,0,33,209,49,53,63,28,54,254,5,69,196,17,195,1,53,63,93,254,28,68,129,0,0,0,4,17,195,2,1,0,87,0,85,222,88,0,0,8,8,149,10,0,0,33,234,49,53,63,28,251,254,5,69,196,17,195,1,53,63,93,254,28,68,129,0,0,0,4,17,195,2,1,0,87,0,209,97,98,0,0,8,8,150,10,0,0,33,4,50,53,63,28,20,254,28,68,129,0,0,2,4,138,128,1,1,0,94,0,46,8,99,0,0,8,24,213,10,0,0,41,57,9,138,128,29,15,254,28,68,129,0,0,5,4,138,128,1,1,0,91,0,56,9,99,0,0,8,24,214,10,0,0,33,166,15,138,128,29,136,254,37,68,129,0,0,3,4,138,128,1,1,0,91,0,67,10,99,0,0,17,24,215,10,0,0,41,215,3,20,0,40,255,16,0,41,105,38,138,128,29,23,254,5,69,196,17,195,1,53,63,93,254,28,68,129,0,0,0,4,17,195,2,1,0,83,0,119,189,112,0,0,8,8,151,10,0,0,33,234,49,53,63,28,148,254,5,69,196,17,195,1,53,63,93,254,28,68,129,0,0,0,4,17,195,2,1,0,83,0,31,65,122,0,0,8,8,152,10,0,0,33,209,49,53,63,28,62,254,1,100,1,0,100,254,3,68,128,0,1,3,197]
[2026-03-12 13:05:11] debug: 	zh:zstack:unpi:parser: --> parsed 32 - 2 - 4 - 129 - [0,0,25,0,53,63,1,13,0,87,0,237,150,155,0,0,12,1,91,1,0,102,17,32,1,48,106,2,32,53,63,29] - 35
[2026-03-12 13:05:11] debug: 	zh:zstack:znp: <-- AREQ: AF - incomingMsg - {"groupid":0,"clusterid":25,"srcaddr":16181,"srcendpoint":1,"dstendpoint":13,"wasbroadcast":0,"linkquality":87,"securityuse":0,"timestamp":10196717,"transseqnumber":0,"len":12,"data":{"type":"Buffer","data":[1,91,1,0,102,17,32,1,48,106,2,32]}}
[2026-03-12 13:05:11] debug: 	zh:controller: Received payload: clusterID=25, address=16181, groupID=0, endpoint=1, destinationEndpoint=13, wasBroadcast=false, linkQuality=87, frame={"header":{"frameControl":{"frameType":1,"manufacturerSpecific":false,"direction":0,"disableDefaultResponse":false,"reservedBits":0},"transactionSequenceNumber":91,"commandIdentifier":1},"payload":{"fieldControl":0,"manufacturerCode":4454,"imageType":288,"fileVersion":537029168},"command":{"ID":1,"response":2,"parameters":[{"name":"fieldControl","type":24},{"name":"manufacturerCode","type":33},{"name":"imageType","type":33,"max":65471},{"name":"fileVersion","type":35},{"name":"hardwareVersion","type":33,"conditions":[{"type":"bitMaskSet","param":"fieldControl","mask":1}]}],"required":true,"name":"queryNextImageRequest"}}
[2026-03-12 13:05:11] debug: 	zh:zstack:unpi:parser: --- parseNext [254,32,68,129,0,0,25,0,53,63,1,13,0,87,0,132,121,158,0,0,12,1,92,1,0,102,17,32,1,48,106,2,32,53,63,29,167,254,32,68,129,0,0,25,0,53,63,1,13,0,87,0,227,91,161,0,0,12,1,93,1,0,102,17,32,1,48,106,2,32,53,63,29,220,254,32,68,129,0,0,25,0,53,63,1,13,0,83,0,65,62,164,0,0,12,1,94,1,0,102,17,32,1,48,106,2,32,53,63,29,25,254,5,69,196,17,195,1,53,63,93,254,28,68,129,0,0,0,4,17,195,2,1,0,87,0,36,220,166,0,0,8,8,133,10,0,0,33,9,76,53,63,28,248,254,32,68,129,0,0,25,0,53,63,1,13,0,83,0,2,32,167,0,0,12,1,95,1,0,102,17,32,1,48,106,2,32,53,63,29,70,254,5,69,196,211,149,1,53,63,201,254,27,68,129,0,0,1,0,211,149,1,1,0,87,0,4,194,170,0,0,7,24,19,10,33,0,32,200,53,63,28,123,254,5,69,196,17,195,1,53,63,93,254,28,68,129,0,0,0,4,17,195,2,1,0,87,0,183,95,176,0,0,8,8,134,10,0,0,33,14,76,53,63,28,250,254,5,69,196,17,195,1,53,63,93,254,28,68,129,0,0,0,4,17,195,2,1,0,83,0,86,233,185,0,0,8,8,135,10,0,0,33,20,76,53,63,28,187,254,5,69,196,17,195,1,53,63,93,254,28,68,129,0,0,0,4,17,195,2,1,0,87,0,144,114,195,0,0,8,8,136,10,0,0,33,25,76,53,63,28,154,254,5,69,196,17,195,1,53,63,93,254,28,68,129,0,0,0,4,17,195,2,1,0,87,0,168,244,204,0,0,8,8,137,10,0,0,33,36,76,53,63,28,23,254,5,69,196,17,195,1,53,63,93,254,28,68,129,0,0,0,4,17,195,2,1,0,91,0,97,118,214,0,0,8,8,138,10,0,0,33,47,76,53,63,28,66,254,5,69,196,17,195,1,53,63,93,254,28,68,129,0,0,0,4,17,195,2,1,0,83,0,164,255,223,0,0,8,8,139,10,0,0,33,63,76,53,63,28,30,254,5,69,196,211,149,1,53,63,201,254,25,68,129,0,0,10,0,211,149,1,1,0,87,0,53,147,225,0,0,5,0,20,0,7,0,53,63,28,128,254,5,69,196,211,149,1,53,63,201,254,25,68,129,0,0,10,0,211,149,1,1,0,87,0,157,61,226,0,0,5,0,20,0,7,0,53,63,28,133,254,5,69,196,211,149,1,53,63,201,254,25,68,129,0,0,10,0,211,149,1,1,0,83,0,21,232,226,0,0,5,0,20,0,7,0,53,63,28,220,254,5,69,196,211,149,1,53,63,201,254,25,68,129,0,0,10,0,211,149,1,1,0,87,0,37,147,227,0,0,5,0,20,0,7,0,53,63,28,146,254,5,69,196,211,149,1,53,63,201,254,25,68,129,0,0,10,0,211,149,1,1,0,87,0,208,61,228,0,0,5,0,20,0,7,0,53,63,28,206,254,5,69,196,17,195,1,53,63,93,254,28,68,129,0,0,0,4,17,195,2,1,0,87,0,205,137,233,0,0,8,8,140,10,0,0,33,100,76,53,63,28,111,254,5,69,196,17,195,1,53,63,93,254,28,68,129,0,0,0,4,17,195,2,1,0,83,0,2,11,3,0,0,8,8,141,10,0,0,33,153,76,53,63,28,48,254,5,69,196,17,195,1,53,63,93,254,28,68,129,0,0,0,4,17,195,2,1,0,87,0,54,140,12,0,0,8,8,142,10,0,0,33,198,65,53,63,28,217,254,5,69,196,17,195,1,53,63,93,254,28,68,129,0,0,0,4,17,195,2,1,0,91,0,197,6,22,0,0,8,8,143,10,0,0,33,12,52,53,63,28,8,254,5,69,196,17,195,1,53,63,93,254,28,68,129,0,0,0,4,17,195,2,1,0,83,0,93,144,31,0,0,8,8,144,10,0,0,33,200,50,53,63,28,218,254,5,69,196,17,195,1,53,63,93,254,28,68,129,0,0,0,4,17,195,2,1,0,91,0,64,18,41,0,0,8,8,145,10,0,0,33,29,50,53,63,28,175,254,28,68,129,0,0,2,4,140,102,1,1,0,178,0,253,174,42,0,0,8,24,140,10,0,0,41,164,9,140,102,29,27,254,28,68,129,0,0,5,4,140,102,1,1,0,178,0,243,175,42,0,0,8,24,141,10,0,0,33,243,14,140,102,29,74,254,37,68,129,0,0,3,4,140,102,1,1,0,178,0,214,176,42,0,0,17,24,142,10,0,0,41,215,3,20,0,40,255,16,0,41,106,38,140,102,29,194,254,5,69,196,211,149,1,53,63,201,254,31,68,129,0,0,1,0,211,149,1,1,0,87,0,128,254,44,0,0,11,8,21,10,33,0,32,200,32,0,32,30,53,63,28,69,254,5,69,196,211,149,1,53,63,201,254,31,68,129,0,0,1,0,211,149,1,1,0,87,0,252,169,45,0,0,11,8,21,10,33,0,32,200,32,0,32,30,53,63,28,111,254,5,69,196,211,149,1,53,63,201,254,31,68,129,0,0,1,0,211,149,1,1,0,87,0,5,84,46,0,0,11,8,21,10,33,0,32,200,32,0,32,30,53,63,28,104,254,5,69,196,211,149,1,53,63,201,254,31,68,129,0,0,1,0,211,149,1,1,0,87,0,139,255,46,0,0,11,8,21,10,33,0,32,200,32,0,32,30,53,63,28,77,254,5,69,196,211,149,1,53,63,201,254,31,68,129,0,0,1,0,211,149,1,1,0,87,0,61,169,47,0,0,11,8,21,10,33,0,32,200,32,0,32,30,53,63,28,172,254,5,69,196,17,195,1,53,63,93,254,28,68,129,0,0,0,4,17,195,2,1,0,87,0,6,148,50,0,0,8,8,146,10,0,0,33,209,49,53,63,28,180,254,5,69,196,17,195,1,53,63,93,254,28,68,129,0,0,0,4,17,195,2,1,0,87,0,93,14,60,0,0,8,8,147,10,0,0,33,184,49,53,63,28,19,254,5,69,196,17,195,1,53,63,93,254,28,68,129,0,0,0,4,17,195,2,1,0,87,0,162,195,69,0,0,8,8,148,10,0,0,33,209,49,53,63,28,54,254,5,69,196,17,195,1,53,63,93,254,28,68,129,0,0,0,4,17,195,2,1,0,87,0,85,222,88,0,0,8,8,149,10,0,0,33,234,49,53,63,28,251,254,5,69,196,17,195,1,53,63,93,254,28,68,129,0,0,0,4,17,195,2,1,0,87,0,209,97,98,0,0,8,8,150,10,0,0,33,4,50,53,63,28,20,254,28,68,129,0,0,2,4,138,128,1,1,0,94,0,46,8,99,0,0,8,24,213,10,0,0,41,57,9,138,128,29,15,254,28,68,129,0,0,5,4,138,128,1,1,0,91,0,56,9,99,0,0,8,24,214,10,0,0,33,166,15,138,128,29,136,254,37,68,129,0,0,3,4,138,128,1,1,0,91,0,67,10,99,0,0,17,24,215,10,0,0,41,215,3,20,0,40,255,16,0,41,105,38,138,128,29,23,254,5,69,196,17,195,1,53,63,93,254,28,68,129,0,0,0,4,17,195,2,1,0,83,0,119,189,112,0,0,8,8,151,10,0,0,33,234,49,53,63,28,148,254,5,69,196,17,195,1,53,63,93,254,28,68,129,0,0,0,4,17,195,2,1,0,83,0,31,65,122,0,0,8,8,152,10,0,0,33,209,49,53,63,28,62,254,1,100,1,0,100,254,3,68,128,0,1,3,197]
[2026-03-12 13:05:11] debug: 	zh:zstack:unpi:parser: --> parsed 32 - 2 - 4 - 129 - [0,0,25,0,53,63,1,13,0,87,0,132,121,158,0,0,12,1,92,1,0,102,17,32,1,48,106,2,32,53,63,29] - 167
[2026-03-12 13:05:11] debug: 	zh:zstack:znp: <-- AREQ: AF - incomingMsg - {"groupid":0,"clusterid":25,"srcaddr":16181,"srcendpoint":1,"dstendpoint":13,"wasbroadcast":0,"linkquality":87,"securityuse":0,"timestamp":10385796,"transseqnumber":0,"len":12,"data":{"type":"Buffer","data":[1,92,1,0,102,17,32,1,48,106,2,32]}}
[2026-03-12 13:05:11] debug: 	zh:controller: Received payload: clusterID=25, address=16181, groupID=0, endpoint=1, destinationEndpoint=13, wasBroadcast=false, linkQuality=87, frame={"header":{"frameControl":{"frameType":1,"manufacturerSpecific":false,"direction":0,"disableDefaultResponse":false,"reservedBits":0},"transactionSequenceNumber":92,"commandIdentifier":1},"payload":{"fieldControl":0,"manufacturerCode":4454,"imageType":288,"fileVersion":537029168},"command":{"ID":1,"response":2,"parameters":[{"name":"fieldControl","type":24},{"name":"manufacturerCode","type":33},{"name":"imageType","type":33,"max":65471},{"name":"fileVersion","type":35},{"name":"hardwareVersion","type":33,"conditions":[{"type":"bitMaskSet","param":"fieldControl","mask":1}]}],"required":true,"name":"queryNextImageRequest"}}
[2026-03-12 13:05:11] debug: 	zh:zstack:unpi:parser: --- parseNext [254,32,68,129,0,0,25,0,53,63,1,13,0,87,0,227,91,161,0,0,12,1,93,1,0,102,17,32,1,48,106,2,32,53,63,29,220,254,32,68,129,0,0,25,0,53,63,1,13,0,83,0,65,62,164,0,0,12,1,94,1,0,102,17,32,1,48,106,2,32,53,63,29,25,254,5,69,196,17,195,1,53,63,93,254,28,68,129,0,0,0,4,17,195,2,1,0,87,0,36,220,166,0,0,8,8,133,10,0,0,33,9,76,53,63,28,248,254,32,68,129,0,0,25,0,53,63,1,13,0,83,0,2,32,167,0,0,12,1,95,1,0,102,17,32,1,48,106,2,32,53,63,29,70,254,5,69,196,211,149,1,53,63,201,254,27,68,129,0,0,1,0,211,149,1,1,0,87,0,4,194,170,0,0,7,24,19,10,33,0,32,200,53,63,28,123,254,5,69,196,17,195,1,53,63,93,254,28,68,129,0,0,0,4,17,195,2,1,0,87,0,183,95,176,0,0,8,8,134,10,0,0,33,14,76,53,63,28,250,254,5,69,196,17,195,1,53,63,93,254,28,68,129,0,0,0,4,17,195,2,1,0,83,0,86,233,185,0,0,8,8,135,10,0,0,33,20,76,53,63,28,187,254,5,69,196,17,195,1,53,63,93,254,28,68,129,0,0,0,4,17,195,2,1,0,87,0,144,114,195,0,0,8,8,136,10,0,0,33,25,76,53,63,28,154,254,5,69,196,17,195,1,53,63,93,254,28,68,129,0,0,0,4,17,195,2,1,0,87,0,168,244,204,0,0,8,8,137,10,0,0,33,36,76,53,63,28,23,254,5,69,196,17,195,1,53,63,93,254,28,68,129,0,0,0,4,17,195,2,1,0,91,0,97,118,214,0,0,8,8,138,10,0,0,33,47,76,53,63,28,66,254,5,69,196,17,195,1,53,63,93,254,28,68,129,0,0,0,4,17,195,2,1,0,83,0,164,255,223,0,0,8,8,139,10,0,0,33,63,76,53,63,28,30,254,5,69,196,211,149,1,53,63,201,254,25,68,129,0,0,10,0,211,149,1,1,0,87,0,53,147,225,0,0,5,0,20,0,7,0,53,63,28,128,254,5,69,196,211,149,1,53,63,201,254,25,68,129,0,0,10,0,211,149,1,1,0,87,0,157,61,226,0,0,5,0,20,0,7,0,53,63,28,133,254,5,69,196,211,149,1,53,63,201,254,25,68,129,0,0,10,0,211,149,1,1,0,83,0,21,232,226,0,0,5,0,20,0,7,0,53,63,28,220,254,5,69,196,211,149,1,53,63,201,254,25,68,129,0,0,10,0,211,149,1,1,0,87,0,37,147,227,0,0,5,0,20,0,7,0,53,63,28,146,254,5,69,196,211,149,1,53,63,201,254,25,68,129,0,0,10,0,211,149,1,1,0,87,0,208,61,228,0,0,5,0,20,0,7,0,53,63,28,206,254,5,69,196,17,195,1,53,63,93,254,28,68,129,0,0,0,4,17,195,2,1,0,87,0,205,137,233,0,0,8,8,140,10,0,0,33,100,76,53,63,28,111,254,5,69,196,17,195,1,53,63,93,254,28,68,129,0,0,0,4,17,195,2,1,0,83,0,2,11,3,0,0,8,8,141,10,0,0,33,153,76,53,63,28,48,254,5,69,196,17,195,1,53,63,93,254,28,68,129,0,0,0,4,17,195,2,1,0,87,0,54,140,12,0,0,8,8,142,10,0,0,33,198,65,53,63,28,217,254,5,69,196,17,195,1,53,63,93,254,28,68,129,0,0,0,4,17,195,2,1,0,91,0,197,6,22,0,0,8,8,143,10,0,0,33,12,52,53,63,28,8,254,5,69,196,17,195,1,53,63,93,254,28,68,129,0,0,0,4,17,195,2,1,0,83,0,93,144,31,0,0,8,8,144,10,0,0,33,200,50,53,63,28,218,254,5,69,196,17,195,1,53,63,93,254,28,68,129,0,0,0,4,17,195,2,1,0,91,0,64,18,41,0,0,8,8,145,10,0,0,33,29,50,53,63,28,175,254,28,68,129,0,0,2,4,140,102,1,1,0,178,0,253,174,42,0,0,8,24,140,10,0,0,41,164,9,140,102,29,27,254,28,68,129,0,0,5,4,140,102,1,1,0,178,0,243,175,42,0,0,8,24,141,10,0,0,33,243,14,140,102,29,74,254,37,68,129,0,0,3,4,140,102,1,1,0,178,0,214,176,42,0,0,17,24,142,10,0,0,41,215,3,20,0,40,255,16,0,41,106,38,140,102,29,194,254,5,69,196,211,149,1,53,63,201,254,31,68,129,0,0,1,0,211,149,1,1,0,87,0,128,254,44,0,0,11,8,21,10,33,0,32,200,32,0,32,30,53,63,28,69,254,5,69,196,211,149,1,53,63,201,254,31,68,129,0,0,1,0,211,149,1,1,0,87,0,252,169,45,0,0,11,8,21,10,33,0,32,200,32,0,32,30,53,63,28,111,254,5,69,196,211,149,1,53,63,201,254,31,68,129,0,0,1,0,211,149,1,1,0,87,0,5,84,46,0,0,11,8,21,10,33,0,32,200,32,0,32,30,53,63,28,104,254,5,69,196,211,149,1,53,63,201,254,31,68,129,0,0,1,0,211,149,1,1,0,87,0,139,255,46,0,0,11,8,21,10,33,0,32,200,32,0,32,30,53,63,28,77,254,5,69,196,211,149,1,53,63,201,254,31,68,129,0,0,1,0,211,149,1,1,0,87,0,61,169,47,0,0,11,8,21,10,33,0,32,200,32,0,32,30,53,63,28,172,254,5,69,196,17,195,1,53,63,93,254,28,68,129,0,0,0,4,17,195,2,1,0,87,0,6,148,50,0,0,8,8,146,10,0,0,33,209,49,53,63,28,180,254,5,69,196,17,195,1,53,63,93,254,28,68,129,0,0,0,4,17,195,2,1,0,87,0,93,14,60,0,0,8,8,147,10,0,0,33,184,49,53,63,28,19,254,5,69,196,17,195,1,53,63,93,254,28,68,129,0,0,0,4,17,195,2,1,0,87,0,162,195,69,0,0,8,8,148,10,0,0,33,209,49,53,63,28,54,254,5,69,196,17,195,1,53,63,93,254,28,68,129,0,0,0,4,17,195,2,1,0,87,0,85,222,88,0,0,8,8,149,10,0,0,33,234,49,53,63,28,251,254,5,69,196,17,195,1,53,63,93,254,28,68,129,0,0,0,4,17,195,2,1,0,87,0,209,97,98,0,0,8,8,150,10,0,0,33,4,50,53,63,28,20,254,28,68,129,0,0,2,4,138,128,1,1,0,94,0,46,8,99,0,0,8,24,213,10,0,0,41,57,9,138,128,29,15,254,28,68,129,0,0,5,4,138,128,1,1,0,91,0,56,9,99,0,0,8,24,214,10,0,0,33,166,15,138,128,29,136,254,37,68,129,0,0,3,4,138,128,1,1,0,91,0,67,10,99,0,0,17,24,215,10,0,0,41,215,3,20,0,40,255,16,0,41,105,38,138,128,29,23,254,5,69,196,17,195,1,53,63,93,254,28,68,129,0,0,0,4,17,195,2,1,0,83,0,119,189,112,0,0,8,8,151,10,0,0,33,234,49,53,63,28,148,254,5,69,196,17,195,1,53,63,93,254,28,68,129,0,0,0,4,17,195,2,1,0,83,0,31,65,122,0,0,8,8,152,10,0,0,33,209,49,53,63,28,62,254,1,100,1,0,100,254,3,68,128,0,1,3,197]
[2026-03-12 13:05:11] debug: 	zh:zstack:unpi:parser: --> parsed 32 - 2 - 4 - 129 - [0,0,25,0,53,63,1,13,0,87,0,227,91,161,0,0,12,1,93,1,0,102,17,32,1,48,106,2,32,53,63,29] - 220
[2026-03-12 13:05:11] debug: 	zh:zstack:znp: <-- AREQ: AF - incomingMsg - {"groupid":0,"clusterid":25,"srcaddr":16181,"srcendpoint":1,"dstendpoint":13,"wasbroadcast":0,"linkquality":87,"securityuse":0,"timestamp":10574819,"transseqnumber":0,"len":12,"data":{"type":"Buffer","data":[1,93,1,0,102,17,32,1,48,106,2,32]}}
[2026-03-12 13:05:11] debug: 	zh:controller: Received payload: clusterID=25, address=16181, groupID=0, endpoint=1, destinationEndpoint=13, wasBroadcast=false, linkQuality=87, frame={"header":{"frameControl":{"frameType":1,"manufacturerSpecific":false,"direction":0,"disableDefaultResponse":false,"reservedBits":0},"transactionSequenceNumber":93,"commandIdentifier":1},"payload":{"fieldControl":0,"manufacturerCode":4454,"imageType":288,"fileVersion":537029168},"command":{"ID":1,"response":2,"parameters":[{"name":"fieldControl","type":24},{"name":"manufacturerCode","type":33},{"name":"imageType","type":33,"max":65471},{"name":"fileVersion","type":35},{"name":"hardwareVersion","type":33,"conditions":[{"type":"bitMaskSet","param":"fieldControl","mask":1}]}],"required":true,"name":"queryNextImageRequest"}}
[2026-03-12 13:05:11] debug: 	zh:zstack:unpi:parser: --- parseNext [254,32,68,129,0,0,25,0,53,63,1,13,0,83,0,65,62,164,0,0,12,1,94,1,0,102,17,32,1,48,106,2,32,53,63,29,25,254,5,69,196,17,195,1,53,63,93,254,28,68,129,0,0,0,4,17,195,2,1,0,87,0,36,220,166,0,0,8,8,133,10,0,0,33,9,76,53,63,28,248,254,32,68,129,0,0,25,0,53,63,1,13,0,83,0,2,32,167,0,0,12,1,95,1,0,102,17,32,1,48,106,2,32,53,63,29,70,254,5,69,196,211,149,1,53,63,201,254,27,68,129,0,0,1,0,211,149,1,1,0,87,0,4,194,170,0,0,7,24,19,10,33,0,32,200,53,63,28,123,254,5,69,196,17,195,1,53,63,93,254,28,68,129,0,0,0,4,17,195,2,1,0,87,0,183,95,176,0,0,8,8,134,10,0,0,33,14,76,53,63,28,250,254,5,69,196,17,195,1,53,63,93,254,28,68,129,0,0,0,4,17,195,2,1,0,83,0,86,233,185,0,0,8,8,135,10,0,0,33,20,76,53,63,28,187,254,5,69,196,17,195,1,53,63,93,254,28,68,129,0,0,0,4,17,195,2,1,0,87,0,144,114,195,0,0,8,8,136,10,0,0,33,25,76,53,63,28,154,254,5,69,196,17,195,1,53,63,93,254,28,68,129,0,0,0,4,17,195,2,1,0,87,0,168,244,204,0,0,8,8,137,10,0,0,33,36,76,53,63,28,23,254,5,69,196,17,195,1,53,63,93,254,28,68,129,0,0,0,4,17,195,2,1,0,91,0,97,118,214,0,0,8,8,138,10,0,0,33,47,76,53,63,28,66,254,5,69,196,17,195,1,53,63,93,254,28,68,129,0,0,0,4,17,195,2,1,0,83,0,164,255,223,0,0,8,8,139,10,0,0,33,63,76,53,63,28,30,254,5,69,196,211,149,1,53,63,201,254,25,68,129,0,0,10,0,211,149,1,1,0,87,0,53,147,225,0,0,5,0,20,0,7,0,53,63,28,128,254,5,69,196,211,149,1,53,63,201,254,25,68,129,0,0,10,0,211,149,1,1,0,87,0,157,61,226,0,0,5,0,20,0,7,0,53,63,28,133,254,5,69,196,211,149,1,53,63,201,254,25,68,129,0,0,10,0,211,149,1,1,0,83,0,21,232,226,0,0,5,0,20,0,7,0,53,63,28,220,254,5,69,196,211,149,1,53,63,201,254,25,68,129,0,0,10,0,211,149,1,1,0,87,0,37,147,227,0,0,5,0,20,0,7,0,53,63,28,146,254,5,69,196,211,149,1,53,63,201,254,25,68,129,0,0,10,0,211,149,1,1,0,87,0,208,61,228,0,0,5,0,20,0,7,0,53,63,28,206,254,5,69,196,17,195,1,53,63,93,254,28,68,129,0,0,0,4,17,195,2,1,0,87,0,205,137,233,0,0,8,8,140,10,0,0,33,100,76,53,63,28,111,254,5,69,196,17,195,1,53,63,93,254,28,68,129,0,0,0,4,17,195,2,1,0,83,0,2,11,3,0,0,8,8,141,10,0,0,33,153,76,53,63,28,48,254,5,69,196,17,195,1,53,63,93,254,28,68,129,0,0,0,4,17,195,2,1,0,87,0,54,140,12,0,0,8,8,142,10,0,0,33,198,65,53,63,28,217,254,5,69,196,17,195,1,53,63,93,254,28,68,129,0,0,0,4,17,195,2,1,0,91,0,197,6,22,0,0,8,8,143,10,0,0,33,12,52,53,63,28,8,254,5,69,196,17,195,1,53,63,93,254,28,68,129,0,0,0,4,17,195,2,1,0,83,0,93,144,31,0,0,8,8,144,10,0,0,33,200,50,53,63,28,218,254,5,69,196,17,195,1,53,63,93,254,28,68,129,0,0,0,4,17,195,2,1,0,91,0,64,18,41,0,0,8,8,145,10,0,0,33,29,50,53,63,28,175,254,28,68,129,0,0,2,4,140,102,1,1,0,178,0,253,174,42,0,0,8,24,140,10,0,0,41,164,9,140,102,29,27,254,28,68,129,0,0,5,4,140,102,1,1,0,178,0,243,175,42,0,0,8,24,141,10,0,0,33,243,14,140,102,29,74,254,37,68,129,0,0,3,4,140,102,1,1,0,178,0,214,176,42,0,0,17,24,142,10,0,0,41,215,3,20,0,40,255,16,0,41,106,38,140,102,29,194,254,5,69,196,211,149,1,53,63,201,254,31,68,129,0,0,1,0,211,149,1,1,0,87,0,128,254,44,0,0,11,8,21,10,33,0,32,200,32,0,32,30,53,63,28,69,254,5,69,196,211,149,1,53,63,201,254,31,68,129,0,0,1,0,211,149,1,1,0,87,0,252,169,45,0,0,11,8,21,10,33,0,32,200,32,0,32,30,53,63,28,111,254,5,69,196,211,149,1,53,63,201,254,31,68,129,0,0,1,0,211,149,1,1,0,87,0,5,84,46,0,0,11,8,21,10,33,0,32,200,32,0,32,30,53,63,28,104,254,5,69,196,211,149,1,53,63,201,254,31,68,129,0,0,1,0,211,149,1,1,0,87,0,139,255,46,0,0,11,8,21,10,33,0,32,200,32,0,32,30,53,63,28,77,254,5,69,196,211,149,1,53,63,201,254,31,68,129,0,0,1,0,211,149,1,1,0,87,0,61,169,47,0,0,11,8,21,10,33,0,32,200,32,0,32,30,53,63,28,172,254,5,69,196,17,195,1,53,63,93,254,28,68,129,0,0,0,4,17,195,2,1,0,87,0,6,148,50,0,0,8,8,146,10,0,0,33,209,49,53,63,28,180,254,5,69,196,17,195,1,53,63,93,254,28,68,129,0,0,0,4,17,195,2,1,0,87,0,93,14,60,0,0,8,8,147,10,0,0,33,184,49,53,63,28,19,254,5,69,196,17,195,1,53,63,93,254,28,68,129,0,0,0,4,17,195,2,1,0,87,0,162,195,69,0,0,8,8,148,10,0,0,33,209,49,53,63,28,54,254,5,69,196,17,195,1,53,63,93,254,28,68,129,0,0,0,4,17,195,2,1,0,87,0,85,222,88,0,0,8,8,149,10,0,0,33,234,49,53,63,28,251,254,5,69,196,17,195,1,53,63,93,254,28,68,129,0,0,0,4,17,195,2,1,0,87,0,209,97,98,0,0,8,8,150,10,0,0,33,4,50,53,63,28,20,254,28,68,129,0,0,2,4,138,128,1,1,0,94,0,46,8,99,0,0,8,24,213,10,0,0,41,57,9,138,128,29,15,254,28,68,129,0,0,5,4,138,128,1,1,0,91,0,56,9,99,0,0,8,24,214,10,0,0,33,166,15,138,128,29,136,254,37,68,129,0,0,3,4,138,128,1,1,0,91,0,67,10,99,0,0,17,24,215,10,0,0,41,215,3,20,0,40,255,16,0,41,105,38,138,128,29,23,254,5,69,196,17,195,1,53,63,93,254,28,68,129,0,0,0,4,17,195,2,1,0,83,0,119,189,112,0,0,8,8,151,10,0,0,33,234,49,53,63,28,148,254,5,69,196,17,195,1,53,63,93,254,28,68,129,0,0,0,4,17,195,2,1,0,83,0,31,65,122,0,0,8,8,152,10,0,0,33,209,49,53,63,28,62,254,1,100,1,0,100,254,3,68,128,0,1,3,197]
[2026-03-12 13:05:11] debug: 	zh:zstack:unpi:parser: --> parsed 32 - 2 - 4 - 129 - [0,0,25,0,53,63,1,13,0,83,0,65,62,164,0,0,12,1,94,1,0,102,17,32,1,48,106,2,32,53,63,29] - 25
[2026-03-12 13:05:11] debug: 	zh:zstack:znp: <-- AREQ: AF - incomingMsg - {"groupid":0,"clusterid":25,"srcaddr":16181,"srcendpoint":1,"dstendpoint":13,"wasbroadcast":0,"linkquality":83,"securityuse":0,"timestamp":10763841,"transseqnumber":0,"len":12,"data":{"type":"Buffer","data":[1,94,1,0,102,17,32,1,48,106,2,32]}}
[2026-03-12 13:05:11] debug: 	zh:controller: Received payload: clusterID=25, address=16181, groupID=0, endpoint=1, destinationEndpoint=13, wasBroadcast=false, linkQuality=83, frame={"header":{"frameControl":{"frameType":1,"manufacturerSpecific":false,"direction":0,"disableDefaultResponse":false,"reservedBits":0},"transactionSequenceNumber":94,"commandIdentifier":1},"payload":{"fieldControl":0,"manufacturerCode":4454,"imageType":288,"fileVersion":537029168},"command":{"ID":1,"response":2,"parameters":[{"name":"fieldControl","type":24},{"name":"manufacturerCode","type":33},{"name":"imageType","type":33,"max":65471},{"name":"fileVersion","type":35},{"name":"hardwareVersion","type":33,"conditions":[{"type":"bitMaskSet","param":"fieldControl","mask":1}]}],"required":true,"name":"queryNextImageRequest"}}
[2026-03-12 13:05:11] debug: 	zh:zstack:unpi:parser: --- parseNext [254,5,69,196,17,195,1,53,63,93,254,28,68,129,0,0,0,4,17,195,2,1,0,87,0,36,220,166,0,0,8,8,133,10,0,0,33,9,76,53,63,28,248,254,32,68,129,0,0,25,0,53,63,1,13,0,83,0,2,32,167,0,0,12,1,95,1,0,102,17,32,1,48,106,2,32,53,63,29,70,254,5,69,196,211,149,1,53,63,201,254,27,68,129,0,0,1,0,211,149,1,1,0,87,0,4,194,170,0,0,7,24,19,10,33,0,32,200,53,63,28,123,254,5,69,196,17,195,1,53,63,93,254,28,68,129,0,0,0,4,17,195,2,1,0,87,0,183,95,176,0,0,8,8,134,10,0,0,33,14,76,53,63,28,250,254,5,69,196,17,195,1,53,63,93,254,28,68,129,0,0,0,4,17,195,2,1,0,83,0,86,233,185,0,0,8,8,135,10,0,0,33,20,76,53,63,28,187,254,5,69,196,17,195,1,53,63,93,254,28,68,129,0,0,0,4,17,195,2,1,0,87,0,144,114,195,0,0,8,8,136,10,0,0,33,25,76,53,63,28,154,254,5,69,196,17,195,1,53,63,93,254,28,68,129,0,0,0,4,17,195,2,1,0,87,0,168,244,204,0,0,8,8,137,10,0,0,33,36,76,53,63,28,23,254,5,69,196,17,195,1,53,63,93,254,28,68,129,0,0,0,4,17,195,2,1,0,91,0,97,118,214,0,0,8,8,138,10,0,0,33,47,76,53,63,28,66,254,5,69,196,17,195,1,53,63,93,254,28,68,129,0,0,0,4,17,195,2,1,0,83,0,164,255,223,0,0,8,8,139,10,0,0,33,63,76,53,63,28,30,254,5,69,196,211,149,1,53,63,201,254,25,68,129,0,0,10,0,211,149,1,1,0,87,0,53,147,225,0,0,5,0,20,0,7,0,53,63,28,128,254,5,69,196,211,149,1,53,63,201,254,25,68,129,0,0,10,0,211,149,1,1,0,87,0,157,61,226,0,0,5,0,20,0,7,0,53,63,28,133,254,5,69,196,211,149,1,53,63,201,254,25,68,129,0,0,10,0,211,149,1,1,0,83,0,21,232,226,0,0,5,0,20,0,7,0,53,63,28,220,254,5,69,196,211,149,1,53,63,201,254,25,68,129,0,0,10,0,211,149,1,1,0,87,0,37,147,227,0,0,5,0,20,0,7,0,53,63,28,146,254,5,69,196,211,149,1,53,63,201,254,25,68,129,0,0,10,0,211,149,1,1,0,87,0,208,61,228,0,0,5,0,20,0,7,0,53,63,28,206,254,5,69,196,17,195,1,53,63,93,254,28,68,129,0,0,0,4,17,195,2,1,0,87,0,205,137,233,0,0,8,8,140,10,0,0,33,100,76,53,63,28,111,254,5,69,196,17,195,1,53,63,93,254,28,68,129,0,0,0,4,17,195,2,1,0,83,0,2,11,3,0,0,8,8,141,10,0,0,33,153,76,53,63,28,48,254,5,69,196,17,195,1,53,63,93,254,28,68,129,0,0,0,4,17,195,2,1,0,87,0,54,140,12,0,0,8,8,142,10,0,0,33,198,65,53,63,28,217,254,5,69,196,17,195,1,53,63,93,254,28,68,129,0,0,0,4,17,195,2,1,0,91,0,197,6,22,0,0,8,8,143,10,0,0,33,12,52,53,63,28,8,254,5,69,196,17,195,1,53,63,93,254,28,68,129,0,0,0,4,17,195,2,1,0,83,0,93,144,31,0,0,8,8,144,10,0,0,33,200,50,53,63,28,218,254,5,69,196,17,195,1,53,63,93,254,28,68,129,0,0,0,4,17,195,2,1,0,91,0,64,18,41,0,0,8,8,145,10,0,0,33,29,50,53,63,28,175,254,28,68,129,0,0,2,4,140,102,1,1,0,178,0,253,174,42,0,0,8,24,140,10,0,0,41,164,9,140,102,29,27,254,28,68,129,0,0,5,4,140,102,1,1,0,178,0,243,175,42,0,0,8,24,141,10,0,0,33,243,14,140,102,29,74,254,37,68,129,0,0,3,4,140,102,1,1,0,178,0,214,176,42,0,0,17,24,142,10,0,0,41,215,3,20,0,40,255,16,0,41,106,38,140,102,29,194,254,5,69,196,211,149,1,53,63,201,254,31,68,129,0,0,1,0,211,149,1,1,0,87,0,128,254,44,0,0,11,8,21,10,33,0,32,200,32,0,32,30,53,63,28,69,254,5,69,196,211,149,1,53,63,201,254,31,68,129,0,0,1,0,211,149,1,1,0,87,0,252,169,45,0,0,11,8,21,10,33,0,32,200,32,0,32,30,53,63,28,111,254,5,69,196,211,149,1,53,63,201,254,31,68,129,0,0,1,0,211,149,1,1,0,87,0,5,84,46,0,0,11,8,21,10,33,0,32,200,32,0,32,30,53,63,28,104,254,5,69,196,211,149,1,53,63,201,254,31,68,129,0,0,1,0,211,149,1,1,0,87,0,139,255,46,0,0,11,8,21,10,33,0,32,200,32,0,32,30,53,63,28,77,254,5,69,196,211,149,1,53,63,201,254,31,68,129,0,0,1,0,211,149,1,1,0,87,0,61,169,47,0,0,11,8,21,10,33,0,32,200,32,0,32,30,53,63,28,172,254,5,69,196,17,195,1,53,63,93,254,28,68,129,0,0,0,4,17,195,2,1,0,87,0,6,148,50,0,0,8,8,146,10,0,0,33,209,49,53,63,28,180,254,5,69,196,17,195,1,53,63,93,254,28,68,129,0,0,0,4,17,195,2,1,0,87,0,93,14,60,0,0,8,8,147,10,0,0,33,184,49,53,63,28,19,254,5,69,196,17,195,1,53,63,93,254,28,68,129,0,0,0,4,17,195,2,1,0,87,0,162,195,69,0,0,8,8,148,10,0,0,33,209,49,53,63,28,54,254,5,69,196,17,195,1,53,63,93,254,28,68,129,0,0,0,4,17,195,2,1,0,87,0,85,222,88,0,0,8,8,149,10,0,0,33,234,49,53,63,28,251,254,5,69,196,17,195,1,53,63,93,254,28,68,129,0,0,0,4,17,195,2,1,0,87,0,209,97,98,0,0,8,8,150,10,0,0,33,4,50,53,63,28,20,254,28,68,129,0,0,2,4,138,128,1,1,0,94,0,46,8,99,0,0,8,24,213,10,0,0,41,57,9,138,128,29,15,254,28,68,129,0,0,5,4,138,128,1,1,0,91,0,56,9,99,0,0,8,24,214,10,0,0,33,166,15,138,128,29,136,254,37,68,129,0,0,3,4,138,128,1,1,0,91,0,67,10,99,0,0,17,24,215,10,0,0,41,215,3,20,0,40,255,16,0,41,105,38,138,128,29,23,254,5,69,196,17,195,1,53,63,93,254,28,68,129,0,0,0,4,17,195,2,1,0,83,0,119,189,112,0,0,8,8,151,10,0,0,33,234,49,53,63,28,148,254,5,69,196,17,195,1,53,63,93,254,28,68,129,0,0,0,4,17,195,2,1,0,83,0,31,65,122,0,0,8,8,152,10,0,0,33,209,49,53,63,28,62,254,1,100,1,0,100,254,3,68,128,0,1,3,197]
[2026-03-12 13:05:11] debug: 	zh:zstack:unpi:parser: --> parsed 5 - 2 - 5 - 196 - [17,195,1,53,63] - 93
[2026-03-12 13:05:11] debug: 	zh:zstack:znp: <-- AREQ: ZDO - srcRtgInd
[2026-03-12 13:05:11] debug: 	zh:zstack:unpi:parser: --- parseNext [254,28,68,129,0,0,0,4,17,195,2,1,0,87,0,36,220,166,0,0,8,8,133,10,0,0,33,9,76,53,63,28,248,254,32,68,129,0,0,25,0,53,63,1,13,0,83,0,2,32,167,0,0,12,1,95,1,0,102,17,32,1,48,106,2,32,53,63,29,70,254,5,69,196,211,149,1,53,63,201,254,27,68,129,0,0,1,0,211,149,1,1,0,87,0,4,194,170,0,0,7,24,19,10,33,0,32,200,53,63,28,123,254,5,69,196,17,195,1,53,63,93,254,28,68,129,0,0,0,4,17,195,2,1,0,87,0,183,95,176,0,0,8,8,134,10,0,0,33,14,76,53,63,28,250,254,5,69,196,17,195,1,53,63,93,254,28,68,129,0,0,0,4,17,195,2,1,0,83,0,86,233,185,0,0,8,8,135,10,0,0,33,20,76,53,63,28,187,254,5,69,196,17,195,1,53,63,93,254,28,68,129,0,0,0,4,17,195,2,1,0,87,0,144,114,195,0,0,8,8,136,10,0,0,33,25,76,53,63,28,154,254,5,69,196,17,195,1,53,63,93,254,28,68,129,0,0,0,4,17,195,2,1,0,87,0,168,244,204,0,0,8,8,137,10,0,0,33,36,76,53,63,28,23,254,5,69,196,17,195,1,53,63,93,254,28,68,129,0,0,0,4,17,195,2,1,0,91,0,97,118,214,0,0,8,8,138,10,0,0,33,47,76,53,63,28,66,254,5,69,196,17,195,1,53,63,93,254,28,68,129,0,0,0,4,17,195,2,1,0,83,0,164,255,223,0,0,8,8,139,10,0,0,33,63,76,53,63,28,30,254,5,69,196,211,149,1,53,63,201,254,25,68,129,0,0,10,0,211,149,1,1,0,87,0,53,147,225,0,0,5,0,20,0,7,0,53,63,28,128,254,5,69,196,211,149,1,53,63,201,254,25,68,129,0,0,10,0,211,149,1,1,0,87,0,157,61,226,0,0,5,0,20,0,7,0,53,63,28,133,254,5,69,196,211,149,1,53,63,201,254,25,68,129,0,0,10,0,211,149,1,1,0,83,0,21,232,226,0,0,5,0,20,0,7,0,53,63,28,220,254,5,69,196,211,149,1,53,63,201,254,25,68,129,0,0,10,0,211,149,1,1,0,87,0,37,147,227,0,0,5,0,20,0,7,0,53,63,28,146,254,5,69,196,211,149,1,53,63,201,254,25,68,129,0,0,10,0,211,149,1,1,0,87,0,208,61,228,0,0,5,0,20,0,7,0,53,63,28,206,254,5,69,196,17,195,1,53,63,93,254,28,68,129,0,0,0,4,17,195,2,1,0,87,0,205,137,233,0,0,8,8,140,10,0,0,33,100,76,53,63,28,111,254,5,69,196,17,195,1,53,63,93,254,28,68,129,0,0,0,4,17,195,2,1,0,83,0,2,11,3,0,0,8,8,141,10,0,0,33,153,76,53,63,28,48,254,5,69,196,17,195,1,53,63,93,254,28,68,129,0,0,0,4,17,195,2,1,0,87,0,54,140,12,0,0,8,8,142,10,0,0,33,198,65,53,63,28,217,254,5,69,196,17,195,1,53,63,93,254,28,68,129,0,0,0,4,17,195,2,1,0,91,0,197,6,22,0,0,8,8,143,10,0,0,33,12,52,53,63,28,8,254,5,69,196,17,195,1,53,63,93,254,28,68,129,0,0,0,4,17,195,2,1,0,83,0,93,144,31,0,0,8,8,144,10,0,0,33,200,50,53,63,28,218,254,5,69,196,17,195,1,53,63,93,254,28,68,129,0,0,0,4,17,195,2,1,0,91,0,64,18,41,0,0,8,8,145,10,0,0,33,29,50,53,63,28,175,254,28,68,129,0,0,2,4,140,102,1,1,0,178,0,253,174,42,0,0,8,24,140,10,0,0,41,164,9,140,102,29,27,254,28,68,129,0,0,5,4,140,102,1,1,0,178,0,243,175,42,0,0,8,24,141,10,0,0,33,243,14,140,102,29,74,254,37,68,129,0,0,3,4,140,102,1,1,0,178,0,214,176,42,0,0,17,24,142,10,0,0,41,215,3,20,0,40,255,16,0,41,106,38,140,102,29,194,254,5,69,196,211,149,1,53,63,201,254,31,68,129,0,0,1,0,211,149,1,1,0,87,0,128,254,44,0,0,11,8,21,10,33,0,32,200,32,0,32,30,53,63,28,69,254,5,69,196,211,149,1,53,63,201,254,31,68,129,0,0,1,0,211,149,1,1,0,87,0,252,169,45,0,0,11,8,21,10,33,0,32,200,32,0,32,30,53,63,28,111,254,5,69,196,211,149,1,53,63,201,254,31,68,129,0,0,1,0,211,149,1,1,0,87,0,5,84,46,0,0,11,8,21,10,33,0,32,200,32,0,32,30,53,63,28,104,254,5,69,196,211,149,1,53,63,201,254,31,68,129,0,0,1,0,211,149,1,1,0,87,0,139,255,46,0,0,11,8,21,10,33,0,32,200,32,0,32,30,53,63,28,77,254,5,69,196,211,149,1,53,63,201,254,31,68,129,0,0,1,0,211,149,1,1,0,87,0,61,169,47,0,0,11,8,21,10,33,0,32,200,32,0,32,30,53,63,28,172,254,5,69,196,17,195,1,53,63,93,254,28,68,129,0,0,0,4,17,195,2,1,0,87,0,6,148,50,0,0,8,8,146,10,0,0,33,209,49,53,63,28,180,254,5,69,196,17,195,1,53,63,93,254,28,68,129,0,0,0,4,17,195,2,1,0,87,0,93,14,60,0,0,8,8,147,10,0,0,33,184,49,53,63,28,19,254,5,69,196,17,195,1,53,63,93,254,28,68,129,0,0,0,4,17,195,2,1,0,87,0,162,195,69,0,0,8,8,148,10,0,0,33,209,49,53,63,28,54,254,5,69,196,17,195,1,53,63,93,254,28,68,129,0,0,0,4,17,195,2,1,0,87,0,85,222,88,0,0,8,8,149,10,0,0,33,234,49,53,63,28,251,254,5,69,196,17,195,1,53,63,93,254,28,68,129,0,0,0,4,17,195,2,1,0,87,0,209,97,98,0,0,8,8,150,10,0,0,33,4,50,53,63,28,20,254,28,68,129,0,0,2,4,138,128,1,1,0,94,0,46,8,99,0,0,8,24,213,10,0,0,41,57,9,138,128,29,15,254,28,68,129,0,0,5,4,138,128,1,1,0,91,0,56,9,99,0,0,8,24,214,10,0,0,33,166,15,138,128,29,136,254,37,68,129,0,0,3,4,138,128,1,1,0,91,0,67,10,99,0,0,17,24,215,10,0,0,41,215,3,20,0,40,255,16,0,41,105,38,138,128,29,23,254,5,69,196,17,195,1,53,63,93,254,28,68,129,0,0,0,4,17,195,2,1,0,83,0,119,189,112,0,0,8,8,151,10,0,0,33,234,49,53,63,28,148,254,5,69,196,17,195,1,53,63,93,254,28,68,129,0,0,0,4,17,195,2,1,0,83,0,31,65,122,0,0,8,8,152,10,0,0,33,209,49,53,63,28,62,254,1,100,1,0,100,254,3,68,128,0,1,3,197]
[2026-03-12 13:05:11] debug: 	zh:zstack:unpi:parser: --> parsed 28 - 2 - 4 - 129 - [0,0,0,4,17,195,2,1,0,87,0,36,220,166,0,0,8,8,133,10,0,0,33,9,76,53,63,28] - 248
[2026-03-12 13:05:11] debug: 	zh:zstack:znp: <-- AREQ: AF - incomingMsg - {"groupid":0,"clusterid":1024,"srcaddr":49937,"srcendpoint":2,"dstendpoint":1,"wasbroadcast":0,"linkquality":87,"securityuse":0,"timestamp":10935332,"transseqnumber":0,"len":8,"data":{"type":"Buffer","data":[8,133,10,0,0,33,9,76]}}
[2026-03-12 13:05:11] debug: 	zh:controller: Received payload: clusterID=1024, address=49937, groupID=0, endpoint=2, destinationEndpoint=1, wasBroadcast=false, linkQuality=87, frame={"header":{"frameControl":{"frameType":0,"manufacturerSpecific":false,"direction":1,"disableDefaultResponse":false,"reservedBits":0},"transactionSequenceNumber":133,"commandIdentifier":10},"payload":[{"attrId":0,"dataType":33,"attrData":19465}],"command":{"ID":10,"name":"report","parameters":[{"name":"attrId","type":9},{"name":"dataType","type":8},{"name":"attrData","type":1000}]}}
[2026-03-12 13:05:11] debug: 	zh:controller:endpoint: ZCL command 0x001788010916738d/2 msIlluminanceMeasurement.defaultRsp({"cmdId":10,"statusCode":0}, {"timeout":10000,"disableResponse":false,"disableRecovery":false,"disableDefaultResponse":true,"direction":1,"reservedBits":0,"transactionSequenceNumber":133,"writeUndiv":false})
[2026-03-12 13:05:11] debug: 	zh:zstack:unpi:parser: --- parseNext [254,32,68,129,0,0,25,0,53,63,1,13,0,83,0,2,32,167,0,0,12,1,95,1,0,102,17,32,1,48,106,2,32,53,63,29,70,254,5,69,196,211,149,1,53,63,201,254,27,68,129,0,0,1,0,211,149,1,1,0,87,0,4,194,170,0,0,7,24,19,10,33,0,32,200,53,63,28,123,254,5,69,196,17,195,1,53,63,93,254,28,68,129,0,0,0,4,17,195,2,1,0,87,0,183,95,176,0,0,8,8,134,10,0,0,33,14,76,53,63,28,250,254,5,69,196,17,195,1,53,63,93,254,28,68,129,0,0,0,4,17,195,2,1,0,83,0,86,233,185,0,0,8,8,135,10,0,0,33,20,76,53,63,28,187,254,5,69,196,17,195,1,53,63,93,254,28,68,129,0,0,0,4,17,195,2,1,0,87,0,144,114,195,0,0,8,8,136,10,0,0,33,25,76,53,63,28,154,254,5,69,196,17,195,1,53,63,93,254,28,68,129,0,0,0,4,17,195,2,1,0,87,0,168,244,204,0,0,8,8,137,10,0,0,33,36,76,53,63,28,23,254,5,69,196,17,195,1,53,63,93,254,28,68,129,0,0,0,4,17,195,2,1,0,91,0,97,118,214,0,0,8,8,138,10,0,0,33,47,76,53,63,28,66,254,5,69,196,17,195,1,53,63,93,254,28,68,129,0,0,0,4,17,195,2,1,0,83,0,164,255,223,0,0,8,8,139,10,0,0,33,63,76,53,63,28,30,254,5,69,196,211,149,1,53,63,201,254,25,68,129,0,0,10,0,211,149,1,1,0,87,0,53,147,225,0,0,5,0,20,0,7,0,53,63,28,128,254,5,69,196,211,149,1,53,63,201,254,25,68,129,0,0,10,0,211,149,1,1,0,87,0,157,61,226,0,0,5,0,20,0,7,0,53,63,28,133,254,5,69,196,211,149,1,53,63,201,254,25,68,129,0,0,10,0,211,149,1,1,0,83,0,21,232,226,0,0,5,0,20,0,7,0,53,63,28,220,254,5,69,196,211,149,1,53,63,201,254,25,68,129,0,0,10,0,211,149,1,1,0,87,0,37,147,227,0,0,5,0,20,0,7,0,53,63,28,146,254,5,69,196,211,149,1,53,63,201,254,25,68,129,0,0,10,0,211,149,1,1,0,87,0,208,61,228,0,0,5,0,20,0,7,0,53,63,28,206,254,5,69,196,17,195,1,53,63,93,254,28,68,129,0,0,0,4,17,195,2,1,0,87,0,205,137,233,0,0,8,8,140,10,0,0,33,100,76,53,63,28,111,254,5,69,196,17,195,1,53,63,93,254,28,68,129,0,0,0,4,17,195,2,1,0,83,0,2,11,3,0,0,8,8,141,10,0,0,33,153,76,53,63,28,48,254,5,69,196,17,195,1,53,63,93,254,28,68,129,0,0,0,4,17,195,2,1,0,87,0,54,140,12,0,0,8,8,142,10,0,0,33,198,65,53,63,28,217,254,5,69,196,17,195,1,53,63,93,254,28,68,129,0,0,0,4,17,195,2,1,0,91,0,197,6,22,0,0,8,8,143,10,0,0,33,12,52,53,63,28,8,254,5,69,196,17,195,1,53,63,93,254,28,68,129,0,0,0,4,17,195,2,1,0,83,0,93,144,31,0,0,8,8,144,10,0,0,33,200,50,53,63,28,218,254,5,69,196,17,195,1,53,63,93,254,28,68,129,0,0,0,4,17,195,2,1,0,91,0,64,18,41,0,0,8,8,145,10,0,0,33,29,50,53,63,28,175,254,28,68,129,0,0,2,4,140,102,1,1,0,178,0,253,174,42,0,0,8,24,140,10,0,0,41,164,9,140,102,29,27,254,28,68,129,0,0,5,4,140,102,1,1,0,178,0,243,175,42,0,0,8,24,141,10,0,0,33,243,14,140,102,29,74,254,37,68,129,0,0,3,4,140,102,1,1,0,178,0,214,176,42,0,0,17,24,142,10,0,0,41,215,3,20,0,40,255,16,0,41,106,38,140,102,29,194,254,5,69,196,211,149,1,53,63,201,254,31,68,129,0,0,1,0,211,149,1,1,0,87,0,128,254,44,0,0,11,8,21,10,33,0,32,200,32,0,32,30,53,63,28,69,254,5,69,196,211,149,1,53,63,201,254,31,68,129,0,0,1,0,211,149,1,1,0,87,0,252,169,45,0,0,11,8,21,10,33,0,32,200,32,0,32,30,53,63,28,111,254,5,69,196,211,149,1,53,63,201,254,31,68,129,0,0,1,0,211,149,1,1,0,87,0,5,84,46,0,0,11,8,21,10,33,0,32,200,32,0,32,30,53,63,28,104,254,5,69,196,211,149,1,53,63,201,254,31,68,129,0,0,1,0,211,149,1,1,0,87,0,139,255,46,0,0,11,8,21,10,33,0,32,200,32,0,32,30,53,63,28,77,254,5,69,196,211,149,1,53,63,201,254,31,68,129,0,0,1,0,211,149,1,1,0,87,0,61,169,47,0,0,11,8,21,10,33,0,32,200,32,0,32,30,53,63,28,172,254,5,69,196,17,195,1,53,63,93,254,28,68,129,0,0,0,4,17,195,2,1,0,87,0,6,148,50,0,0,8,8,146,10,0,0,33,209,49,53,63,28,180,254,5,69,196,17,195,1,53,63,93,254,28,68,129,0,0,0,4,17,195,2,1,0,87,0,93,14,60,0,0,8,8,147,10,0,0,33,184,49,53,63,28,19,254,5,69,196,17,195,1,53,63,93,254,28,68,129,0,0,0,4,17,195,2,1,0,87,0,162,195,69,0,0,8,8,148,10,0,0,33,209,49,53,63,28,54,254,5,69,196,17,195,1,53,63,93,254,28,68,129,0,0,0,4,17,195,2,1,0,87,0,85,222,88,0,0,8,8,149,10,0,0,33,234,49,53,63,28,251,254,5,69,196,17,195,1,53,63,93,254,28,68,129,0,0,0,4,17,195,2,1,0,87,0,209,97,98,0,0,8,8,150,10,0,0,33,4,50,53,63,28,20,254,28,68,129,0,0,2,4,138,128,1,1,0,94,0,46,8,99,0,0,8,24,213,10,0,0,41,57,9,138,128,29,15,254,28,68,129,0,0,5,4,138,128,1,1,0,91,0,56,9,99,0,0,8,24,214,10,0,0,33,166,15,138,128,29,136,254,37,68,129,0,0,3,4,138,128,1,1,0,91,0,67,10,99,0,0,17,24,215,10,0,0,41,215,3,20,0,40,255,16,0,41,105,38,138,128,29,23,254,5,69,196,17,195,1,53,63,93,254,28,68,129,0,0,0,4,17,195,2,1,0,83,0,119,189,112,0,0,8,8,151,10,0,0,33,234,49,53,63,28,148,254,5,69,196,17,195,1,53,63,93,254,28,68,129,0,0,0,4,17,195,2,1,0,83,0,31,65,122,0,0,8,8,152,10,0,0,33,209,49,53,63,28,62,254,1,100,1,0,100,254,3,68,128,0,1,3,197]
[2026-03-12 13:05:11] debug: 	zh:zstack:unpi:parser: --> parsed 32 - 2 - 4 - 129 - [0,0,25,0,53,63,1,13,0,83,0,2,32,167,0,0,12,1,95,1,0,102,17,32,1,48,106,2,32,53,63,29] - 70
[2026-03-12 13:05:11] debug: 	zh:zstack:znp: <-- AREQ: AF - incomingMsg - {"groupid":0,"clusterid":25,"srcaddr":16181,"srcendpoint":1,"dstendpoint":13,"wasbroadcast":0,"linkquality":83,"securityuse":0,"timestamp":10952706,"transseqnumber":0,"len":12,"data":{"type":"Buffer","data":[1,95,1,0,102,17,32,1,48,106,2,32]}}
[2026-03-12 13:05:11] debug: 	zh:controller: Received payload: clusterID=25, address=16181, groupID=0, endpoint=1, destinationEndpoint=13, wasBroadcast=false, linkQuality=83, frame={"header":{"frameControl":{"frameType":1,"manufacturerSpecific":false,"direction":0,"disableDefaultResponse":false,"reservedBits":0},"transactionSequenceNumber":95,"commandIdentifier":1},"payload":{"fieldControl":0,"manufacturerCode":4454,"imageType":288,"fileVersion":537029168},"command":{"ID":1,"response":2,"parameters":[{"name":"fieldControl","type":24},{"name":"manufacturerCode","type":33},{"name":"imageType","type":33,"max":65471},{"name":"fileVersion","type":35},{"name":"hardwareVersion","type":33,"conditions":[{"type":"bitMaskSet","param":"fieldControl","mask":1}]}],"required":true,"name":"queryNextImageRequest"}}
[2026-03-12 13:05:11] debug: 	zh:zstack:unpi:parser: --- parseNext [254,5,69,196,211,149,1,53,63,201,254,27,68,129,0,0,1,0,211,149,1,1,0,87,0,4,194,170,0,0,7,24,19,10,33,0,32,200,53,63,28,123,254,5,69,196,17,195,1,53,63,93,254,28,68,129,0,0,0,4,17,195,2,1,0,87,0,183,95,176,0,0,8,8,134,10,0,0,33,14,76,53,63,28,250,254,5,69,196,17,195,1,53,63,93,254,28,68,129,0,0,0,4,17,195,2,1,0,83,0,86,233,185,0,0,8,8,135,10,0,0,33,20,76,53,63,28,187,254,5,69,196,17,195,1,53,63,93,254,28,68,129,0,0,0,4,17,195,2,1,0,87,0,144,114,195,0,0,8,8,136,10,0,0,33,25,76,53,63,28,154,254,5,69,196,17,195,1,53,63,93,254,28,68,129,0,0,0,4,17,195,2,1,0,87,0,168,244,204,0,0,8,8,137,10,0,0,33,36,76,53,63,28,23,254,5,69,196,17,195,1,53,63,93,254,28,68,129,0,0,0,4,17,195,2,1,0,91,0,97,118,214,0,0,8,8,138,10,0,0,33,47,76,53,63,28,66,254,5,69,196,17,195,1,53,63,93,254,28,68,129,0,0,0,4,17,195,2,1,0,83,0,164,255,223,0,0,8,8,139,10,0,0,33,63,76,53,63,28,30,254,5,69,196,211,149,1,53,63,201,254,25,68,129,0,0,10,0,211,149,1,1,0,87,0,53,147,225,0,0,5,0,20,0,7,0,53,63,28,128,254,5,69,196,211,149,1,53,63,201,254,25,68,129,0,0,10,0,211,149,1,1,0,87,0,157,61,226,0,0,5,0,20,0,7,0,53,63,28,133,254,5,69,196,211,149,1,53,63,201,254,25,68,129,0,0,10,0,211,149,1,1,0,83,0,21,232,226,0,0,5,0,20,0,7,0,53,63,28,220,254,5,69,196,211,149,1,53,63,201,254,25,68,129,0,0,10,0,211,149,1,1,0,87,0,37,147,227,0,0,5,0,20,0,7,0,53,63,28,146,254,5,69,196,211,149,1,53,63,201,254,25,68,129,0,0,10,0,211,149,1,1,0,87,0,208,61,228,0,0,5,0,20,0,7,0,53,63,28,206,254,5,69,196,17,195,1,53,63,93,254,28,68,129,0,0,0,4,17,195,2,1,0,87,0,205,137,233,0,0,8,8,140,10,0,0,33,100,76,53,63,28,111,254,5,69,196,17,195,1,53,63,93,254,28,68,129,0,0,0,4,17,195,2,1,0,83,0,2,11,3,0,0,8,8,141,10,0,0,33,153,76,53,63,28,48,254,5,69,196,17,195,1,53,63,93,254,28,68,129,0,0,0,4,17,195,2,1,0,87,0,54,140,12,0,0,8,8,142,10,0,0,33,198,65,53,63,28,217,254,5,69,196,17,195,1,53,63,93,254,28,68,129,0,0,0,4,17,195,2,1,0,91,0,197,6,22,0,0,8,8,143,10,0,0,33,12,52,53,63,28,8,254,5,69,196,17,195,1,53,63,93,254,28,68,129,0,0,0,4,17,195,2,1,0,83,0,93,144,31,0,0,8,8,144,10,0,0,33,200,50,53,63,28,218,254,5,69,196,17,195,1,53,63,93,254,28,68,129,0,0,0,4,17,195,2,1,0,91,0,64,18,41,0,0,8,8,145,10,0,0,33,29,50,53,63,28,175,254,28,68,129,0,0,2,4,140,102,1,1,0,178,0,253,174,42,0,0,8,24,140,10,0,0,41,164,9,140,102,29,27,254,28,68,129,0,0,5,4,140,102,1,1,0,178,0,243,175,42,0,0,8,24,141,10,0,0,33,243,14,140,102,29,74,254,37,68,129,0,0,3,4,140,102,1,1,0,178,0,214,176,42,0,0,17,24,142,10,0,0,41,215,3,20,0,40,255,16,0,41,106,38,140,102,29,194,254,5,69,196,211,149,1,53,63,201,254,31,68,129,0,0,1,0,211,149,1,1,0,87,0,128,254,44,0,0,11,8,21,10,33,0,32,200,32,0,32,30,53,63,28,69,254,5,69,196,211,149,1,53,63,201,254,31,68,129,0,0,1,0,211,149,1,1,0,87,0,252,169,45,0,0,11,8,21,10,33,0,32,200,32,0,32,30,53,63,28,111,254,5,69,196,211,149,1,53,63,201,254,31,68,129,0,0,1,0,211,149,1,1,0,87,0,5,84,46,0,0,11,8,21,10,33,0,32,200,32,0,32,30,53,63,28,104,254,5,69,196,211,149,1,53,63,201,254,31,68,129,0,0,1,0,211,149,1,1,0,87,0,139,255,46,0,0,11,8,21,10,33,0,32,200,32,0,32,30,53,63,28,77,254,5,69,196,211,149,1,53,63,201,254,31,68,129,0,0,1,0,211,149,1,1,0,87,0,61,169,47,0,0,11,8,21,10,33,0,32,200,32,0,32,30,53,63,28,172,254,5,69,196,17,195,1,53,63,93,254,28,68,129,0,0,0,4,17,195,2,1,0,87,0,6,148,50,0,0,8,8,146,10,0,0,33,209,49,53,63,28,180,254,5,69,196,17,195,1,53,63,93,254,28,68,129,0,0,0,4,17,195,2,1,0,87,0,93,14,60,0,0,8,8,147,10,0,0,33,184,49,53,63,28,19,254,5,69,196,17,195,1,53,63,93,254,28,68,129,0,0,0,4,17,195,2,1,0,87,0,162,195,69,0,0,8,8,148,10,0,0,33,209,49,53,63,28,54,254,5,69,196,17,195,1,53,63,93,254,28,68,129,0,0,0,4,17,195,2,1,0,87,0,85,222,88,0,0,8,8,149,10,0,0,33,234,49,53,63,28,251,254,5,69,196,17,195,1,53,63,93,254,28,68,129,0,0,0,4,17,195,2,1,0,87,0,209,97,98,0,0,8,8,150,10,0,0,33,4,50,53,63,28,20,254,28,68,129,0,0,2,4,138,128,1,1,0,94,0,46,8,99,0,0,8,24,213,10,0,0,41,57,9,138,128,29,15,254,28,68,129,0,0,5,4,138,128,1,1,0,91,0,56,9,99,0,0,8,24,214,10,0,0,33,166,15,138,128,29,136,254,37,68,129,0,0,3,4,138,128,1,1,0,91,0,67,10,99,0,0,17,24,215,10,0,0,41,215,3,20,0,40,255,16,0,41,105,38,138,128,29,23,254,5,69,196,17,195,1,53,63,93,254,28,68,129,0,0,0,4,17,195,2,1,0,83,0,119,189,112,0,0,8,8,151,10,0,0,33,234,49,53,63,28,148,254,5,69,196,17,195,1,53,63,93,254,28,68,129,0,0,0,4,17,195,2,1,0,83,0,31,65,122,0,0,8,8,152,10,0,0,33,209,49,53,63,28,62,254,1,100,1,0,100,254,3,68,128,0,1,3,197]
[2026-03-12 13:05:11] debug: 	zh:zstack:unpi:parser: --> parsed 5 - 2 - 5 - 196 - [211,149,1,53,63] - 201
[2026-03-12 13:05:11] debug: 	zh:zstack:znp: <-- AREQ: ZDO - srcRtgInd
[2026-03-12 13:05:11] debug: 	zh:zstack:unpi:parser: --- parseNext [254,27,68,129,0,0,1,0,211,149,1,1,0,87,0,4,194,170,0,0,7,24,19,10,33,0,32,200,53,63,28,123,254,5,69,196,17,195,1,53,63,93,254,28,68,129,0,0,0,4,17,195,2,1,0,87,0,183,95,176,0,0,8,8,134,10,0,0,33,14,76,53,63,28,250,254,5,69,196,17,195,1,53,63,93,254,28,68,129,0,0,0,4,17,195,2,1,0,83,0,86,233,185,0,0,8,8,135,10,0,0,33,20,76,53,63,28,187,254,5,69,196,17,195,1,53,63,93,254,28,68,129,0,0,0,4,17,195,2,1,0,87,0,144,114,195,0,0,8,8,136,10,0,0,33,25,76,53,63,28,154,254,5,69,196,17,195,1,53,63,93,254,28,68,129,0,0,0,4,17,195,2,1,0,87,0,168,244,204,0,0,8,8,137,10,0,0,33,36,76,53,63,28,23,254,5,69,196,17,195,1,53,63,93,254,28,68,129,0,0,0,4,17,195,2,1,0,91,0,97,118,214,0,0,8,8,138,10,0,0,33,47,76,53,63,28,66,254,5,69,196,17,195,1,53,63,93,254,28,68,129,0,0,0,4,17,195,2,1,0,83,0,164,255,223,0,0,8,8,139,10,0,0,33,63,76,53,63,28,30,254,5,69,196,211,149,1,53,63,201,254,25,68,129,0,0,10,0,211,149,1,1,0,87,0,53,147,225,0,0,5,0,20,0,7,0,53,63,28,128,254,5,69,196,211,149,1,53,63,201,254,25,68,129,0,0,10,0,211,149,1,1,0,87,0,157,61,226,0,0,5,0,20,0,7,0,53,63,28,133,254,5,69,196,211,149,1,53,63,201,254,25,68,129,0,0,10,0,211,149,1,1,0,83,0,21,232,226,0,0,5,0,20,0,7,0,53,63,28,220,254,5,69,196,211,149,1,53,63,201,254,25,68,129,0,0,10,0,211,149,1,1,0,87,0,37,147,227,0,0,5,0,20,0,7,0,53,63,28,146,254,5,69,196,211,149,1,53,63,201,254,25,68,129,0,0,10,0,211,149,1,1,0,87,0,208,61,228,0,0,5,0,20,0,7,0,53,63,28,206,254,5,69,196,17,195,1,53,63,93,254,28,68,129,0,0,0,4,17,195,2,1,0,87,0,205,137,233,0,0,8,8,140,10,0,0,33,100,76,53,63,28,111,254,5,69,196,17,195,1,53,63,93,254,28,68,129,0,0,0,4,17,195,2,1,0,83,0,2,11,3,0,0,8,8,141,10,0,0,33,153,76,53,63,28,48,254,5,69,196,17,195,1,53,63,93,254,28,68,129,0,0,0,4,17,195,2,1,0,87,0,54,140,12,0,0,8,8,142,10,0,0,33,198,65,53,63,28,217,254,5,69,196,17,195,1,53,63,93,254,28,68,129,0,0,0,4,17,195,2,1,0,91,0,197,6,22,0,0,8,8,143,10,0,0,33,12,52,53,63,28,8,254,5,69,196,17,195,1,53,63,93,254,28,68,129,0,0,0,4,17,195,2,1,0,83,0,93,144,31,0,0,8,8,144,10,0,0,33,200,50,53,63,28,218,254,5,69,196,17,195,1,53,63,93,254,28,68,129,0,0,0,4,17,195,2,1,0,91,0,64,18,41,0,0,8,8,145,10,0,0,33,29,50,53,63,28,175,254,28,68,129,0,0,2,4,140,102,1,1,0,178,0,253,174,42,0,0,8,24,140,10,0,0,41,164,9,140,102,29,27,254,28,68,129,0,0,5,4,140,102,1,1,0,178,0,243,175,42,0,0,8,24,141,10,0,0,33,243,14,140,102,29,74,254,37,68,129,0,0,3,4,140,102,1,1,0,178,0,214,176,42,0,0,17,24,142,10,0,0,41,215,3,20,0,40,255,16,0,41,106,38,140,102,29,194,254,5,69,196,211,149,1,53,63,201,254,31,68,129,0,0,1,0,211,149,1,1,0,87,0,128,254,44,0,0,11,8,21,10,33,0,32,200,32,0,32,30,53,63,28,69,254,5,69,196,211,149,1,53,63,201,254,31,68,129,0,0,1,0,211,149,1,1,0,87,0,252,169,45,0,0,11,8,21,10,33,0,32,200,32,0,32,30,53,63,28,111,254,5,69,196,211,149,1,53,63,201,254,31,68,129,0,0,1,0,211,149,1,1,0,87,0,5,84,46,0,0,11,8,21,10,33,0,32,200,32,0,32,30,53,63,28,104,254,5,69,196,211,149,1,53,63,201,254,31,68,129,0,0,1,0,211,149,1,1,0,87,0,139,255,46,0,0,11,8,21,10,33,0,32,200,32,0,32,30,53,63,28,77,254,5,69,196,211,149,1,53,63,201,254,31,68,129,0,0,1,0,211,149,1,1,0,87,0,61,169,47,0,0,11,8,21,10,33,0,32,200,32,0,32,30,53,63,28,172,254,5,69,196,17,195,1,53,63,93,254,28,68,129,0,0,0,4,17,195,2,1,0,87,0,6,148,50,0,0,8,8,146,10,0,0,33,209,49,53,63,28,180,254,5,69,196,17,195,1,53,63,93,254,28,68,129,0,0,0,4,17,195,2,1,0,87,0,93,14,60,0,0,8,8,147,10,0,0,33,184,49,53,63,28,19,254,5,69,196,17,195,1,53,63,93,254,28,68,129,0,0,0,4,17,195,2,1,0,87,0,162,195,69,0,0,8,8,148,10,0,0,33,209,49,53,63,28,54,254,5,69,196,17,195,1,53,63,93,254,28,68,129,0,0,0,4,17,195,2,1,0,87,0,85,222,88,0,0,8,8,149,10,0,0,33,234,49,53,63,28,251,254,5,69,196,17,195,1,53,63,93,254,28,68,129,0,0,0,4,17,195,2,1,0,87,0,209,97,98,0,0,8,8,150,10,0,0,33,4,50,53,63,28,20,254,28,68,129,0,0,2,4,138,128,1,1,0,94,0,46,8,99,0,0,8,24,213,10,0,0,41,57,9,138,128,29,15,254,28,68,129,0,0,5,4,138,128,1,1,0,91,0,56,9,99,0,0,8,24,214,10,0,0,33,166,15,138,128,29,136,254,37,68,129,0,0,3,4,138,128,1,1,0,91,0,67,10,99,0,0,17,24,215,10,0,0,41,215,3,20,0,40,255,16,0,41,105,38,138,128,29,23,254,5,69,196,17,195,1,53,63,93,254,28,68,129,0,0,0,4,17,195,2,1,0,83,0,119,189,112,0,0,8,8,151,10,0,0,33,234,49,53,63,28,148,254,5,69,196,17,195,1,53,63,93,254,28,68,129,0,0,0,4,17,195,2,1,0,83,0,31,65,122,0,0,8,8,152,10,0,0,33,209,49,53,63,28,62,254,1,100,1,0,100,254,3,68,128,0,1,3,197]
[2026-03-12 13:05:11] debug: 	zh:zstack:unpi:parser: --> parsed 27 - 2 - 4 - 129 - [0,0,1,0,211,149,1,1,0,87,0,4,194,170,0,0,7,24,19,10,33,0,32,200,53,63,28] - 123
[2026-03-12 13:05:11] debug: 	zh:zstack:znp: <-- AREQ: AF - incomingMsg - {"groupid":0,"clusterid":1,"srcaddr":38355,"srcendpoint":1,"dstendpoint":1,"wasbroadcast":0,"linkquality":87,"securityuse":0,"timestamp":11190788,"transseqnumber":0,"len":7,"data":{"type":"Buffer","data":[24,19,10,33,0,32,200]}}
[2026-03-12 13:05:11] debug: 	zh:controller: Received payload: clusterID=1, address=38355, groupID=0, endpoint=1, destinationEndpoint=1, wasBroadcast=false, linkQuality=87, frame={"header":{"frameControl":{"frameType":0,"manufacturerSpecific":false,"direction":1,"disableDefaultResponse":true,"reservedBits":0},"transactionSequenceNumber":19,"commandIdentifier":10},"payload":[{"attrId":33,"dataType":32,"attrData":200}],"command":{"ID":10,"name":"report","parameters":[{"name":"attrId","type":9},{"name":"dataType","type":8},{"name":"attrData","type":1000}]}}
[2026-03-12 13:05:11] debug: 	zh:zstack:unpi:parser: --- parseNext [254,5,69,196,17,195,1,53,63,93,254,28,68,129,0,0,0,4,17,195,2,1,0,87,0,183,95,176,0,0,8,8,134,10,0,0,33,14,76,53,63,28,250,254,5,69,196,17,195,1,53,63,93,254,28,68,129,0,0,0,4,17,195,2,1,0,83,0,86,233,185,0,0,8,8,135,10,0,0,33,20,76,53,63,28,187,254,5,69,196,17,195,1,53,63,93,254,28,68,129,0,0,0,4,17,195,2,1,0,87,0,144,114,195,0,0,8,8,136,10,0,0,33,25,76,53,63,28,154,254,5,69,196,17,195,1,53,63,93,254,28,68,129,0,0,0,4,17,195,2,1,0,87,0,168,244,204,0,0,8,8,137,10,0,0,33,36,76,53,63,28,23,254,5,69,196,17,195,1,53,63,93,254,28,68,129,0,0,0,4,17,195,2,1,0,91,0,97,118,214,0,0,8,8,138,10,0,0,33,47,76,53,63,28,66,254,5,69,196,17,195,1,53,63,93,254,28,68,129,0,0,0,4,17,195,2,1,0,83,0,164,255,223,0,0,8,8,139,10,0,0,33,63,76,53,63,28,30,254,5,69,196,211,149,1,53,63,201,254,25,68,129,0,0,10,0,211,149,1,1,0,87,0,53,147,225,0,0,5,0,20,0,7,0,53,63,28,128,254,5,69,196,211,149,1,53,63,201,254,25,68,129,0,0,10,0,211,149,1,1,0,87,0,157,61,226,0,0,5,0,20,0,7,0,53,63,28,133,254,5,69,196,211,149,1,53,63,201,254,25,68,129,0,0,10,0,211,149,1,1,0,83,0,21,232,226,0,0,5,0,20,0,7,0,53,63,28,220,254,5,69,196,211,149,1,53,63,201,254,25,68,129,0,0,10,0,211,149,1,1,0,87,0,37,147,227,0,0,5,0,20,0,7,0,53,63,28,146,254,5,69,196,211,149,1,53,63,201,254,25,68,129,0,0,10,0,211,149,1,1,0,87,0,208,61,228,0,0,5,0,20,0,7,0,53,63,28,206,254,5,69,196,17,195,1,53,63,93,254,28,68,129,0,0,0,4,17,195,2,1,0,87,0,205,137,233,0,0,8,8,140,10,0,0,33,100,76,53,63,28,111,254,5,69,196,17,195,1,53,63,93,254,28,68,129,0,0,0,4,17,195,2,1,0,83,0,2,11,3,0,0,8,8,141,10,0,0,33,153,76,53,63,28,48,254,5,69,196,17,195,1,53,63,93,254,28,68,129,0,0,0,4,17,195,2,1,0,87,0,54,140,12,0,0,8,8,142,10,0,0,33,198,65,53,63,28,217,254,5,69,196,17,195,1,53,63,93,254,28,68,129,0,0,0,4,17,195,2,1,0,91,0,197,6,22,0,0,8,8,143,10,0,0,33,12,52,53,63,28,8,254,5,69,196,17,195,1,53,63,93,254,28,68,129,0,0,0,4,17,195,2,1,0,83,0,93,144,31,0,0,8,8,144,10,0,0,33,200,50,53,63,28,218,254,5,69,196,17,195,1,53,63,93,254,28,68,129,0,0,0,4,17,195,2,1,0,91,0,64,18,41,0,0,8,8,145,10,0,0,33,29,50,53,63,28,175,254,28,68,129,0,0,2,4,140,102,1,1,0,178,0,253,174,42,0,0,8,24,140,10,0,0,41,164,9,140,102,29,27,254,28,68,129,0,0,5,4,140,102,1,1,0,178,0,243,175,42,0,0,8,24,141,10,0,0,33,243,14,140,102,29,74,254,37,68,129,0,0,3,4,140,102,1,1,0,178,0,214,176,42,0,0,17,24,142,10,0,0,41,215,3,20,0,40,255,16,0,41,106,38,140,102,29,194,254,5,69,196,211,149,1,53,63,201,254,31,68,129,0,0,1,0,211,149,1,1,0,87,0,128,254,44,0,0,11,8,21,10,33,0,32,200,32,0,32,30,53,63,28,69,254,5,69,196,211,149,1,53,63,201,254,31,68,129,0,0,1,0,211,149,1,1,0,87,0,252,169,45,0,0,11,8,21,10,33,0,32,200,32,0,32,30,53,63,28,111,254,5,69,196,211,149,1,53,63,201,254,31,68,129,0,0,1,0,211,149,1,1,0,87,0,5,84,46,0,0,11,8,21,10,33,0,32,200,32,0,32,30,53,63,28,104,254,5,69,196,211,149,1,53,63,201,254,31,68,129,0,0,1,0,211,149,1,1,0,87,0,139,255,46,0,0,11,8,21,10,33,0,32,200,32,0,32,30,53,63,28,77,254,5,69,196,211,149,1,53,63,201,254,31,68,129,0,0,1,0,211,149,1,1,0,87,0,61,169,47,0,0,11,8,21,10,33,0,32,200,32,0,32,30,53,63,28,172,254,5,69,196,17,195,1,53,63,93,254,28,68,129,0,0,0,4,17,195,2,1,0,87,0,6,148,50,0,0,8,8,146,10,0,0,33,209,49,53,63,28,180,254,5,69,196,17,195,1,53,63,93,254,28,68,129,0,0,0,4,17,195,2,1,0,87,0,93,14,60,0,0,8,8,147,10,0,0,33,184,49,53,63,28,19,254,5,69,196,17,195,1,53,63,93,254,28,68,129,0,0,0,4,17,195,2,1,0,87,0,162,195,69,0,0,8,8,148,10,0,0,33,209,49,53,63,28,54,254,5,69,196,17,195,1,53,63,93,254,28,68,129,0,0,0,4,17,195,2,1,0,87,0,85,222,88,0,0,8,8,149,10,0,0,33,234,49,53,63,28,251,254,5,69,196,17,195,1,53,63,93,254,28,68,129,0,0,0,4,17,195,2,1,0,87,0,209,97,98,0,0,8,8,150,10,0,0,33,4,50,53,63,28,20,254,28,68,129,0,0,2,4,138,128,1,1,0,94,0,46,8,99,0,0,8,24,213,10,0,0,41,57,9,138,128,29,15,254,28,68,129,0,0,5,4,138,128,1,1,0,91,0,56,9,99,0,0,8,24,214,10,0,0,33,166,15,138,128,29,136,254,37,68,129,0,0,3,4,138,128,1,1,0,91,0,67,10,99,0,0,17,24,215,10,0,0,41,215,3,20,0,40,255,16,0,41,105,38,138,128,29,23,254,5,69,196,17,195,1,53,63,93,254,28,68,129,0,0,0,4,17,195,2,1,0,83,0,119,189,112,0,0,8,8,151,10,0,0,33,234,49,53,63,28,148,254,5,69,196,17,195,1,53,63,93,254,28,68,129,0,0,0,4,17,195,2,1,0,83,0,31,65,122,0,0,8,8,152,10,0,0,33,209,49,53,63,28,62,254,1,100,1,0,100,254,3,68,128,0,1,3,197]
[2026-03-12 13:05:11] debug: 	zh:zstack:unpi:parser: --> parsed 5 - 2 - 5 - 196 - [17,195,1,53,63] - 93
[2026-03-12 13:05:11] debug: 	zh:zstack:znp: <-- AREQ: ZDO - srcRtgInd
[2026-03-12 13:05:11] debug: 	zh:zstack:unpi:parser: --- parseNext [254,28,68,129,0,0,0,4,17,195,2,1,0,87,0,183,95,176,0,0,8,8,134,10,0,0,33,14,76,53,63,28,250,254,5,69,196,17,195,1,53,63,93,254,28,68,129,0,0,0,4,17,195,2,1,0,83,0,86,233,185,0,0,8,8,135,10,0,0,33,20,76,53,63,28,187,254,5,69,196,17,195,1,53,63,93,254,28,68,129,0,0,0,4,17,195,2,1,0,87,0,144,114,195,0,0,8,8,136,10,0,0,33,25,76,53,63,28,154,254,5,69,196,17,195,1,53,63,93,254,28,68,129,0,0,0,4,17,195,2,1,0,87,0,168,244,204,0,0,8,8,137,10,0,0,33,36,76,53,63,28,23,254,5,69,196,17,195,1,53,63,93,254,28,68,129,0,0,0,4,17,195,2,1,0,91,0,97,118,214,0,0,8,8,138,10,0,0,33,47,76,53,63,28,66,254,5,69,196,17,195,1,53,63,93,254,28,68,129,0,0,0,4,17,195,2,1,0,83,0,164,255,223,0,0,8,8,139,10,0,0,33,63,76,53,63,28,30,254,5,69,196,211,149,1,53,63,201,254,25,68,129,0,0,10,0,211,149,1,1,0,87,0,53,147,225,0,0,5,0,20,0,7,0,53,63,28,128,254,5,69,196,211,149,1,53,63,201,254,25,68,129,0,0,10,0,211,149,1,1,0,87,0,157,61,226,0,0,5,0,20,0,7,0,53,63,28,133,254,5,69,196,211,149,1,53,63,201,254,25,68,129,0,0,10,0,211,149,1,1,0,83,0,21,232,226,0,0,5,0,20,0,7,0,53,63,28,220,254,5,69,196,211,149,1,53,63,201,254,25,68,129,0,0,10,0,211,149,1,1,0,87,0,37,147,227,0,0,5,0,20,0,7,0,53,63,28,146,254,5,69,196,211,149,1,53,63,201,254,25,68,129,0,0,10,0,211,149,1,1,0,87,0,208,61,228,0,0,5,0,20,0,7,0,53,63,28,206,254,5,69,196,17,195,1,53,63,93,254,28,68,129,0,0,0,4,17,195,2,1,0,87,0,205,137,233,0,0,8,8,140,10,0,0,33,100,76,53,63,28,111,254,5,69,196,17,195,1,53,63,93,254,28,68,129,0,0,0,4,17,195,2,1,0,83,0,2,11,3,0,0,8,8,141,10,0,0,33,153,76,53,63,28,48,254,5,69,196,17,195,1,53,63,93,254,28,68,129,0,0,0,4,17,195,2,1,0,87,0,54,140,12,0,0,8,8,142,10,0,0,33,198,65,53,63,28,217,254,5,69,196,17,195,1,53,63,93,254,28,68,129,0,0,0,4,17,195,2,1,0,91,0,197,6,22,0,0,8,8,143,10,0,0,33,12,52,53,63,28,8,254,5,69,196,17,195,1,53,63,93,254,28,68,129,0,0,0,4,17,195,2,1,0,83,0,93,144,31,0,0,8,8,144,10,0,0,33,200,50,53,63,28,218,254,5,69,196,17,195,1,53,63,93,254,28,68,129,0,0,0,4,17,195,2,1,0,91,0,64,18,41,0,0,8,8,145,10,0,0,33,29,50,53,63,28,175,254,28,68,129,0,0,2,4,140,102,1,1,0,178,0,253,174,42,0,0,8,24,140,10,0,0,41,164,9,140,102,29,27,254,28,68,129,0,0,5,4,140,102,1,1,0,178,0,243,175,42,0,0,8,24,141,10,0,0,33,243,14,140,102,29,74,254,37,68,129,0,0,3,4,140,102,1,1,0,178,0,214,176,42,0,0,17,24,142,10,0,0,41,215,3,20,0,40,255,16,0,41,106,38,140,102,29,194,254,5,69,196,211,149,1,53,63,201,254,31,68,129,0,0,1,0,211,149,1,1,0,87,0,128,254,44,0,0,11,8,21,10,33,0,32,200,32,0,32,30,53,63,28,69,254,5,69,196,211,149,1,53,63,201,254,31,68,129,0,0,1,0,211,149,1,1,0,87,0,252,169,45,0,0,11,8,21,10,33,0,32,200,32,0,32,30,53,63,28,111,254,5,69,196,211,149,1,53,63,201,254,31,68,129,0,0,1,0,211,149,1,1,0,87,0,5,84,46,0,0,11,8,21,10,33,0,32,200,32,0,32,30,53,63,28,104,254,5,69,196,211,149,1,53,63,201,254,31,68,129,0,0,1,0,211,149,1,1,0,87,0,139,255,46,0,0,11,8,21,10,33,0,32,200,32,0,32,30,53,63,28,77,254,5,69,196,211,149,1,53,63,201,254,31,68,129,0,0,1,0,211,149,1,1,0,87,0,61,169,47,0,0,11,8,21,10,33,0,32,200,32,0,32,30,53,63,28,172,254,5,69,196,17,195,1,53,63,93,254,28,68,129,0,0,0,4,17,195,2,1,0,87,0,6,148,50,0,0,8,8,146,10,0,0,33,209,49,53,63,28,180,254,5,69,196,17,195,1,53,63,93,254,28,68,129,0,0,0,4,17,195,2,1,0,87,0,93,14,60,0,0,8,8,147,10,0,0,33,184,49,53,63,28,19,254,5,69,196,17,195,1,53,63,93,254,28,68,129,0,0,0,4,17,195,2,1,0,87,0,162,195,69,0,0,8,8,148,10,0,0,33,209,49,53,63,28,54,254,5,69,196,17,195,1,53,63,93,254,28,68,129,0,0,0,4,17,195,2,1,0,87,0,85,222,88,0,0,8,8,149,10,0,0,33,234,49,53,63,28,251,254,5,69,196,17,195,1,53,63,93,254,28,68,129,0,0,0,4,17,195,2,1,0,87,0,209,97,98,0,0,8,8,150,10,0,0,33,4,50,53,63,28,20,254,28,68,129,0,0,2,4,138,128,1,1,0,94,0,46,8,99,0,0,8,24,213,10,0,0,41,57,9,138,128,29,15,254,28,68,129,0,0,5,4,138,128,1,1,0,91,0,56,9,99,0,0,8,24,214,10,0,0,33,166,15,138,128,29,136,254,37,68,129,0,0,3,4,138,128,1,1,0,91,0,67,10,99,0,0,17,24,215,10,0,0,41,215,3,20,0,40,255,16,0,41,105,38,138,128,29,23,254,5,69,196,17,195,1,53,63,93,254,28,68,129,0,0,0,4,17,195,2,1,0,83,0,119,189,112,0,0,8,8,151,10,0,0,33,234,49,53,63,28,148,254,5,69,196,17,195,1,53,63,93,254,28,68,129,0,0,0,4,17,195,2,1,0,83,0,31,65,122,0,0,8,8,152,10,0,0,33,209,49,53,63,28,62,254,1,100,1,0,100,254,3,68,128,0,1,3,197]
[2026-03-12 13:05:11] debug: 	zh:zstack:unpi:parser: --> parsed 28 - 2 - 4 - 129 - [0,0,0,4,17,195,2,1,0,87,0,183,95,176,0,0,8,8,134,10,0,0,33,14,76,53,63,28] - 250
[2026-03-12 13:05:11] debug: 	zh:zstack:znp: <-- AREQ: AF - incomingMsg - {"groupid":0,"clusterid":1024,"srcaddr":49937,"srcendpoint":2,"dstendpoint":1,"wasbroadcast":0,"linkquality":87,"securityuse":0,"timestamp":11558839,"transseqnumber":0,"len":8,"data":{"type":"Buffer","data":[8,134,10,0,0,33,14,76]}}
[2026-03-12 13:05:11] debug: 	zh:controller: Received payload: clusterID=1024, address=49937, groupID=0, endpoint=2, destinationEndpoint=1, wasBroadcast=false, linkQuality=87, frame={"header":{"frameControl":{"frameType":0,"manufacturerSpecific":false,"direction":1,"disableDefaultResponse":false,"reservedBits":0},"transactionSequenceNumber":134,"commandIdentifier":10},"payload":[{"attrId":0,"dataType":33,"attrData":19470}],"command":{"ID":10,"name":"report","parameters":[{"name":"attrId","type":9},{"name":"dataType","type":8},{"name":"attrData","type":1000}]}}
[2026-03-12 13:05:11] debug: 	zh:controller:endpoint: ZCL command 0x001788010916738d/2 msIlluminanceMeasurement.defaultRsp({"cmdId":10,"statusCode":0}, {"timeout":10000,"disableResponse":false,"disableRecovery":false,"disableDefaultResponse":true,"direction":1,"reservedBits":0,"transactionSequenceNumber":134,"writeUndiv":false})
[2026-03-12 13:05:11] debug: 	zh:zstack:unpi:parser: --- parseNext [254,5,69,196,17,195,1,53,63,93,254,28,68,129,0,0,0,4,17,195,2,1,0,83,0,86,233,185,0,0,8,8,135,10,0,0,33,20,76,53,63,28,187,254,5,69,196,17,195,1,53,63,93,254,28,68,129,0,0,0,4,17,195,2,1,0,87,0,144,114,195,0,0,8,8,136,10,0,0,33,25,76,53,63,28,154,254,5,69,196,17,195,1,53,63,93,254,28,68,129,0,0,0,4,17,195,2,1,0,87,0,168,244,204,0,0,8,8,137,10,0,0,33,36,76,53,63,28,23,254,5,69,196,17,195,1,53,63,93,254,28,68,129,0,0,0,4,17,195,2,1,0,91,0,97,118,214,0,0,8,8,138,10,0,0,33,47,76,53,63,28,66,254,5,69,196,17,195,1,53,63,93,254,28,68,129,0,0,0,4,17,195,2,1,0,83,0,164,255,223,0,0,8,8,139,10,0,0,33,63,76,53,63,28,30,254,5,69,196,211,149,1,53,63,201,254,25,68,129,0,0,10,0,211,149,1,1,0,87,0,53,147,225,0,0,5,0,20,0,7,0,53,63,28,128,254,5,69,196,211,149,1,53,63,201,254,25,68,129,0,0,10,0,211,149,1,1,0,87,0,157,61,226,0,0,5,0,20,0,7,0,53,63,28,133,254,5,69,196,211,149,1,53,63,201,254,25,68,129,0,0,10,0,211,149,1,1,0,83,0,21,232,226,0,0,5,0,20,0,7,0,53,63,28,220,254,5,69,196,211,149,1,53,63,201,254,25,68,129,0,0,10,0,211,149,1,1,0,87,0,37,147,227,0,0,5,0,20,0,7,0,53,63,28,146,254,5,69,196,211,149,1,53,63,201,254,25,68,129,0,0,10,0,211,149,1,1,0,87,0,208,61,228,0,0,5,0,20,0,7,0,53,63,28,206,254,5,69,196,17,195,1,53,63,93,254,28,68,129,0,0,0,4,17,195,2,1,0,87,0,205,137,233,0,0,8,8,140,10,0,0,33,100,76,53,63,28,111,254,5,69,196,17,195,1,53,63,93,254,28,68,129,0,0,0,4,17,195,2,1,0,83,0,2,11,3,0,0,8,8,141,10,0,0,33,153,76,53,63,28,48,254,5,69,196,17,195,1,53,63,93,254,28,68,129,0,0,0,4,17,195,2,1,0,87,0,54,140,12,0,0,8,8,142,10,0,0,33,198,65,53,63,28,217,254,5,69,196,17,195,1,53,63,93,254,28,68,129,0,0,0,4,17,195,2,1,0,91,0,197,6,22,0,0,8,8,143,10,0,0,33,12,52,53,63,28,8,254,5,69,196,17,195,1,53,63,93,254,28,68,129,0,0,0,4,17,195,2,1,0,83,0,93,144,31,0,0,8,8,144,10,0,0,33,200,50,53,63,28,218,254,5,69,196,17,195,1,53,63,93,254,28,68,129,0,0,0,4,17,195,2,1,0,91,0,64,18,41,0,0,8,8,145,10,0,0,33,29,50,53,63,28,175,254,28,68,129,0,0,2,4,140,102,1,1,0,178,0,253,174,42,0,0,8,24,140,10,0,0,41,164,9,140,102,29,27,254,28,68,129,0,0,5,4,140,102,1,1,0,178,0,243,175,42,0,0,8,24,141,10,0,0,33,243,14,140,102,29,74,254,37,68,129,0,0,3,4,140,102,1,1,0,178,0,214,176,42,0,0,17,24,142,10,0,0,41,215,3,20,0,40,255,16,0,41,106,38,140,102,29,194,254,5,69,196,211,149,1,53,63,201,254,31,68,129,0,0,1,0,211,149,1,1,0,87,0,128,254,44,0,0,11,8,21,10,33,0,32,200,32,0,32,30,53,63,28,69,254,5,69,196,211,149,1,53,63,201,254,31,68,129,0,0,1,0,211,149,1,1,0,87,0,252,169,45,0,0,11,8,21,10,33,0,32,200,32,0,32,30,53,63,28,111,254,5,69,196,211,149,1,53,63,201,254,31,68,129,0,0,1,0,211,149,1,1,0,87,0,5,84,46,0,0,11,8,21,10,33,0,32,200,32,0,32,30,53,63,28,104,254,5,69,196,211,149,1,53,63,201,254,31,68,129,0,0,1,0,211,149,1,1,0,87,0,139,255,46,0,0,11,8,21,10,33,0,32,200,32,0,32,30,53,63,28,77,254,5,69,196,211,149,1,53,63,201,254,31,68,129,0,0,1,0,211,149,1,1,0,87,0,61,169,47,0,0,11,8,21,10,33,0,32,200,32,0,32,30,53,63,28,172,254,5,69,196,17,195,1,53,63,93,254,28,68,129,0,0,0,4,17,195,2,1,0,87,0,6,148,50,0,0,8,8,146,10,0,0,33,209,49,53,63,28,180,254,5,69,196,17,195,1,53,63,93,254,28,68,129,0,0,0,4,17,195,2,1,0,87,0,93,14,60,0,0,8,8,147,10,0,0,33,184,49,53,63,28,19,254,5,69,196,17,195,1,53,63,93,254,28,68,129,0,0,0,4,17,195,2,1,0,87,0,162,195,69,0,0,8,8,148,10,0,0,33,209,49,53,63,28,54,254,5,69,196,17,195,1,53,63,93,254,28,68,129,0,0,0,4,17,195,2,1,0,87,0,85,222,88,0,0,8,8,149,10,0,0,33,234,49,53,63,28,251,254,5,69,196,17,195,1,53,63,93,254,28,68,129,0,0,0,4,17,195,2,1,0,87,0,209,97,98,0,0,8,8,150,10,0,0,33,4,50,53,63,28,20,254,28,68,129,0,0,2,4,138,128,1,1,0,94,0,46,8,99,0,0,8,24,213,10,0,0,41,57,9,138,128,29,15,254,28,68,129,0,0,5,4,138,128,1,1,0,91,0,56,9,99,0,0,8,24,214,10,0,0,33,166,15,138,128,29,136,254,37,68,129,0,0,3,4,138,128,1,1,0,91,0,67,10,99,0,0,17,24,215,10,0,0,41,215,3,20,0,40,255,16,0,41,105,38,138,128,29,23,254,5,69,196,17,195,1,53,63,93,254,28,68,129,0,0,0,4,17,195,2,1,0,83,0,119,189,112,0,0,8,8,151,10,0,0,33,234,49,53,63,28,148,254,5,69,196,17,195,1,53,63,93,254,28,68,129,0,0,0,4,17,195,2,1,0,83,0,31,65,122,0,0,8,8,152,10,0,0,33,209,49,53,63,28,62,254,1,100,1,0,100,254,3,68,128,0,1,3,197]
[2026-03-12 13:05:11] debug: 	zh:zstack:unpi:parser: --> parsed 5 - 2 - 5 - 196 - [17,195,1,53,63] - 93
[2026-03-12 13:05:11] debug: 	zh:zstack:znp: <-- AREQ: ZDO - srcRtgInd
[2026-03-12 13:05:11] debug: 	zh:zstack:unpi:parser: --- parseNext [254,28,68,129,0,0,0,4,17,195,2,1,0,83,0,86,233,185,0,0,8,8,135,10,0,0,33,20,76,53,63,28,187,254,5,69,196,17,195,1,53,63,93,254,28,68,129,0,0,0,4,17,195,2,1,0,87,0,144,114,195,0,0,8,8,136,10,0,0,33,25,76,53,63,28,154,254,5,69,196,17,195,1,53,63,93,254,28,68,129,0,0,0,4,17,195,2,1,0,87,0,168,244,204,0,0,8,8,137,10,0,0,33,36,76,53,63,28,23,254,5,69,196,17,195,1,53,63,93,254,28,68,129,0,0,0,4,17,195,2,1,0,91,0,97,118,214,0,0,8,8,138,10,0,0,33,47,76,53,63,28,66,254,5,69,196,17,195,1,53,63,93,254,28,68,129,0,0,0,4,17,195,2,1,0,83,0,164,255,223,0,0,8,8,139,10,0,0,33,63,76,53,63,28,30,254,5,69,196,211,149,1,53,63,201,254,25,68,129,0,0,10,0,211,149,1,1,0,87,0,53,147,225,0,0,5,0,20,0,7,0,53,63,28,128,254,5,69,196,211,149,1,53,63,201,254,25,68,129,0,0,10,0,211,149,1,1,0,87,0,157,61,226,0,0,5,0,20,0,7,0,53,63,28,133,254,5,69,196,211,149,1,53,63,201,254,25,68,129,0,0,10,0,211,149,1,1,0,83,0,21,232,226,0,0,5,0,20,0,7,0,53,63,28,220,254,5,69,196,211,149,1,53,63,201,254,25,68,129,0,0,10,0,211,149,1,1,0,87,0,37,147,227,0,0,5,0,20,0,7,0,53,63,28,146,254,5,69,196,211,149,1,53,63,201,254,25,68,129,0,0,10,0,211,149,1,1,0,87,0,208,61,228,0,0,5,0,20,0,7,0,53,63,28,206,254,5,69,196,17,195,1,53,63,93,254,28,68,129,0,0,0,4,17,195,2,1,0,87,0,205,137,233,0,0,8,8,140,10,0,0,33,100,76,53,63,28,111,254,5,69,196,17,195,1,53,63,93,254,28,68,129,0,0,0,4,17,195,2,1,0,83,0,2,11,3,0,0,8,8,141,10,0,0,33,153,76,53,63,28,48,254,5,69,196,17,195,1,53,63,93,254,28,68,129,0,0,0,4,17,195,2,1,0,87,0,54,140,12,0,0,8,8,142,10,0,0,33,198,65,53,63,28,217,254,5,69,196,17,195,1,53,63,93,254,28,68,129,0,0,0,4,17,195,2,1,0,91,0,197,6,22,0,0,8,8,143,10,0,0,33,12,52,53,63,28,8,254,5,69,196,17,195,1,53,63,93,254,28,68,129,0,0,0,4,17,195,2,1,0,83,0,93,144,31,0,0,8,8,144,10,0,0,33,200,50,53,63,28,218,254,5,69,196,17,195,1,53,63,93,254,28,68,129,0,0,0,4,17,195,2,1,0,91,0,64,18,41,0,0,8,8,145,10,0,0,33,29,50,53,63,28,175,254,28,68,129,0,0,2,4,140,102,1,1,0,178,0,253,174,42,0,0,8,24,140,10,0,0,41,164,9,140,102,29,27,254,28,68,129,0,0,5,4,140,102,1,1,0,178,0,243,175,42,0,0,8,24,141,10,0,0,33,243,14,140,102,29,74,254,37,68,129,0,0,3,4,140,102,1,1,0,178,0,214,176,42,0,0,17,24,142,10,0,0,41,215,3,20,0,40,255,16,0,41,106,38,140,102,29,194,254,5,69,196,211,149,1,53,63,201,254,31,68,129,0,0,1,0,211,149,1,1,0,87,0,128,254,44,0,0,11,8,21,10,33,0,32,200,32,0,32,30,53,63,28,69,254,5,69,196,211,149,1,53,63,201,254,31,68,129,0,0,1,0,211,149,1,1,0,87,0,252,169,45,0,0,11,8,21,10,33,0,32,200,32,0,32,30,53,63,28,111,254,5,69,196,211,149,1,53,63,201,254,31,68,129,0,0,1,0,211,149,1,1,0,87,0,5,84,46,0,0,11,8,21,10,33,0,32,200,32,0,32,30,53,63,28,104,254,5,69,196,211,149,1,53,63,201,254,31,68,129,0,0,1,0,211,149,1,1,0,87,0,139,255,46,0,0,11,8,21,10,33,0,32,200,32,0,32,30,53,63,28,77,254,5,69,196,211,149,1,53,63,201,254,31,68,129,0,0,1,0,211,149,1,1,0,87,0,61,169,47,0,0,11,8,21,10,33,0,32,200,32,0,32,30,53,63,28,172,254,5,69,196,17,195,1,53,63,93,254,28,68,129,0,0,0,4,17,195,2,1,0,87,0,6,148,50,0,0,8,8,146,10,0,0,33,209,49,53,63,28,180,254,5,69,196,17,195,1,53,63,93,254,28,68,129,0,0,0,4,17,195,2,1,0,87,0,93,14,60,0,0,8,8,147,10,0,0,33,184,49,53,63,28,19,254,5,69,196,17,195,1,53,63,93,254,28,68,129,0,0,0,4,17,195,2,1,0,87,0,162,195,69,0,0,8,8,148,10,0,0,33,209,49,53,63,28,54,254,5,69,196,17,195,1,53,63,93,254,28,68,129,0,0,0,4,17,195,2,1,0,87,0,85,222,88,0,0,8,8,149,10,0,0,33,234,49,53,63,28,251,254,5,69,196,17,195,1,53,63,93,254,28,68,129,0,0,0,4,17,195,2,1,0,87,0,209,97,98,0,0,8,8,150,10,0,0,33,4,50,53,63,28,20,254,28,68,129,0,0,2,4,138,128,1,1,0,94,0,46,8,99,0,0,8,24,213,10,0,0,41,57,9,138,128,29,15,254,28,68,129,0,0,5,4,138,128,1,1,0,91,0,56,9,99,0,0,8,24,214,10,0,0,33,166,15,138,128,29,136,254,37,68,129,0,0,3,4,138,128,1,1,0,91,0,67,10,99,0,0,17,24,215,10,0,0,41,215,3,20,0,40,255,16,0,41,105,38,138,128,29,23,254,5,69,196,17,195,1,53,63,93,254,28,68,129,0,0,0,4,17,195,2,1,0,83,0,119,189,112,0,0,8,8,151,10,0,0,33,234,49,53,63,28,148,254,5,69,196,17,195,1,53,63,93,254,28,68,129,0,0,0,4,17,195,2,1,0,83,0,31,65,122,0,0,8,8,152,10,0,0,33,209,49,53,63,28,62,254,1,100,1,0,100,254,3,68,128,0,1,3,197]
[2026-03-12 13:05:11] debug: 	zh:zstack:unpi:parser: --> parsed 28 - 2 - 4 - 129 - [0,0,0,4,17,195,2,1,0,83,0,86,233,185,0,0,8,8,135,10,0,0,33,20,76,53,63,28] - 187
[2026-03-12 13:05:11] debug: 	zh:zstack:znp: <-- AREQ: AF - incomingMsg - {"groupid":0,"clusterid":1024,"srcaddr":49937,"srcendpoint":2,"dstendpoint":1,"wasbroadcast":0,"linkquality":83,"securityuse":0,"timestamp":12183894,"transseqnumber":0,"len":8,"data":{"type":"Buffer","data":[8,135,10,0,0,33,20,76]}}
[2026-03-12 13:05:11] debug: 	zh:controller: Received payload: clusterID=1024, address=49937, groupID=0, endpoint=2, destinationEndpoint=1, wasBroadcast=false, linkQuality=83, frame={"header":{"frameControl":{"frameType":0,"manufacturerSpecific":false,"direction":1,"disableDefaultResponse":false,"reservedBits":0},"transactionSequenceNumber":135,"commandIdentifier":10},"payload":[{"attrId":0,"dataType":33,"attrData":19476}],"command":{"ID":10,"name":"report","parameters":[{"name":"attrId","type":9},{"name":"dataType","type":8},{"name":"attrData","type":1000}]}}
[2026-03-12 13:05:11] debug: 	zh:controller:endpoint: ZCL command 0x001788010916738d/2 msIlluminanceMeasurement.defaultRsp({"cmdId":10,"statusCode":0}, {"timeout":10000,"disableResponse":false,"disableRecovery":false,"disableDefaultResponse":true,"direction":1,"reservedBits":0,"transactionSequenceNumber":135,"writeUndiv":false})
[2026-03-12 13:05:11] debug: 	zh:zstack:unpi:parser: --- parseNext [254,5,69,196,17,195,1,53,63,93,254,28,68,129,0,0,0,4,17,195,2,1,0,87,0,144,114,195,0,0,8,8,136,10,0,0,33,25,76,53,63,28,154,254,5,69,196,17,195,1,53,63,93,254,28,68,129,0,0,0,4,17,195,2,1,0,87,0,168,244,204,0,0,8,8,137,10,0,0,33,36,76,53,63,28,23,254,5,69,196,17,195,1,53,63,93,254,28,68,129,0,0,0,4,17,195,2,1,0,91,0,97,118,214,0,0,8,8,138,10,0,0,33,47,76,53,63,28,66,254,5,69,196,17,195,1,53,63,93,254,28,68,129,0,0,0,4,17,195,2,1,0,83,0,164,255,223,0,0,8,8,139,10,0,0,33,63,76,53,63,28,30,254,5,69,196,211,149,1,53,63,201,254,25,68,129,0,0,10,0,211,149,1,1,0,87,0,53,147,225,0,0,5,0,20,0,7,0,53,63,28,128,254,5,69,196,211,149,1,53,63,201,254,25,68,129,0,0,10,0,211,149,1,1,0,87,0,157,61,226,0,0,5,0,20,0,7,0,53,63,28,133,254,5,69,196,211,149,1,53,63,201,254,25,68,129,0,0,10,0,211,149,1,1,0,83,0,21,232,226,0,0,5,0,20,0,7,0,53,63,28,220,254,5,69,196,211,149,1,53,63,201,254,25,68,129,0,0,10,0,211,149,1,1,0,87,0,37,147,227,0,0,5,0,20,0,7,0,53,63,28,146,254,5,69,196,211,149,1,53,63,201,254,25,68,129,0,0,10,0,211,149,1,1,0,87,0,208,61,228,0,0,5,0,20,0,7,0,53,63,28,206,254,5,69,196,17,195,1,53,63,93,254,28,68,129,0,0,0,4,17,195,2,1,0,87,0,205,137,233,0,0,8,8,140,10,0,0,33,100,76,53,63,28,111,254,5,69,196,17,195,1,53,63,93,254,28,68,129,0,0,0,4,17,195,2,1,0,83,0,2,11,3,0,0,8,8,141,10,0,0,33,153,76,53,63,28,48,254,5,69,196,17,195,1,53,63,93,254,28,68,129,0,0,0,4,17,195,2,1,0,87,0,54,140,12,0,0,8,8,142,10,0,0,33,198,65,53,63,28,217,254,5,69,196,17,195,1,53,63,93,254,28,68,129,0,0,0,4,17,195,2,1,0,91,0,197,6,22,0,0,8,8,143,10,0,0,33,12,52,53,63,28,8,254,5,69,196,17,195,1,53,63,93,254,28,68,129,0,0,0,4,17,195,2,1,0,83,0,93,144,31,0,0,8,8,144,10,0,0,33,200,50,53,63,28,218,254,5,69,196,17,195,1,53,63,93,254,28,68,129,0,0,0,4,17,195,2,1,0,91,0,64,18,41,0,0,8,8,145,10,0,0,33,29,50,53,63,28,175,254,28,68,129,0,0,2,4,140,102,1,1,0,178,0,253,174,42,0,0,8,24,140,10,0,0,41,164,9,140,102,29,27,254,28,68,129,0,0,5,4,140,102,1,1,0,178,0,243,175,42,0,0,8,24,141,10,0,0,33,243,14,140,102,29,74,254,37,68,129,0,0,3,4,140,102,1,1,0,178,0,214,176,42,0,0,17,24,142,10,0,0,41,215,3,20,0,40,255,16,0,41,106,38,140,102,29,194,254,5,69,196,211,149,1,53,63,201,254,31,68,129,0,0,1,0,211,149,1,1,0,87,0,128,254,44,0,0,11,8,21,10,33,0,32,200,32,0,32,30,53,63,28,69,254,5,69,196,211,149,1,53,63,201,254,31,68,129,0,0,1,0,211,149,1,1,0,87,0,252,169,45,0,0,11,8,21,10,33,0,32,200,32,0,32,30,53,63,28,111,254,5,69,196,211,149,1,53,63,201,254,31,68,129,0,0,1,0,211,149,1,1,0,87,0,5,84,46,0,0,11,8,21,10,33,0,32,200,32,0,32,30,53,63,28,104,254,5,69,196,211,149,1,53,63,201,254,31,68,129,0,0,1,0,211,149,1,1,0,87,0,139,255,46,0,0,11,8,21,10,33,0,32,200,32,0,32,30,53,63,28,77,254,5,69,196,211,149,1,53,63,201,254,31,68,129,0,0,1,0,211,149,1,1,0,87,0,61,169,47,0,0,11,8,21,10,33,0,32,200,32,0,32,30,53,63,28,172,254,5,69,196,17,195,1,53,63,93,254,28,68,129,0,0,0,4,17,195,2,1,0,87,0,6,148,50,0,0,8,8,146,10,0,0,33,209,49,53,63,28,180,254,5,69,196,17,195,1,53,63,93,254,28,68,129,0,0,0,4,17,195,2,1,0,87,0,93,14,60,0,0,8,8,147,10,0,0,33,184,49,53,63,28,19,254,5,69,196,17,195,1,53,63,93,254,28,68,129,0,0,0,4,17,195,2,1,0,87,0,162,195,69,0,0,8,8,148,10,0,0,33,209,49,53,63,28,54,254,5,69,196,17,195,1,53,63,93,254,28,68,129,0,0,0,4,17,195,2,1,0,87,0,85,222,88,0,0,8,8,149,10,0,0,33,234,49,53,63,28,251,254,5,69,196,17,195,1,53,63,93,254,28,68,129,0,0,0,4,17,195,2,1,0,87,0,209,97,98,0,0,8,8,150,10,0,0,33,4,50,53,63,28,20,254,28,68,129,0,0,2,4,138,128,1,1,0,94,0,46,8,99,0,0,8,24,213,10,0,0,41,57,9,138,128,29,15,254,28,68,129,0,0,5,4,138,128,1,1,0,91,0,56,9,99,0,0,8,24,214,10,0,0,33,166,15,138,128,29,136,254,37,68,129,0,0,3,4,138,128,1,1,0,91,0,67,10,99,0,0,17,24,215,10,0,0,41,215,3,20,0,40,255,16,0,41,105,38,138,128,29,23,254,5,69,196,17,195,1,53,63,93,254,28,68,129,0,0,0,4,17,195,2,1,0,83,0,119,189,112,0,0,8,8,151,10,0,0,33,234,49,53,63,28,148,254,5,69,196,17,195,1,53,63,93,254,28,68,129,0,0,0,4,17,195,2,1,0,83,0,31,65,122,0,0,8,8,152,10,0,0,33,209,49,53,63,28,62,254,1,100,1,0,100,254,3,68,128,0,1,3,197]
[2026-03-12 13:05:11] debug: 	zh:zstack:unpi:parser: --> parsed 5 - 2 - 5 - 196 - [17,195,1,53,63] - 93
[2026-03-12 13:05:11] debug: 	zh:zstack:znp: <-- AREQ: ZDO - srcRtgInd
[2026-03-12 13:05:11] debug: 	zh:zstack:unpi:parser: --- parseNext [254,28,68,129,0,0,0,4,17,195,2,1,0,87,0,144,114,195,0,0,8,8,136,10,0,0,33,25,76,53,63,28,154,254,5,69,196,17,195,1,53,63,93,254,28,68,129,0,0,0,4,17,195,2,1,0,87,0,168,244,204,0,0,8,8,137,10,0,0,33,36,76,53,63,28,23,254,5,69,196,17,195,1,53,63,93,254,28,68,129,0,0,0,4,17,195,2,1,0,91,0,97,118,214,0,0,8,8,138,10,0,0,33,47,76,53,63,28,66,254,5,69,196,17,195,1,53,63,93,254,28,68,129,0,0,0,4,17,195,2,1,0,83,0,164,255,223,0,0,8,8,139,10,0,0,33,63,76,53,63,28,30,254,5,69,196,211,149,1,53,63,201,254,25,68,129,0,0,10,0,211,149,1,1,0,87,0,53,147,225,0,0,5,0,20,0,7,0,53,63,28,128,254,5,69,196,211,149,1,53,63,201,254,25,68,129,0,0,10,0,211,149,1,1,0,87,0,157,61,226,0,0,5,0,20,0,7,0,53,63,28,133,254,5,69,196,211,149,1,53,63,201,254,25,68,129,0,0,10,0,211,149,1,1,0,83,0,21,232,226,0,0,5,0,20,0,7,0,53,63,28,220,254,5,69,196,211,149,1,53,63,201,254,25,68,129,0,0,10,0,211,149,1,1,0,87,0,37,147,227,0,0,5,0,20,0,7,0,53,63,28,146,254,5,69,196,211,149,1,53,63,201,254,25,68,129,0,0,10,0,211,149,1,1,0,87,0,208,61,228,0,0,5,0,20,0,7,0,53,63,28,206,254,5,69,196,17,195,1,53,63,93,254,28,68,129,0,0,0,4,17,195,2,1,0,87,0,205,137,233,0,0,8,8,140,10,0,0,33,100,76,53,63,28,111,254,5,69,196,17,195,1,53,63,93,254,28,68,129,0,0,0,4,17,195,2,1,0,83,0,2,11,3,0,0,8,8,141,10,0,0,33,153,76,53,63,28,48,254,5,69,196,17,195,1,53,63,93,254,28,68,129,0,0,0,4,17,195,2,1,0,87,0,54,140,12,0,0,8,8,142,10,0,0,33,198,65,53,63,28,217,254,5,69,196,17,195,1,53,63,93,254,28,68,129,0,0,0,4,17,195,2,1,0,91,0,197,6,22,0,0,8,8,143,10,0,0,33,12,52,53,63,28,8,254,5,69,196,17,195,1,53,63,93,254,28,68,129,0,0,0,4,17,195,2,1,0,83,0,93,144,31,0,0,8,8,144,10,0,0,33,200,50,53,63,28,218,254,5,69,196,17,195,1,53,63,93,254,28,68,129,0,0,0,4,17,195,2,1,0,91,0,64,18,41,0,0,8,8,145,10,0,0,33,29,50,53,63,28,175,254,28,68,129,0,0,2,4,140,102,1,1,0,178,0,253,174,42,0,0,8,24,140,10,0,0,41,164,9,140,102,29,27,254,28,68,129,0,0,5,4,140,102,1,1,0,178,0,243,175,42,0,0,8,24,141,10,0,0,33,243,14,140,102,29,74,254,37,68,129,0,0,3,4,140,102,1,1,0,178,0,214,176,42,0,0,17,24,142,10,0,0,41,215,3,20,0,40,255,16,0,41,106,38,140,102,29,194,254,5,69,196,211,149,1,53,63,201,254,31,68,129,0,0,1,0,211,149,1,1,0,87,0,128,254,44,0,0,11,8,21,10,33,0,32,200,32,0,32,30,53,63,28,69,254,5,69,196,211,149,1,53,63,201,254,31,68,129,0,0,1,0,211,149,1,1,0,87,0,252,169,45,0,0,11,8,21,10,33,0,32,200,32,0,32,30,53,63,28,111,254,5,69,196,211,149,1,53,63,201,254,31,68,129,0,0,1,0,211,149,1,1,0,87,0,5,84,46,0,0,11,8,21,10,33,0,32,200,32,0,32,30,53,63,28,104,254,5,69,196,211,149,1,53,63,201,254,31,68,129,0,0,1,0,211,149,1,1,0,87,0,139,255,46,0,0,11,8,21,10,33,0,32,200,32,0,32,30,53,63,28,77,254,5,69,196,211,149,1,53,63,201,254,31,68,129,0,0,1,0,211,149,1,1,0,87,0,61,169,47,0,0,11,8,21,10,33,0,32,200,32,0,32,30,53,63,28,172,254,5,69,196,17,195,1,53,63,93,254,28,68,129,0,0,0,4,17,195,2,1,0,87,0,6,148,50,0,0,8,8,146,10,0,0,33,209,49,53,63,28,180,254,5,69,196,17,195,1,53,63,93,254,28,68,129,0,0,0,4,17,195,2,1,0,87,0,93,14,60,0,0,8,8,147,10,0,0,33,184,49,53,63,28,19,254,5,69,196,17,195,1,53,63,93,254,28,68,129,0,0,0,4,17,195,2,1,0,87,0,162,195,69,0,0,8,8,148,10,0,0,33,209,49,53,63,28,54,254,5,69,196,17,195,1,53,63,93,254,28,68,129,0,0,0,4,17,195,2,1,0,87,0,85,222,88,0,0,8,8,149,10,0,0,33,234,49,53,63,28,251,254,5,69,196,17,195,1,53,63,93,254,28,68,129,0,0,0,4,17,195,2,1,0,87,0,209,97,98,0,0,8,8,150,10,0,0,33,4,50,53,63,28,20,254,28,68,129,0,0,2,4,138,128,1,1,0,94,0,46,8,99,0,0,8,24,213,10,0,0,41,57,9,138,128,29,15,254,28,68,129,0,0,5,4,138,128,1,1,0,91,0,56,9,99,0,0,8,24,214,10,0,0,33,166,15,138,128,29,136,254,37,68,129,0,0,3,4,138,128,1,1,0,91,0,67,10,99,0,0,17,24,215,10,0,0,41,215,3,20,0,40,255,16,0,41,105,38,138,128,29,23,254,5,69,196,17,195,1,53,63,93,254,28,68,129,0,0,0,4,17,195,2,1,0,83,0,119,189,112,0,0,8,8,151,10,0,0,33,234,49,53,63,28,148,254,5,69,196,17,195,1,53,63,93,254,28,68,129,0,0,0,4,17,195,2,1,0,83,0,31,65,122,0,0,8,8,152,10,0,0,33,209,49,53,63,28,62,254,1,100,1,0,100,254,3,68,128,0,1,3,197]
[2026-03-12 13:05:11] debug: 	zh:zstack:unpi:parser: --> parsed 28 - 2 - 4 - 129 - [0,0,0,4,17,195,2,1,0,87,0,144,114,195,0,0,8,8,136,10,0,0,33,25,76,53,63,28] - 154
[2026-03-12 13:05:11] debug: 	zh:zstack:znp: <-- AREQ: AF - incomingMsg - {"groupid":0,"clusterid":1024,"srcaddr":49937,"srcendpoint":2,"dstendpoint":1,"wasbroadcast":0,"linkquality":87,"securityuse":0,"timestamp":12808848,"transseqnumber":0,"len":8,"data":{"type":"Buffer","data":[8,136,10,0,0,33,25,76]}}
[2026-03-12 13:05:11] debug: 	zh:controller: Received payload: clusterID=1024, address=49937, groupID=0, endpoint=2, destinationEndpoint=1, wasBroadcast=false, linkQuality=87, frame={"header":{"frameControl":{"frameType":0,"manufacturerSpecific":false,"direction":1,"disableDefaultResponse":false,"reservedBits":0},"transactionSequenceNumber":136,"commandIdentifier":10},"payload":[{"attrId":0,"dataType":33,"attrData":19481}],"command":{"ID":10,"name":"report","parameters":[{"name":"attrId","type":9},{"name":"dataType","type":8},{"name":"attrData","type":1000}]}}
[2026-03-12 13:05:11] debug: 	zh:controller:endpoint: ZCL command 0x001788010916738d/2 msIlluminanceMeasurement.defaultRsp({"cmdId":10,"statusCode":0}, {"timeout":10000,"disableResponse":false,"disableRecovery":false,"disableDefaultResponse":true,"direction":1,"reservedBits":0,"transactionSequenceNumber":136,"writeUndiv":false})
[2026-03-12 13:05:11] debug: 	zh:zstack:unpi:parser: --- parseNext [254,5,69,196,17,195,1,53,63,93,254,28,68,129,0,0,0,4,17,195,2,1,0,87,0,168,244,204,0,0,8,8,137,10,0,0,33,36,76,53,63,28,23,254,5,69,196,17,195,1,53,63,93,254,28,68,129,0,0,0,4,17,195,2,1,0,91,0,97,118,214,0,0,8,8,138,10,0,0,33,47,76,53,63,28,66,254,5,69,196,17,195,1,53,63,93,254,28,68,129,0,0,0,4,17,195,2,1,0,83,0,164,255,223,0,0,8,8,139,10,0,0,33,63,76,53,63,28,30,254,5,69,196,211,149,1,53,63,201,254,25,68,129,0,0,10,0,211,149,1,1,0,87,0,53,147,225,0,0,5,0,20,0,7,0,53,63,28,128,254,5,69,196,211,149,1,53,63,201,254,25,68,129,0,0,10,0,211,149,1,1,0,87,0,157,61,226,0,0,5,0,20,0,7,0,53,63,28,133,254,5,69,196,211,149,1,53,63,201,254,25,68,129,0,0,10,0,211,149,1,1,0,83,0,21,232,226,0,0,5,0,20,0,7,0,53,63,28,220,254,5,69,196,211,149,1,53,63,201,254,25,68,129,0,0,10,0,211,149,1,1,0,87,0,37,147,227,0,0,5,0,20,0,7,0,53,63,28,146,254,5,69,196,211,149,1,53,63,201,254,25,68,129,0,0,10,0,211,149,1,1,0,87,0,208,61,228,0,0,5,0,20,0,7,0,53,63,28,206,254,5,69,196,17,195,1,53,63,93,254,28,68,129,0,0,0,4,17,195,2,1,0,87,0,205,137,233,0,0,8,8,140,10,0,0,33,100,76,53,63,28,111,254,5,69,196,17,195,1,53,63,93,254,28,68,129,0,0,0,4,17,195,2,1,0,83,0,2,11,3,0,0,8,8,141,10,0,0,33,153,76,53,63,28,48,254,5,69,196,17,195,1,53,63,93,254,28,68,129,0,0,0,4,17,195,2,1,0,87,0,54,140,12,0,0,8,8,142,10,0,0,33,198,65,53,63,28,217,254,5,69,196,17,195,1,53,63,93,254,28,68,129,0,0,0,4,17,195,2,1,0,91,0,197,6,22,0,0,8,8,143,10,0,0,33,12,52,53,63,28,8,254,5,69,196,17,195,1,53,63,93,254,28,68,129,0,0,0,4,17,195,2,1,0,83,0,93,144,31,0,0,8,8,144,10,0,0,33,200,50,53,63,28,218,254,5,69,196,17,195,1,53,63,93,254,28,68,129,0,0,0,4,17,195,2,1,0,91,0,64,18,41,0,0,8,8,145,10,0,0,33,29,50,53,63,28,175,254,28,68,129,0,0,2,4,140,102,1,1,0,178,0,253,174,42,0,0,8,24,140,10,0,0,41,164,9,140,102,29,27,254,28,68,129,0,0,5,4,140,102,1,1,0,178,0,243,175,42,0,0,8,24,141,10,0,0,33,243,14,140,102,29,74,254,37,68,129,0,0,3,4,140,102,1,1,0,178,0,214,176,42,0,0,17,24,142,10,0,0,41,215,3,20,0,40,255,16,0,41,106,38,140,102,29,194,254,5,69,196,211,149,1,53,63,201,254,31,68,129,0,0,1,0,211,149,1,1,0,87,0,128,254,44,0,0,11,8,21,10,33,0,32,200,32,0,32,30,53,63,28,69,254,5,69,196,211,149,1,53,63,201,254,31,68,129,0,0,1,0,211,149,1,1,0,87,0,252,169,45,0,0,11,8,21,10,33,0,32,200,32,0,32,30,53,63,28,111,254,5,69,196,211,149,1,53,63,201,254,31,68,129,0,0,1,0,211,149,1,1,0,87,0,5,84,46,0,0,11,8,21,10,33,0,32,200,32,0,32,30,53,63,28,104,254,5,69,196,211,149,1,53,63,201,254,31,68,129,0,0,1,0,211,149,1,1,0,87,0,139,255,46,0,0,11,8,21,10,33,0,32,200,32,0,32,30,53,63,28,77,254,5,69,196,211,149,1,53,63,201,254,31,68,129,0,0,1,0,211,149,1,1,0,87,0,61,169,47,0,0,11,8,21,10,33,0,32,200,32,0,32,30,53,63,28,172,254,5,69,196,17,195,1,53,63,93,254,28,68,129,0,0,0,4,17,195,2,1,0,87,0,6,148,50,0,0,8,8,146,10,0,0,33,209,49,53,63,28,180,254,5,69,196,17,195,1,53,63,93,254,28,68,129,0,0,0,4,17,195,2,1,0,87,0,93,14,60,0,0,8,8,147,10,0,0,33,184,49,53,63,28,19,254,5,69,196,17,195,1,53,63,93,254,28,68,129,0,0,0,4,17,195,2,1,0,87,0,162,195,69,0,0,8,8,148,10,0,0,33,209,49,53,63,28,54,254,5,69,196,17,195,1,53,63,93,254,28,68,129,0,0,0,4,17,195,2,1,0,87,0,85,222,88,0,0,8,8,149,10,0,0,33,234,49,53,63,28,251,254,5,69,196,17,195,1,53,63,93,254,28,68,129,0,0,0,4,17,195,2,1,0,87,0,209,97,98,0,0,8,8,150,10,0,0,33,4,50,53,63,28,20,254,28,68,129,0,0,2,4,138,128,1,1,0,94,0,46,8,99,0,0,8,24,213,10,0,0,41,57,9,138,128,29,15,254,28,68,129,0,0,5,4,138,128,1,1,0,91,0,56,9,99,0,0,8,24,214,10,0,0,33,166,15,138,128,29,136,254,37,68,129,0,0,3,4,138,128,1,1,0,91,0,67,10,99,0,0,17,24,215,10,0,0,41,215,3,20,0,40,255,16,0,41,105,38,138,128,29,23,254,5,69,196,17,195,1,53,63,93,254,28,68,129,0,0,0,4,17,195,2,1,0,83,0,119,189,112,0,0,8,8,151,10,0,0,33,234,49,53,63,28,148,254,5,69,196,17,195,1,53,63,93,254,28,68,129,0,0,0,4,17,195,2,1,0,83,0,31,65,122,0,0,8,8,152,10,0,0,33,209,49,53,63,28,62,254,1,100,1,0,100,254,3,68,128,0,1,3,197]
[2026-03-12 13:05:11] debug: 	zh:zstack:unpi:parser: --> parsed 5 - 2 - 5 - 196 - [17,195,1,53,63] - 93
[2026-03-12 13:05:11] debug: 	zh:zstack:znp: <-- AREQ: ZDO - srcRtgInd
[2026-03-12 13:05:11] debug: 	zh:zstack:unpi:parser: --- parseNext [254,28,68,129,0,0,0,4,17,195,2,1,0,87,0,168,244,204,0,0,8,8,137,10,0,0,33,36,76,53,63,28,23,254,5,69,196,17,195,1,53,63,93,254,28,68,129,0,0,0,4,17,195,2,1,0,91,0,97,118,214,0,0,8,8,138,10,0,0,33,47,76,53,63,28,66,254,5,69,196,17,195,1,53,63,93,254,28,68,129,0,0,0,4,17,195,2,1,0,83,0,164,255,223,0,0,8,8,139,10,0,0,33,63,76,53,63,28,30,254,5,69,196,211,149,1,53,63,201,254,25,68,129,0,0,10,0,211,149,1,1,0,87,0,53,147,225,0,0,5,0,20,0,7,0,53,63,28,128,254,5,69,196,211,149,1,53,63,201,254,25,68,129,0,0,10,0,211,149,1,1,0,87,0,157,61,226,0,0,5,0,20,0,7,0,53,63,28,133,254,5,69,196,211,149,1,53,63,201,254,25,68,129,0,0,10,0,211,149,1,1,0,83,0,21,232,226,0,0,5,0,20,0,7,0,53,63,28,220,254,5,69,196,211,149,1,53,63,201,254,25,68,129,0,0,10,0,211,149,1,1,0,87,0,37,147,227,0,0,5,0,20,0,7,0,53,63,28,146,254,5,69,196,211,149,1,53,63,201,254,25,68,129,0,0,10,0,211,149,1,1,0,87,0,208,61,228,0,0,5,0,20,0,7,0,53,63,28,206,254,5,69,196,17,195,1,53,63,93,254,28,68,129,0,0,0,4,17,195,2,1,0,87,0,205,137,233,0,0,8,8,140,10,0,0,33,100,76,53,63,28,111,254,5,69,196,17,195,1,53,63,93,254,28,68,129,0,0,0,4,17,195,2,1,0,83,0,2,11,3,0,0,8,8,141,10,0,0,33,153,76,53,63,28,48,254,5,69,196,17,195,1,53,63,93,254,28,68,129,0,0,0,4,17,195,2,1,0,87,0,54,140,12,0,0,8,8,142,10,0,0,33,198,65,53,63,28,217,254,5,69,196,17,195,1,53,63,93,254,28,68,129,0,0,0,4,17,195,2,1,0,91,0,197,6,22,0,0,8,8,143,10,0,0,33,12,52,53,63,28,8,254,5,69,196,17,195,1,53,63,93,254,28,68,129,0,0,0,4,17,195,2,1,0,83,0,93,144,31,0,0,8,8,144,10,0,0,33,200,50,53,63,28,218,254,5,69,196,17,195,1,53,63,93,254,28,68,129,0,0,0,4,17,195,2,1,0,91,0,64,18,41,0,0,8,8,145,10,0,0,33,29,50,53,63,28,175,254,28,68,129,0,0,2,4,140,102,1,1,0,178,0,253,174,42,0,0,8,24,140,10,0,0,41,164,9,140,102,29,27,254,28,68,129,0,0,5,4,140,102,1,1,0,178,0,243,175,42,0,0,8,24,141,10,0,0,33,243,14,140,102,29,74,254,37,68,129,0,0,3,4,140,102,1,1,0,178,0,214,176,42,0,0,17,24,142,10,0,0,41,215,3,20,0,40,255,16,0,41,106,38,140,102,29,194,254,5,69,196,211,149,1,53,63,201,254,31,68,129,0,0,1,0,211,149,1,1,0,87,0,128,254,44,0,0,11,8,21,10,33,0,32,200,32,0,32,30,53,63,28,69,254,5,69,196,211,149,1,53,63,201,254,31,68,129,0,0,1,0,211,149,1,1,0,87,0,252,169,45,0,0,11,8,21,10,33,0,32,200,32,0,32,30,53,63,28,111,254,5,69,196,211,149,1,53,63,201,254,31,68,129,0,0,1,0,211,149,1,1,0,87,0,5,84,46,0,0,11,8,21,10,33,0,32,200,32,0,32,30,53,63,28,104,254,5,69,196,211,149,1,53,63,201,254,31,68,129,0,0,1,0,211,149,1,1,0,87,0,139,255,46,0,0,11,8,21,10,33,0,32,200,32,0,32,30,53,63,28,77,254,5,69,196,211,149,1,53,63,201,254,31,68,129,0,0,1,0,211,149,1,1,0,87,0,61,169,47,0,0,11,8,21,10,33,0,32,200,32,0,32,30,53,63,28,172,254,5,69,196,17,195,1,53,63,93,254,28,68,129,0,0,0,4,17,195,2,1,0,87,0,6,148,50,0,0,8,8,146,10,0,0,33,209,49,53,63,28,180,254,5,69,196,17,195,1,53,63,93,254,28,68,129,0,0,0,4,17,195,2,1,0,87,0,93,14,60,0,0,8,8,147,10,0,0,33,184,49,53,63,28,19,254,5,69,196,17,195,1,53,63,93,254,28,68,129,0,0,0,4,17,195,2,1,0,87,0,162,195,69,0,0,8,8,148,10,0,0,33,209,49,53,63,28,54,254,5,69,196,17,195,1,53,63,93,254,28,68,129,0,0,0,4,17,195,2,1,0,87,0,85,222,88,0,0,8,8,149,10,0,0,33,234,49,53,63,28,251,254,5,69,196,17,195,1,53,63,93,254,28,68,129,0,0,0,4,17,195,2,1,0,87,0,209,97,98,0,0,8,8,150,10,0,0,33,4,50,53,63,28,20,254,28,68,129,0,0,2,4,138,128,1,1,0,94,0,46,8,99,0,0,8,24,213,10,0,0,41,57,9,138,128,29,15,254,28,68,129,0,0,5,4,138,128,1,1,0,91,0,56,9,99,0,0,8,24,214,10,0,0,33,166,15,138,128,29,136,254,37,68,129,0,0,3,4,138,128,1,1,0,91,0,67,10,99,0,0,17,24,215,10,0,0,41,215,3,20,0,40,255,16,0,41,105,38,138,128,29,23,254,5,69,196,17,195,1,53,63,93,254,28,68,129,0,0,0,4,17,195,2,1,0,83,0,119,189,112,0,0,8,8,151,10,0,0,33,234,49,53,63,28,148,254,5,69,196,17,195,1,53,63,93,254,28,68,129,0,0,0,4,17,195,2,1,0,83,0,31,65,122,0,0,8,8,152,10,0,0,33,209,49,53,63,28,62,254,1,100,1,0,100,254,3,68,128,0,1,3,197]
[2026-03-12 13:05:11] debug: 	zh:zstack:unpi:parser: --> parsed 28 - 2 - 4 - 129 - [0,0,0,4,17,195,2,1,0,87,0,168,244,204,0,0,8,8,137,10,0,0,33,36,76,53,63,28] - 23
[2026-03-12 13:05:11] debug: 	zh:zstack:znp: <-- AREQ: AF - incomingMsg - {"groupid":0,"clusterid":1024,"srcaddr":49937,"srcendpoint":2,"dstendpoint":1,"wasbroadcast":0,"linkquality":87,"securityuse":0,"timestamp":13431976,"transseqnumber":0,"len":8,"data":{"type":"Buffer","data":[8,137,10,0,0,33,36,76]}}
[2026-03-12 13:05:11] debug: 	zh:controller: Received payload: clusterID=1024, address=49937, groupID=0, endpoint=2, destinationEndpoint=1, wasBroadcast=false, linkQuality=87, frame={"header":{"frameControl":{"frameType":0,"manufacturerSpecific":false,"direction":1,"disableDefaultResponse":false,"reservedBits":0},"transactionSequenceNumber":137,"commandIdentifier":10},"payload":[{"attrId":0,"dataType":33,"attrData":19492}],"command":{"ID":10,"name":"report","parameters":[{"name":"attrId","type":9},{"name":"dataType","type":8},{"name":"attrData","type":1000}]}}
[2026-03-12 13:05:11] debug: 	zh:controller:endpoint: ZCL command 0x001788010916738d/2 msIlluminanceMeasurement.defaultRsp({"cmdId":10,"statusCode":0}, {"timeout":10000,"disableResponse":false,"disableRecovery":false,"disableDefaultResponse":true,"direction":1,"reservedBits":0,"transactionSequenceNumber":137,"writeUndiv":false})
[2026-03-12 13:05:11] debug: 	zh:zstack:unpi:parser: --- parseNext [254,5,69,196,17,195,1,53,63,93,254,28,68,129,0,0,0,4,17,195,2,1,0,91,0,97,118,214,0,0,8,8,138,10,0,0,33,47,76,53,63,28,66,254,5,69,196,17,195,1,53,63,93,254,28,68,129,0,0,0,4,17,195,2,1,0,83,0,164,255,223,0,0,8,8,139,10,0,0,33,63,76,53,63,28,30,254,5,69,196,211,149,1,53,63,201,254,25,68,129,0,0,10,0,211,149,1,1,0,87,0,53,147,225,0,0,5,0,20,0,7,0,53,63,28,128,254,5,69,196,211,149,1,53,63,201,254,25,68,129,0,0,10,0,211,149,1,1,0,87,0,157,61,226,0,0,5,0,20,0,7,0,53,63,28,133,254,5,69,196,211,149,1,53,63,201,254,25,68,129,0,0,10,0,211,149,1,1,0,83,0,21,232,226,0,0,5,0,20,0,7,0,53,63,28,220,254,5,69,196,211,149,1,53,63,201,254,25,68,129,0,0,10,0,211,149,1,1,0,87,0,37,147,227,0,0,5,0,20,0,7,0,53,63,28,146,254,5,69,196,211,149,1,53,63,201,254,25,68,129,0,0,10,0,211,149,1,1,0,87,0,208,61,228,0,0,5,0,20,0,7,0,53,63,28,206,254,5,69,196,17,195,1,53,63,93,254,28,68,129,0,0,0,4,17,195,2,1,0,87,0,205,137,233,0,0,8,8,140,10,0,0,33,100,76,53,63,28,111,254,5,69,196,17,195,1,53,63,93,254,28,68,129,0,0,0,4,17,195,2,1,0,83,0,2,11,3,0,0,8,8,141,10,0,0,33,153,76,53,63,28,48,254,5,69,196,17,195,1,53,63,93,254,28,68,129,0,0,0,4,17,195,2,1,0,87,0,54,140,12,0,0,8,8,142,10,0,0,33,198,65,53,63,28,217,254,5,69,196,17,195,1,53,63,93,254,28,68,129,0,0,0,4,17,195,2,1,0,91,0,197,6,22,0,0,8,8,143,10,0,0,33,12,52,53,63,28,8,254,5,69,196,17,195,1,53,63,93,254,28,68,129,0,0,0,4,17,195,2,1,0,83,0,93,144,31,0,0,8,8,144,10,0,0,33,200,50,53,63,28,218,254,5,69,196,17,195,1,53,63,93,254,28,68,129,0,0,0,4,17,195,2,1,0,91,0,64,18,41,0,0,8,8,145,10,0,0,33,29,50,53,63,28,175,254,28,68,129,0,0,2,4,140,102,1,1,0,178,0,253,174,42,0,0,8,24,140,10,0,0,41,164,9,140,102,29,27,254,28,68,129,0,0,5,4,140,102,1,1,0,178,0,243,175,42,0,0,8,24,141,10,0,0,33,243,14,140,102,29,74,254,37,68,129,0,0,3,4,140,102,1,1,0,178,0,214,176,42,0,0,17,24,142,10,0,0,41,215,3,20,0,40,255,16,0,41,106,38,140,102,29,194,254,5,69,196,211,149,1,53,63,201,254,31,68,129,0,0,1,0,211,149,1,1,0,87,0,128,254,44,0,0,11,8,21,10,33,0,32,200,32,0,32,30,53,63,28,69,254,5,69,196,211,149,1,53,63,201,254,31,68,129,0,0,1,0,211,149,1,1,0,87,0,252,169,45,0,0,11,8,21,10,33,0,32,200,32,0,32,30,53,63,28,111,254,5,69,196,211,149,1,53,63,201,254,31,68,129,0,0,1,0,211,149,1,1,0,87,0,5,84,46,0,0,11,8,21,10,33,0,32,200,32,0,32,30,53,63,28,104,254,5,69,196,211,149,1,53,63,201,254,31,68,129,0,0,1,0,211,149,1,1,0,87,0,139,255,46,0,0,11,8,21,10,33,0,32,200,32,0,32,30,53,63,28,77,254,5,69,196,211,149,1,53,63,201,254,31,68,129,0,0,1,0,211,149,1,1,0,87,0,61,169,47,0,0,11,8,21,10,33,0,32,200,32,0,32,30,53,63,28,172,254,5,69,196,17,195,1,53,63,93,254,28,68,129,0,0,0,4,17,195,2,1,0,87,0,6,148,50,0,0,8,8,146,10,0,0,33,209,49,53,63,28,180,254,5,69,196,17,195,1,53,63,93,254,28,68,129,0,0,0,4,17,195,2,1,0,87,0,93,14,60,0,0,8,8,147,10,0,0,33,184,49,53,63,28,19,254,5,69,196,17,195,1,53,63,93,254,28,68,129,0,0,0,4,17,195,2,1,0,87,0,162,195,69,0,0,8,8,148,10,0,0,33,209,49,53,63,28,54,254,5,69,196,17,195,1,53,63,93,254,28,68,129,0,0,0,4,17,195,2,1,0,87,0,85,222,88,0,0,8,8,149,10,0,0,33,234,49,53,63,28,251,254,5,69,196,17,195,1,53,63,93,254,28,68,129,0,0,0,4,17,195,2,1,0,87,0,209,97,98,0,0,8,8,150,10,0,0,33,4,50,53,63,28,20,254,28,68,129,0,0,2,4,138,128,1,1,0,94,0,46,8,99,0,0,8,24,213,10,0,0,41,57,9,138,128,29,15,254,28,68,129,0,0,5,4,138,128,1,1,0,91,0,56,9,99,0,0,8,24,214,10,0,0,33,166,15,138,128,29,136,254,37,68,129,0,0,3,4,138,128,1,1,0,91,0,67,10,99,0,0,17,24,215,10,0,0,41,215,3,20,0,40,255,16,0,41,105,38,138,128,29,23,254,5,69,196,17,195,1,53,63,93,254,28,68,129,0,0,0,4,17,195,2,1,0,83,0,119,189,112,0,0,8,8,151,10,0,0,33,234,49,53,63,28,148,254,5,69,196,17,195,1,53,63,93,254,28,68,129,0,0,0,4,17,195,2,1,0,83,0,31,65,122,0,0,8,8,152,10,0,0,33,209,49,53,63,28,62,254,1,100,1,0,100,254,3,68,128,0,1,3,197]
[2026-03-12 13:05:11] debug: 	zh:zstack:unpi:parser: --> parsed 5 - 2 - 5 - 196 - [17,195,1,53,63] - 93
[2026-03-12 13:05:11] debug: 	zh:zstack:znp: <-- AREQ: ZDO - srcRtgInd
[2026-03-12 13:05:11] debug: 	zh:zstack:unpi:parser: --- parseNext [254,28,68,129,0,0,0,4,17,195,2,1,0,91,0,97,118,214,0,0,8,8,138,10,0,0,33,47,76,53,63,28,66,254,5,69,196,17,195,1,53,63,93,254,28,68,129,0,0,0,4,17,195,2,1,0,83,0,164,255,223,0,0,8,8,139,10,0,0,33,63,76,53,63,28,30,254,5,69,196,211,149,1,53,63,201,254,25,68,129,0,0,10,0,211,149,1,1,0,87,0,53,147,225,0,0,5,0,20,0,7,0,53,63,28,128,254,5,69,196,211,149,1,53,63,201,254,25,68,129,0,0,10,0,211,149,1,1,0,87,0,157,61,226,0,0,5,0,20,0,7,0,53,63,28,133,254,5,69,196,211,149,1,53,63,201,254,25,68,129,0,0,10,0,211,149,1,1,0,83,0,21,232,226,0,0,5,0,20,0,7,0,53,63,28,220,254,5,69,196,211,149,1,53,63,201,254,25,68,129,0,0,10,0,211,149,1,1,0,87,0,37,147,227,0,0,5,0,20,0,7,0,53,63,28,146,254,5,69,196,211,149,1,53,63,201,254,25,68,129,0,0,10,0,211,149,1,1,0,87,0,208,61,228,0,0,5,0,20,0,7,0,53,63,28,206,254,5,69,196,17,195,1,53,63,93,254,28,68,129,0,0,0,4,17,195,2,1,0,87,0,205,137,233,0,0,8,8,140,10,0,0,33,100,76,53,63,28,111,254,5,69,196,17,195,1,53,63,93,254,28,68,129,0,0,0,4,17,195,2,1,0,83,0,2,11,3,0,0,8,8,141,10,0,0,33,153,76,53,63,28,48,254,5,69,196,17,195,1,53,63,93,254,28,68,129,0,0,0,4,17,195,2,1,0,87,0,54,140,12,0,0,8,8,142,10,0,0,33,198,65,53,63,28,217,254,5,69,196,17,195,1,53,63,93,254,28,68,129,0,0,0,4,17,195,2,1,0,91,0,197,6,22,0,0,8,8,143,10,0,0,33,12,52,53,63,28,8,254,5,69,196,17,195,1,53,63,93,254,28,68,129,0,0,0,4,17,195,2,1,0,83,0,93,144,31,0,0,8,8,144,10,0,0,33,200,50,53,63,28,218,254,5,69,196,17,195,1,53,63,93,254,28,68,129,0,0,0,4,17,195,2,1,0,91,0,64,18,41,0,0,8,8,145,10,0,0,33,29,50,53,63,28,175,254,28,68,129,0,0,2,4,140,102,1,1,0,178,0,253,174,42,0,0,8,24,140,10,0,0,41,164,9,140,102,29,27,254,28,68,129,0,0,5,4,140,102,1,1,0,178,0,243,175,42,0,0,8,24,141,10,0,0,33,243,14,140,102,29,74,254,37,68,129,0,0,3,4,140,102,1,1,0,178,0,214,176,42,0,0,17,24,142,10,0,0,41,215,3,20,0,40,255,16,0,41,106,38,140,102,29,194,254,5,69,196,211,149,1,53,63,201,254,31,68,129,0,0,1,0,211,149,1,1,0,87,0,128,254,44,0,0,11,8,21,10,33,0,32,200,32,0,32,30,53,63,28,69,254,5,69,196,211,149,1,53,63,201,254,31,68,129,0,0,1,0,211,149,1,1,0,87,0,252,169,45,0,0,11,8,21,10,33,0,32,200,32,0,32,30,53,63,28,111,254,5,69,196,211,149,1,53,63,201,254,31,68,129,0,0,1,0,211,149,1,1,0,87,0,5,84,46,0,0,11,8,21,10,33,0,32,200,32,0,32,30,53,63,28,104,254,5,69,196,211,149,1,53,63,201,254,31,68,129,0,0,1,0,211,149,1,1,0,87,0,139,255,46,0,0,11,8,21,10,33,0,32,200,32,0,32,30,53,63,28,77,254,5,69,196,211,149,1,53,63,201,254,31,68,129,0,0,1,0,211,149,1,1,0,87,0,61,169,47,0,0,11,8,21,10,33,0,32,200,32,0,32,30,53,63,28,172,254,5,69,196,17,195,1,53,63,93,254,28,68,129,0,0,0,4,17,195,2,1,0,87,0,6,148,50,0,0,8,8,146,10,0,0,33,209,49,53,63,28,180,254,5,69,196,17,195,1,53,63,93,254,28,68,129,0,0,0,4,17,195,2,1,0,87,0,93,14,60,0,0,8,8,147,10,0,0,33,184,49,53,63,28,19,254,5,69,196,17,195,1,53,63,93,254,28,68,129,0,0,0,4,17,195,2,1,0,87,0,162,195,69,0,0,8,8,148,10,0,0,33,209,49,53,63,28,54,254,5,69,196,17,195,1,53,63,93,254,28,68,129,0,0,0,4,17,195,2,1,0,87,0,85,222,88,0,0,8,8,149,10,0,0,33,234,49,53,63,28,251,254,5,69,196,17,195,1,53,63,93,254,28,68,129,0,0,0,4,17,195,2,1,0,87,0,209,97,98,0,0,8,8,150,10,0,0,33,4,50,53,63,28,20,254,28,68,129,0,0,2,4,138,128,1,1,0,94,0,46,8,99,0,0,8,24,213,10,0,0,41,57,9,138,128,29,15,254,28,68,129,0,0,5,4,138,128,1,1,0,91,0,56,9,99,0,0,8,24,214,10,0,0,33,166,15,138,128,29,136,254,37,68,129,0,0,3,4,138,128,1,1,0,91,0,67,10,99,0,0,17,24,215,10,0,0,41,215,3,20,0,40,255,16,0,41,105,38,138,128,29,23,254,5,69,196,17,195,1,53,63,93,254,28,68,129,0,0,0,4,17,195,2,1,0,83,0,119,189,112,0,0,8,8,151,10,0,0,33,234,49,53,63,28,148,254,5,69,196,17,195,1,53,63,93,254,28,68,129,0,0,0,4,17,195,2,1,0,83,0,31,65,122,0,0,8,8,152,10,0,0,33,209,49,53,63,28,62,254,1,100,1,0,100,254,3,68,128,0,1,3,197]
[2026-03-12 13:05:11] debug: 	zh:zstack:unpi:parser: --> parsed 28 - 2 - 4 - 129 - [0,0,0,4,17,195,2,1,0,91,0,97,118,214,0,0,8,8,138,10,0,0,33,47,76,53,63,28] - 66
[2026-03-12 13:05:11] debug: 	zh:zstack:znp: <-- AREQ: AF - incomingMsg - {"groupid":0,"clusterid":1024,"srcaddr":49937,"srcendpoint":2,"dstendpoint":1,"wasbroadcast":0,"linkquality":91,"securityuse":0,"timestamp":14055009,"transseqnumber":0,"len":8,"data":{"type":"Buffer","data":[8,138,10,0,0,33,47,76]}}
[2026-03-12 13:05:11] debug: 	zh:controller: Received payload: clusterID=1024, address=49937, groupID=0, endpoint=2, destinationEndpoint=1, wasBroadcast=false, linkQuality=91, frame={"header":{"frameControl":{"frameType":0,"manufacturerSpecific":false,"direction":1,"disableDefaultResponse":false,"reservedBits":0},"transactionSequenceNumber":138,"commandIdentifier":10},"payload":[{"attrId":0,"dataType":33,"attrData":19503}],"command":{"ID":10,"name":"report","parameters":[{"name":"attrId","type":9},{"name":"dataType","type":8},{"name":"attrData","type":1000}]}}
[2026-03-12 13:05:11] debug: 	zh:controller:endpoint: ZCL command 0x001788010916738d/2 msIlluminanceMeasurement.defaultRsp({"cmdId":10,"statusCode":0}, {"timeout":10000,"disableResponse":false,"disableRecovery":false,"disableDefaultResponse":true,"direction":1,"reservedBits":0,"transactionSequenceNumber":138,"writeUndiv":false})
[2026-03-12 13:05:11] debug: 	zh:zstack:unpi:parser: --- parseNext [254,5,69,196,17,195,1,53,63,93,254,28,68,129,0,0,0,4,17,195,2,1,0,83,0,164,255,223,0,0,8,8,139,10,0,0,33,63,76,53,63,28,30,254,5,69,196,211,149,1,53,63,201,254,25,68,129,0,0,10,0,211,149,1,1,0,87,0,53,147,225,0,0,5,0,20,0,7,0,53,63,28,128,254,5,69,196,211,149,1,53,63,201,254,25,68,129,0,0,10,0,211,149,1,1,0,87,0,157,61,226,0,0,5,0,20,0,7,0,53,63,28,133,254,5,69,196,211,149,1,53,63,201,254,25,68,129,0,0,10,0,211,149,1,1,0,83,0,21,232,226,0,0,5,0,20,0,7,0,53,63,28,220,254,5,69,196,211,149,1,53,63,201,254,25,68,129,0,0,10,0,211,149,1,1,0,87,0,37,147,227,0,0,5,0,20,0,7,0,53,63,28,146,254,5,69,196,211,149,1,53,63,201,254,25,68,129,0,0,10,0,211,149,1,1,0,87,0,208,61,228,0,0,5,0,20,0,7,0,53,63,28,206,254,5,69,196,17,195,1,53,63,93,254,28,68,129,0,0,0,4,17,195,2,1,0,87,0,205,137,233,0,0,8,8,140,10,0,0,33,100,76,53,63,28,111,254,5,69,196,17,195,1,53,63,93,254,28,68,129,0,0,0,4,17,195,2,1,0,83,0,2,11,3,0,0,8,8,141,10,0,0,33,153,76,53,63,28,48,254,5,69,196,17,195,1,53,63,93,254,28,68,129,0,0,0,4,17,195,2,1,0,87,0,54,140,12,0,0,8,8,142,10,0,0,33,198,65,53,63,28,217,254,5,69,196,17,195,1,53,63,93,254,28,68,129,0,0,0,4,17,195,2,1,0,91,0,197,6,22,0,0,8,8,143,10,0,0,33,12,52,53,63,28,8,254,5,69,196,17,195,1,53,63,93,254,28,68,129,0,0,0,4,17,195,2,1,0,83,0,93,144,31,0,0,8,8,144,10,0,0,33,200,50,53,63,28,218,254,5,69,196,17,195,1,53,63,93,254,28,68,129,0,0,0,4,17,195,2,1,0,91,0,64,18,41,0,0,8,8,145,10,0,0,33,29,50,53,63,28,175,254,28,68,129,0,0,2,4,140,102,1,1,0,178,0,253,174,42,0,0,8,24,140,10,0,0,41,164,9,140,102,29,27,254,28,68,129,0,0,5,4,140,102,1,1,0,178,0,243,175,42,0,0,8,24,141,10,0,0,33,243,14,140,102,29,74,254,37,68,129,0,0,3,4,140,102,1,1,0,178,0,214,176,42,0,0,17,24,142,10,0,0,41,215,3,20,0,40,255,16,0,41,106,38,140,102,29,194,254,5,69,196,211,149,1,53,63,201,254,31,68,129,0,0,1,0,211,149,1,1,0,87,0,128,254,44,0,0,11,8,21,10,33,0,32,200,32,0,32,30,53,63,28,69,254,5,69,196,211,149,1,53,63,201,254,31,68,129,0,0,1,0,211,149,1,1,0,87,0,252,169,45,0,0,11,8,21,10,33,0,32,200,32,0,32,30,53,63,28,111,254,5,69,196,211,149,1,53,63,201,254,31,68,129,0,0,1,0,211,149,1,1,0,87,0,5,84,46,0,0,11,8,21,10,33,0,32,200,32,0,32,30,53,63,28,104,254,5,69,196,211,149,1,53,63,201,254,31,68,129,0,0,1,0,211,149,1,1,0,87,0,139,255,46,0,0,11,8,21,10,33,0,32,200,32,0,32,30,53,63,28,77,254,5,69,196,211,149,1,53,63,201,254,31,68,129,0,0,1,0,211,149,1,1,0,87,0,61,169,47,0,0,11,8,21,10,33,0,32,200,32,0,32,30,53,63,28,172,254,5,69,196,17,195,1,53,63,93,254,28,68,129,0,0,0,4,17,195,2,1,0,87,0,6,148,50,0,0,8,8,146,10,0,0,33,209,49,53,63,28,180,254,5,69,196,17,195,1,53,63,93,254,28,68,129,0,0,0,4,17,195,2,1,0,87,0,93,14,60,0,0,8,8,147,10,0,0,33,184,49,53,63,28,19,254,5,69,196,17,195,1,53,63,93,254,28,68,129,0,0,0,4,17,195,2,1,0,87,0,162,195,69,0,0,8,8,148,10,0,0,33,209,49,53,63,28,54,254,5,69,196,17,195,1,53,63,93,254,28,68,129,0,0,0,4,17,195,2,1,0,87,0,85,222,88,0,0,8,8,149,10,0,0,33,234,49,53,63,28,251,254,5,69,196,17,195,1,53,63,93,254,28,68,129,0,0,0,4,17,195,2,1,0,87,0,209,97,98,0,0,8,8,150,10,0,0,33,4,50,53,63,28,20,254,28,68,129,0,0,2,4,138,128,1,1,0,94,0,46,8,99,0,0,8,24,213,10,0,0,41,57,9,138,128,29,15,254,28,68,129,0,0,5,4,138,128,1,1,0,91,0,56,9,99,0,0,8,24,214,10,0,0,33,166,15,138,128,29,136,254,37,68,129,0,0,3,4,138,128,1,1,0,91,0,67,10,99,0,0,17,24,215,10,0,0,41,215,3,20,0,40,255,16,0,41,105,38,138,128,29,23,254,5,69,196,17,195,1,53,63,93,254,28,68,129,0,0,0,4,17,195,2,1,0,83,0,119,189,112,0,0,8,8,151,10,0,0,33,234,49,53,63,28,148,254,5,69,196,17,195,1,53,63,93,254,28,68,129,0,0,0,4,17,195,2,1,0,83,0,31,65,122,0,0,8,8,152,10,0,0,33,209,49,53,63,28,62,254,1,100,1,0,100,254,3,68,128,0,1,3,197]
[2026-03-12 13:05:11] debug: 	zh:zstack:unpi:parser: --> parsed 5 - 2 - 5 - 196 - [17,195,1,53,63] - 93
[2026-03-12 13:05:11] debug: 	zh:zstack:znp: <-- AREQ: ZDO - srcRtgInd
[2026-03-12 13:05:11] debug: 	zh:zstack:unpi:parser: --- parseNext [254,28,68,129,0,0,0,4,17,195,2,1,0,83,0,164,255,223,0,0,8,8,139,10,0,0,33,63,76,53,63,28,30,254,5,69,196,211,149,1,53,63,201,254,25,68,129,0,0,10,0,211,149,1,1,0,87,0,53,147,225,0,0,5,0,20,0,7,0,53,63,28,128,254,5,69,196,211,149,1,53,63,201,254,25,68,129,0,0,10,0,211,149,1,1,0,87,0,157,61,226,0,0,5,0,20,0,7,0,53,63,28,133,254,5,69,196,211,149,1,53,63,201,254,25,68,129,0,0,10,0,211,149,1,1,0,83,0,21,232,226,0,0,5,0,20,0,7,0,53,63,28,220,254,5,69,196,211,149,1,53,63,201,254,25,68,129,0,0,10,0,211,149,1,1,0,87,0,37,147,227,0,0,5,0,20,0,7,0,53,63,28,146,254,5,69,196,211,149,1,53,63,201,254,25,68,129,0,0,10,0,211,149,1,1,0,87,0,208,61,228,0,0,5,0,20,0,7,0,53,63,28,206,254,5,69,196,17,195,1,53,63,93,254,28,68,129,0,0,0,4,17,195,2,1,0,87,0,205,137,233,0,0,8,8,140,10,0,0,33,100,76,53,63,28,111,254,5,69,196,17,195,1,53,63,93,254,28,68,129,0,0,0,4,17,195,2,1,0,83,0,2,11,3,0,0,8,8,141,10,0,0,33,153,76,53,63,28,48,254,5,69,196,17,195,1,53,63,93,254,28,68,129,0,0,0,4,17,195,2,1,0,87,0,54,140,12,0,0,8,8,142,10,0,0,33,198,65,53,63,28,217,254,5,69,196,17,195,1,53,63,93,254,28,68,129,0,0,0,4,17,195,2,1,0,91,0,197,6,22,0,0,8,8,143,10,0,0,33,12,52,53,63,28,8,254,5,69,196,17,195,1,53,63,93,254,28,68,129,0,0,0,4,17,195,2,1,0,83,0,93,144,31,0,0,8,8,144,10,0,0,33,200,50,53,63,28,218,254,5,69,196,17,195,1,53,63,93,254,28,68,129,0,0,0,4,17,195,2,1,0,91,0,64,18,41,0,0,8,8,145,10,0,0,33,29,50,53,63,28,175,254,28,68,129,0,0,2,4,140,102,1,1,0,178,0,253,174,42,0,0,8,24,140,10,0,0,41,164,9,140,102,29,27,254,28,68,129,0,0,5,4,140,102,1,1,0,178,0,243,175,42,0,0,8,24,141,10,0,0,33,243,14,140,102,29,74,254,37,68,129,0,0,3,4,140,102,1,1,0,178,0,214,176,42,0,0,17,24,142,10,0,0,41,215,3,20,0,40,255,16,0,41,106,38,140,102,29,194,254,5,69,196,211,149,1,53,63,201,254,31,68,129,0,0,1,0,211,149,1,1,0,87,0,128,254,44,0,0,11,8,21,10,33,0,32,200,32,0,32,30,53,63,28,69,254,5,69,196,211,149,1,53,63,201,254,31,68,129,0,0,1,0,211,149,1,1,0,87,0,252,169,45,0,0,11,8,21,10,33,0,32,200,32,0,32,30,53,63,28,111,254,5,69,196,211,149,1,53,63,201,254,31,68,129,0,0,1,0,211,149,1,1,0,87,0,5,84,46,0,0,11,8,21,10,33,0,32,200,32,0,32,30,53,63,28,104,254,5,69,196,211,149,1,53,63,201,254,31,68,129,0,0,1,0,211,149,1,1,0,87,0,139,255,46,0,0,11,8,21,10,33,0,32,200,32,0,32,30,53,63,28,77,254,5,69,196,211,149,1,53,63,201,254,31,68,129,0,0,1,0,211,149,1,1,0,87,0,61,169,47,0,0,11,8,21,10,33,0,32,200,32,0,32,30,53,63,28,172,254,5,69,196,17,195,1,53,63,93,254,28,68,129,0,0,0,4,17,195,2,1,0,87,0,6,148,50,0,0,8,8,146,10,0,0,33,209,49,53,63,28,180,254,5,69,196,17,195,1,53,63,93,254,28,68,129,0,0,0,4,17,195,2,1,0,87,0,93,14,60,0,0,8,8,147,10,0,0,33,184,49,53,63,28,19,254,5,69,196,17,195,1,53,63,93,254,28,68,129,0,0,0,4,17,195,2,1,0,87,0,162,195,69,0,0,8,8,148,10,0,0,33,209,49,53,63,28,54,254,5,69,196,17,195,1,53,63,93,254,28,68,129,0,0,0,4,17,195,2,1,0,87,0,85,222,88,0,0,8,8,149,10,0,0,33,234,49,53,63,28,251,254,5,69,196,17,195,1,53,63,93,254,28,68,129,0,0,0,4,17,195,2,1,0,87,0,209,97,98,0,0,8,8,150,10,0,0,33,4,50,53,63,28,20,254,28,68,129,0,0,2,4,138,128,1,1,0,94,0,46,8,99,0,0,8,24,213,10,0,0,41,57,9,138,128,29,15,254,28,68,129,0,0,5,4,138,128,1,1,0,91,0,56,9,99,0,0,8,24,214,10,0,0,33,166,15,138,128,29,136,254,37,68,129,0,0,3,4,138,128,1,1,0,91,0,67,10,99,0,0,17,24,215,10,0,0,41,215,3,20,0,40,255,16,0,41,105,38,138,128,29,23,254,5,69,196,17,195,1,53,63,93,254,28,68,129,0,0,0,4,17,195,2,1,0,83,0,119,189,112,0,0,8,8,151,10,0,0,33,234,49,53,63,28,148,254,5,69,196,17,195,1,53,63,93,254,28,68,129,0,0,0,4,17,195,2,1,0,83,0,31,65,122,0,0,8,8,152,10,0,0,33,209,49,53,63,28,62,254,1,100,1,0,100,254,3,68,128,0,1,3,197]
[2026-03-12 13:05:11] debug: 	zh:zstack:unpi:parser: --> parsed 28 - 2 - 4 - 129 - [0,0,0,4,17,195,2,1,0,83,0,164,255,223,0,0,8,8,139,10,0,0,33,63,76,53,63,28] - 30
[2026-03-12 13:05:11] debug: 	zh:zstack:znp: <-- AREQ: AF - incomingMsg - {"groupid":0,"clusterid":1024,"srcaddr":49937,"srcendpoint":2,"dstendpoint":1,"wasbroadcast":0,"linkquality":83,"securityuse":0,"timestamp":14679972,"transseqnumber":0,"len":8,"data":{"type":"Buffer","data":[8,139,10,0,0,33,63,76]}}
[2026-03-12 13:05:11] debug: 	zh:controller: Received payload: clusterID=1024, address=49937, groupID=0, endpoint=2, destinationEndpoint=1, wasBroadcast=false, linkQuality=83, frame={"header":{"frameControl":{"frameType":0,"manufacturerSpecific":false,"direction":1,"disableDefaultResponse":false,"reservedBits":0},"transactionSequenceNumber":139,"commandIdentifier":10},"payload":[{"attrId":0,"dataType":33,"attrData":19519}],"command":{"ID":10,"name":"report","parameters":[{"name":"attrId","type":9},{"name":"dataType","type":8},{"name":"attrData","type":1000}]}}
[2026-03-12 13:05:11] debug: 	zh:controller:endpoint: ZCL command 0x001788010916738d/2 msIlluminanceMeasurement.defaultRsp({"cmdId":10,"statusCode":0}, {"timeout":10000,"disableResponse":false,"disableRecovery":false,"disableDefaultResponse":true,"direction":1,"reservedBits":0,"transactionSequenceNumber":139,"writeUndiv":false})
[2026-03-12 13:05:11] debug: 	zh:zstack:unpi:parser: --- parseNext [254,5,69,196,211,149,1,53,63,201,254,25,68,129,0,0,10,0,211,149,1,1,0,87,0,53,147,225,0,0,5,0,20,0,7,0,53,63,28,128,254,5,69,196,211,149,1,53,63,201,254,25,68,129,0,0,10,0,211,149,1,1,0,87,0,157,61,226,0,0,5,0,20,0,7,0,53,63,28,133,254,5,69,196,211,149,1,53,63,201,254,25,68,129,0,0,10,0,211,149,1,1,0,83,0,21,232,226,0,0,5,0,20,0,7,0,53,63,28,220,254,5,69,196,211,149,1,53,63,201,254,25,68,129,0,0,10,0,211,149,1,1,0,87,0,37,147,227,0,0,5,0,20,0,7,0,53,63,28,146,254,5,69,196,211,149,1,53,63,201,254,25,68,129,0,0,10,0,211,149,1,1,0,87,0,208,61,228,0,0,5,0,20,0,7,0,53,63,28,206,254,5,69,196,17,195,1,53,63,93,254,28,68,129,0,0,0,4,17,195,2,1,0,87,0,205,137,233,0,0,8,8,140,10,0,0,33,100,76,53,63,28,111,254,5,69,196,17,195,1,53,63,93,254,28,68,129,0,0,0,4,17,195,2,1,0,83,0,2,11,3,0,0,8,8,141,10,0,0,33,153,76,53,63,28,48,254,5,69,196,17,195,1,53,63,93,254,28,68,129,0,0,0,4,17,195,2,1,0,87,0,54,140,12,0,0,8,8,142,10,0,0,33,198,65,53,63,28,217,254,5,69,196,17,195,1,53,63,93,254,28,68,129,0,0,0,4,17,195,2,1,0,91,0,197,6,22,0,0,8,8,143,10,0,0,33,12,52,53,63,28,8,254,5,69,196,17,195,1,53,63,93,254,28,68,129,0,0,0,4,17,195,2,1,0,83,0,93,144,31,0,0,8,8,144,10,0,0,33,200,50,53,63,28,218,254,5,69,196,17,195,1,53,63,93,254,28,68,129,0,0,0,4,17,195,2,1,0,91,0,64,18,41,0,0,8,8,145,10,0,0,33,29,50,53,63,28,175,254,28,68,129,0,0,2,4,140,102,1,1,0,178,0,253,174,42,0,0,8,24,140,10,0,0,41,164,9,140,102,29,27,254,28,68,129,0,0,5,4,140,102,1,1,0,178,0,243,175,42,0,0,8,24,141,10,0,0,33,243,14,140,102,29,74,254,37,68,129,0,0,3,4,140,102,1,1,0,178,0,214,176,42,0,0,17,24,142,10,0,0,41,215,3,20,0,40,255,16,0,41,106,38,140,102,29,194,254,5,69,196,211,149,1,53,63,201,254,31,68,129,0,0,1,0,211,149,1,1,0,87,0,128,254,44,0,0,11,8,21,10,33,0,32,200,32,0,32,30,53,63,28,69,254,5,69,196,211,149,1,53,63,201,254,31,68,129,0,0,1,0,211,149,1,1,0,87,0,252,169,45,0,0,11,8,21,10,33,0,32,200,32,0,32,30,53,63,28,111,254,5,69,196,211,149,1,53,63,201,254,31,68,129,0,0,1,0,211,149,1,1,0,87,0,5,84,46,0,0,11,8,21,10,33,0,32,200,32,0,32,30,53,63,28,104,254,5,69,196,211,149,1,53,63,201,254,31,68,129,0,0,1,0,211,149,1,1,0,87,0,139,255,46,0,0,11,8,21,10,33,0,32,200,32,0,32,30,53,63,28,77,254,5,69,196,211,149,1,53,63,201,254,31,68,129,0,0,1,0,211,149,1,1,0,87,0,61,169,47,0,0,11,8,21,10,33,0,32,200,32,0,32,30,53,63,28,172,254,5,69,196,17,195,1,53,63,93,254,28,68,129,0,0,0,4,17,195,2,1,0,87,0,6,148,50,0,0,8,8,146,10,0,0,33,209,49,53,63,28,180,254,5,69,196,17,195,1,53,63,93,254,28,68,129,0,0,0,4,17,195,2,1,0,87,0,93,14,60,0,0,8,8,147,10,0,0,33,184,49,53,63,28,19,254,5,69,196,17,195,1,53,63,93,254,28,68,129,0,0,0,4,17,195,2,1,0,87,0,162,195,69,0,0,8,8,148,10,0,0,33,209,49,53,63,28,54,254,5,69,196,17,195,1,53,63,93,254,28,68,129,0,0,0,4,17,195,2,1,0,87,0,85,222,88,0,0,8,8,149,10,0,0,33,234,49,53,63,28,251,254,5,69,196,17,195,1,53,63,93,254,28,68,129,0,0,0,4,17,195,2,1,0,87,0,209,97,98,0,0,8,8,150,10,0,0,33,4,50,53,63,28,20,254,28,68,129,0,0,2,4,138,128,1,1,0,94,0,46,8,99,0,0,8,24,213,10,0,0,41,57,9,138,128,29,15,254,28,68,129,0,0,5,4,138,128,1,1,0,91,0,56,9,99,0,0,8,24,214,10,0,0,33,166,15,138,128,29,136,254,37,68,129,0,0,3,4,138,128,1,1,0,91,0,67,10,99,0,0,17,24,215,10,0,0,41,215,3,20,0,40,255,16,0,41,105,38,138,128,29,23,254,5,69,196,17,195,1,53,63,93,254,28,68,129,0,0,0,4,17,195,2,1,0,83,0,119,189,112,0,0,8,8,151,10,0,0,33,234,49,53,63,28,148,254,5,69,196,17,195,1,53,63,93,254,28,68,129,0,0,0,4,17,195,2,1,0,83,0,31,65,122,0,0,8,8,152,10,0,0,33,209,49,53,63,28,62,254,1,100,1,0,100,254,3,68,128,0,1,3,197]
[2026-03-12 13:05:11] debug: 	zh:zstack:unpi:parser: --> parsed 5 - 2 - 5 - 196 - [211,149,1,53,63] - 201
[2026-03-12 13:05:11] debug: 	zh:zstack:znp: <-- AREQ: ZDO - srcRtgInd
[2026-03-12 13:05:11] debug: 	zh:zstack:unpi:parser: --- parseNext [254,25,68,129,0,0,10,0,211,149,1,1,0,87,0,53,147,225,0,0,5,0,20,0,7,0,53,63,28,128,254,5,69,196,211,149,1,53,63,201,254,25,68,129,0,0,10,0,211,149,1,1,0,87,0,157,61,226,0,0,5,0,20,0,7,0,53,63,28,133,254,5,69,196,211,149,1,53,63,201,254,25,68,129,0,0,10,0,211,149,1,1,0,83,0,21,232,226,0,0,5,0,20,0,7,0,53,63,28,220,254,5,69,196,211,149,1,53,63,201,254,25,68,129,0,0,10,0,211,149,1,1,0,87,0,37,147,227,0,0,5,0,20,0,7,0,53,63,28,146,254,5,69,196,211,149,1,53,63,201,254,25,68,129,0,0,10,0,211,149,1,1,0,87,0,208,61,228,0,0,5,0,20,0,7,0,53,63,28,206,254,5,69,196,17,195,1,53,63,93,254,28,68,129,0,0,0,4,17,195,2,1,0,87,0,205,137,233,0,0,8,8,140,10,0,0,33,100,76,53,63,28,111,254,5,69,196,17,195,1,53,63,93,254,28,68,129,0,0,0,4,17,195,2,1,0,83,0,2,11,3,0,0,8,8,141,10,0,0,33,153,76,53,63,28,48,254,5,69,196,17,195,1,53,63,93,254,28,68,129,0,0,0,4,17,195,2,1,0,87,0,54,140,12,0,0,8,8,142,10,0,0,33,198,65,53,63,28,217,254,5,69,196,17,195,1,53,63,93,254,28,68,129,0,0,0,4,17,195,2,1,0,91,0,197,6,22,0,0,8,8,143,10,0,0,33,12,52,53,63,28,8,254,5,69,196,17,195,1,53,63,93,254,28,68,129,0,0,0,4,17,195,2,1,0,83,0,93,144,31,0,0,8,8,144,10,0,0,33,200,50,53,63,28,218,254,5,69,196,17,195,1,53,63,93,254,28,68,129,0,0,0,4,17,195,2,1,0,91,0,64,18,41,0,0,8,8,145,10,0,0,33,29,50,53,63,28,175,254,28,68,129,0,0,2,4,140,102,1,1,0,178,0,253,174,42,0,0,8,24,140,10,0,0,41,164,9,140,102,29,27,254,28,68,129,0,0,5,4,140,102,1,1,0,178,0,243,175,42,0,0,8,24,141,10,0,0,33,243,14,140,102,29,74,254,37,68,129,0,0,3,4,140,102,1,1,0,178,0,214,176,42,0,0,17,24,142,10,0,0,41,215,3,20,0,40,255,16,0,41,106,38,140,102,29,194,254,5,69,196,211,149,1,53,63,201,254,31,68,129,0,0,1,0,211,149,1,1,0,87,0,128,254,44,0,0,11,8,21,10,33,0,32,200,32,0,32,30,53,63,28,69,254,5,69,196,211,149,1,53,63,201,254,31,68,129,0,0,1,0,211,149,1,1,0,87,0,252,169,45,0,0,11,8,21,10,33,0,32,200,32,0,32,30,53,63,28,111,254,5,69,196,211,149,1,53,63,201,254,31,68,129,0,0,1,0,211,149,1,1,0,87,0,5,84,46,0,0,11,8,21,10,33,0,32,200,32,0,32,30,53,63,28,104,254,5,69,196,211,149,1,53,63,201,254,31,68,129,0,0,1,0,211,149,1,1,0,87,0,139,255,46,0,0,11,8,21,10,33,0,32,200,32,0,32,30,53,63,28,77,254,5,69,196,211,149,1,53,63,201,254,31,68,129,0,0,1,0,211,149,1,1,0,87,0,61,169,47,0,0,11,8,21,10,33,0,32,200,32,0,32,30,53,63,28,172,254,5,69,196,17,195,1,53,63,93,254,28,68,129,0,0,0,4,17,195,2,1,0,87,0,6,148,50,0,0,8,8,146,10,0,0,33,209,49,53,63,28,180,254,5,69,196,17,195,1,53,63,93,254,28,68,129,0,0,0,4,17,195,2,1,0,87,0,93,14,60,0,0,8,8,147,10,0,0,33,184,49,53,63,28,19,254,5,69,196,17,195,1,53,63,93,254,28,68,129,0,0,0,4,17,195,2,1,0,87,0,162,195,69,0,0,8,8,148,10,0,0,33,209,49,53,63,28,54,254,5,69,196,17,195,1,53,63,93,254,28,68,129,0,0,0,4,17,195,2,1,0,87,0,85,222,88,0,0,8,8,149,10,0,0,33,234,49,53,63,28,251,254,5,69,196,17,195,1,53,63,93,254,28,68,129,0,0,0,4,17,195,2,1,0,87,0,209,97,98,0,0,8,8,150,10,0,0,33,4,50,53,63,28,20,254,28,68,129,0,0,2,4,138,128,1,1,0,94,0,46,8,99,0,0,8,24,213,10,0,0,41,57,9,138,128,29,15,254,28,68,129,0,0,5,4,138,128,1,1,0,91,0,56,9,99,0,0,8,24,214,10,0,0,33,166,15,138,128,29,136,254,37,68,129,0,0,3,4,138,128,1,1,0,91,0,67,10,99,0,0,17,24,215,10,0,0,41,215,3,20,0,40,255,16,0,41,105,38,138,128,29,23,254,5,69,196,17,195,1,53,63,93,254,28,68,129,0,0,0,4,17,195,2,1,0,83,0,119,189,112,0,0,8,8,151,10,0,0,33,234,49,53,63,28,148,254,5,69,196,17,195,1,53,63,93,254,28,68,129,0,0,0,4,17,195,2,1,0,83,0,31,65,122,0,0,8,8,152,10,0,0,33,209,49,53,63,28,62,254,1,100,1,0,100,254,3,68,128,0,1,3,197]
[2026-03-12 13:05:11] debug: 	zh:zstack:unpi:parser: --> parsed 25 - 2 - 4 - 129 - [0,0,10,0,211,149,1,1,0,87,0,53,147,225,0,0,5,0,20,0,7,0,53,63,28] - 128
[2026-03-12 13:05:11] debug: 	zh:zstack:znp: <-- AREQ: AF - incomingMsg - {"groupid":0,"clusterid":10,"srcaddr":38355,"srcendpoint":1,"dstendpoint":1,"wasbroadcast":0,"linkquality":87,"securityuse":0,"timestamp":14783285,"transseqnumber":0,"len":5,"data":{"type":"Buffer","data":[0,20,0,7,0]}}
[2026-03-12 13:05:11] debug: 	zh:controller: Received payload: clusterID=10, address=38355, groupID=0, endpoint=1, destinationEndpoint=1, wasBroadcast=false, linkQuality=87, frame={"header":{"frameControl":{"frameType":0,"manufacturerSpecific":false,"direction":0,"disableDefaultResponse":false,"reservedBits":0},"transactionSequenceNumber":20,"commandIdentifier":0},"payload":[{"attrId":7}],"command":{"ID":0,"name":"read","parameters":[{"name":"attrId","type":9}],"response":1}}
[2026-03-12 13:05:11] debug: 	zh:controller:endpoint: ZCL command 0x2c1165fffe2d42b7/1 genTime.readRsp({"localTime":826635910}, {"timeout":10000,"disableResponse":false,"disableRecovery":false,"disableDefaultResponse":true,"direction":1,"srcEndpoint":1,"reservedBits":0,"transactionSequenceNumber":20,"writeUndiv":false})
[2026-03-12 13:05:11] debug: 	zh:zstack: sendZclFrameToEndpointInternal 0x2c1165fffe2d42b7:38355/1 (0,0,52)
[2026-03-12 13:05:11] debug: 	zh:zstack:znp: --> SREQ: AF - dataRequest - {"dstaddr":38355,"destendpoint":1,"srcendpoint":1,"clusterid":10,"transid":4,"options":0,"radius":30,"len":11,"data":{"type":"Buffer","data":[24,20,1,7,0,0,35,134,118,69,49]}}
[2026-03-12 13:05:11] debug: 	zh:zstack:unpi:writer: --> frame [254,21,36,1,211,149,1,1,10,0,4,0,30,11,24,20,1,7,0,0,35,134,118,69,49,192]
[2026-03-12 13:05:11] debug: 	zh:zstack:unpi:parser: --- parseNext [254,5,69,196,211,149,1,53,63,201,254,25,68,129,0,0,10,0,211,149,1,1,0,87,0,157,61,226,0,0,5,0,20,0,7,0,53,63,28,133,254,5,69,196,211,149,1,53,63,201,254,25,68,129,0,0,10,0,211,149,1,1,0,83,0,21,232,226,0,0,5,0,20,0,7,0,53,63,28,220,254,5,69,196,211,149,1,53,63,201,254,25,68,129,0,0,10,0,211,149,1,1,0,87,0,37,147,227,0,0,5,0,20,0,7,0,53,63,28,146,254,5,69,196,211,149,1,53,63,201,254,25,68,129,0,0,10,0,211,149,1,1,0,87,0,208,61,228,0,0,5,0,20,0,7,0,53,63,28,206,254,5,69,196,17,195,1,53,63,93,254,28,68,129,0,0,0,4,17,195,2,1,0,87,0,205,137,233,0,0,8,8,140,10,0,0,33,100,76,53,63,28,111,254,5,69,196,17,195,1,53,63,93,254,28,68,129,0,0,0,4,17,195,2,1,0,83,0,2,11,3,0,0,8,8,141,10,0,0,33,153,76,53,63,28,48,254,5,69,196,17,195,1,53,63,93,254,28,68,129,0,0,0,4,17,195,2,1,0,87,0,54,140,12,0,0,8,8,142,10,0,0,33,198,65,53,63,28,217,254,5,69,196,17,195,1,53,63,93,254,28,68,129,0,0,0,4,17,195,2,1,0,91,0,197,6,22,0,0,8,8,143,10,0,0,33,12,52,53,63,28,8,254,5,69,196,17,195,1,53,63,93,254,28,68,129,0,0,0,4,17,195,2,1,0,83,0,93,144,31,0,0,8,8,144,10,0,0,33,200,50,53,63,28,218,254,5,69,196,17,195,1,53,63,93,254,28,68,129,0,0,0,4,17,195,2,1,0,91,0,64,18,41,0,0,8,8,145,10,0,0,33,29,50,53,63,28,175,254,28,68,129,0,0,2,4,140,102,1,1,0,178,0,253,174,42,0,0,8,24,140,10,0,0,41,164,9,140,102,29,27,254,28,68,129,0,0,5,4,140,102,1,1,0,178,0,243,175,42,0,0,8,24,141,10,0,0,33,243,14,140,102,29,74,254,37,68,129,0,0,3,4,140,102,1,1,0,178,0,214,176,42,0,0,17,24,142,10,0,0,41,215,3,20,0,40,255,16,0,41,106,38,140,102,29,194,254,5,69,196,211,149,1,53,63,201,254,31,68,129,0,0,1,0,211,149,1,1,0,87,0,128,254,44,0,0,11,8,21,10,33,0,32,200,32,0,32,30,53,63,28,69,254,5,69,196,211,149,1,53,63,201,254,31,68,129,0,0,1,0,211,149,1,1,0,87,0,252,169,45,0,0,11,8,21,10,33,0,32,200,32,0,32,30,53,63,28,111,254,5,69,196,211,149,1,53,63,201,254,31,68,129,0,0,1,0,211,149,1,1,0,87,0,5,84,46,0,0,11,8,21,10,33,0,32,200,32,0,32,30,53,63,28,104,254,5,69,196,211,149,1,53,63,201,254,31,68,129,0,0,1,0,211,149,1,1,0,87,0,139,255,46,0,0,11,8,21,10,33,0,32,200,32,0,32,30,53,63,28,77,254,5,69,196,211,149,1,53,63,201,254,31,68,129,0,0,1,0,211,149,1,1,0,87,0,61,169,47,0,0,11,8,21,10,33,0,32,200,32,0,32,30,53,63,28,172,254,5,69,196,17,195,1,53,63,93,254,28,68,129,0,0,0,4,17,195,2,1,0,87,0,6,148,50,0,0,8,8,146,10,0,0,33,209,49,53,63,28,180,254,5,69,196,17,195,1,53,63,93,254,28,68,129,0,0,0,4,17,195,2,1,0,87,0,93,14,60,0,0,8,8,147,10,0,0,33,184,49,53,63,28,19,254,5,69,196,17,195,1,53,63,93,254,28,68,129,0,0,0,4,17,195,2,1,0,87,0,162,195,69,0,0,8,8,148,10,0,0,33,209,49,53,63,28,54,254,5,69,196,17,195,1,53,63,93,254,28,68,129,0,0,0,4,17,195,2,1,0,87,0,85,222,88,0,0,8,8,149,10,0,0,33,234,49,53,63,28,251,254,5,69,196,17,195,1,53,63,93,254,28,68,129,0,0,0,4,17,195,2,1,0,87,0,209,97,98,0,0,8,8,150,10,0,0,33,4,50,53,63,28,20,254,28,68,129,0,0,2,4,138,128,1,1,0,94,0,46,8,99,0,0,8,24,213,10,0,0,41,57,9,138,128,29,15,254,28,68,129,0,0,5,4,138,128,1,1,0,91,0,56,9,99,0,0,8,24,214,10,0,0,33,166,15,138,128,29,136,254,37,68,129,0,0,3,4,138,128,1,1,0,91,0,67,10,99,0,0,17,24,215,10,0,0,41,215,3,20,0,40,255,16,0,41,105,38,138,128,29,23,254,5,69,196,17,195,1,53,63,93,254,28,68,129,0,0,0,4,17,195,2,1,0,83,0,119,189,112,0,0,8,8,151,10,0,0,33,234,49,53,63,28,148,254,5,69,196,17,195,1,53,63,93,254,28,68,129,0,0,0,4,17,195,2,1,0,83,0,31,65,122,0,0,8,8,152,10,0,0,33,209,49,53,63,28,62,254,1,100,1,0,100,254,3,68,128,0,1,3,197]
[2026-03-12 13:05:11] debug: 	zh:zstack:unpi:parser: --> parsed 5 - 2 - 5 - 196 - [211,149,1,53,63] - 201
[2026-03-12 13:05:11] debug: 	zh:zstack:znp: <-- AREQ: ZDO - srcRtgInd
[2026-03-12 13:05:11] debug: 	zh:zstack:unpi:parser: --- parseNext [254,25,68,129,0,0,10,0,211,149,1,1,0,87,0,157,61,226,0,0,5,0,20,0,7,0,53,63,28,133,254,5,69,196,211,149,1,53,63,201,254,25,68,129,0,0,10,0,211,149,1,1,0,83,0,21,232,226,0,0,5,0,20,0,7,0,53,63,28,220,254,5,69,196,211,149,1,53,63,201,254,25,68,129,0,0,10,0,211,149,1,1,0,87,0,37,147,227,0,0,5,0,20,0,7,0,53,63,28,146,254,5,69,196,211,149,1,53,63,201,254,25,68,129,0,0,10,0,211,149,1,1,0,87,0,208,61,228,0,0,5,0,20,0,7,0,53,63,28,206,254,5,69,196,17,195,1,53,63,93,254,28,68,129,0,0,0,4,17,195,2,1,0,87,0,205,137,233,0,0,8,8,140,10,0,0,33,100,76,53,63,28,111,254,5,69,196,17,195,1,53,63,93,254,28,68,129,0,0,0,4,17,195,2,1,0,83,0,2,11,3,0,0,8,8,141,10,0,0,33,153,76,53,63,28,48,254,5,69,196,17,195,1,53,63,93,254,28,68,129,0,0,0,4,17,195,2,1,0,87,0,54,140,12,0,0,8,8,142,10,0,0,33,198,65,53,63,28,217,254,5,69,196,17,195,1,53,63,93,254,28,68,129,0,0,0,4,17,195,2,1,0,91,0,197,6,22,0,0,8,8,143,10,0,0,33,12,52,53,63,28,8,254,5,69,196,17,195,1,53,63,93,254,28,68,129,0,0,0,4,17,195,2,1,0,83,0,93,144,31,0,0,8,8,144,10,0,0,33,200,50,53,63,28,218,254,5,69,196,17,195,1,53,63,93,254,28,68,129,0,0,0,4,17,195,2,1,0,91,0,64,18,41,0,0,8,8,145,10,0,0,33,29,50,53,63,28,175,254,28,68,129,0,0,2,4,140,102,1,1,0,178,0,253,174,42,0,0,8,24,140,10,0,0,41,164,9,140,102,29,27,254,28,68,129,0,0,5,4,140,102,1,1,0,178,0,243,175,42,0,0,8,24,141,10,0,0,33,243,14,140,102,29,74,254,37,68,129,0,0,3,4,140,102,1,1,0,178,0,214,176,42,0,0,17,24,142,10,0,0,41,215,3,20,0,40,255,16,0,41,106,38,140,102,29,194,254,5,69,196,211,149,1,53,63,201,254,31,68,129,0,0,1,0,211,149,1,1,0,87,0,128,254,44,0,0,11,8,21,10,33,0,32,200,32,0,32,30,53,63,28,69,254,5,69,196,211,149,1,53,63,201,254,31,68,129,0,0,1,0,211,149,1,1,0,87,0,252,169,45,0,0,11,8,21,10,33,0,32,200,32,0,32,30,53,63,28,111,254,5,69,196,211,149,1,53,63,201,254,31,68,129,0,0,1,0,211,149,1,1,0,87,0,5,84,46,0,0,11,8,21,10,33,0,32,200,32,0,32,30,53,63,28,104,254,5,69,196,211,149,1,53,63,201,254,31,68,129,0,0,1,0,211,149,1,1,0,87,0,139,255,46,0,0,11,8,21,10,33,0,32,200,32,0,32,30,53,63,28,77,254,5,69,196,211,149,1,53,63,201,254,31,68,129,0,0,1,0,211,149,1,1,0,87,0,61,169,47,0,0,11,8,21,10,33,0,32,200,32,0,32,30,53,63,28,172,254,5,69,196,17,195,1,53,63,93,254,28,68,129,0,0,0,4,17,195,2,1,0,87,0,6,148,50,0,0,8,8,146,10,0,0,33,209,49,53,63,28,180,254,5,69,196,17,195,1,53,63,93,254,28,68,129,0,0,0,4,17,195,2,1,0,87,0,93,14,60,0,0,8,8,147,10,0,0,33,184,49,53,63,28,19,254,5,69,196,17,195,1,53,63,93,254,28,68,129,0,0,0,4,17,195,2,1,0,87,0,162,195,69,0,0,8,8,148,10,0,0,33,209,49,53,63,28,54,254,5,69,196,17,195,1,53,63,93,254,28,68,129,0,0,0,4,17,195,2,1,0,87,0,85,222,88,0,0,8,8,149,10,0,0,33,234,49,53,63,28,251,254,5,69,196,17,195,1,53,63,93,254,28,68,129,0,0,0,4,17,195,2,1,0,87,0,209,97,98,0,0,8,8,150,10,0,0,33,4,50,53,63,28,20,254,28,68,129,0,0,2,4,138,128,1,1,0,94,0,46,8,99,0,0,8,24,213,10,0,0,41,57,9,138,128,29,15,254,28,68,129,0,0,5,4,138,128,1,1,0,91,0,56,9,99,0,0,8,24,214,10,0,0,33,166,15,138,128,29,136,254,37,68,129,0,0,3,4,138,128,1,1,0,91,0,67,10,99,0,0,17,24,215,10,0,0,41,215,3,20,0,40,255,16,0,41,105,38,138,128,29,23,254,5,69,196,17,195,1,53,63,93,254,28,68,129,0,0,0,4,17,195,2,1,0,83,0,119,189,112,0,0,8,8,151,10,0,0,33,234,49,53,63,28,148,254,5,69,196,17,195,1,53,63,93,254,28,68,129,0,0,0,4,17,195,2,1,0,83,0,31,65,122,0,0,8,8,152,10,0,0,33,209,49,53,63,28,62,254,1,100,1,0,100,254,3,68,128,0,1,3,197]
[2026-03-12 13:05:11] debug: 	zh:zstack:unpi:parser: --> parsed 25 - 2 - 4 - 129 - [0,0,10,0,211,149,1,1,0,87,0,157,61,226,0,0,5,0,20,0,7,0,53,63,28] - 133
[2026-03-12 13:05:11] debug: 	zh:zstack:znp: <-- AREQ: AF - incomingMsg - {"groupid":0,"clusterid":10,"srcaddr":38355,"srcendpoint":1,"dstendpoint":1,"wasbroadcast":0,"linkquality":87,"securityuse":0,"timestamp":14826909,"transseqnumber":0,"len":5,"data":{"type":"Buffer","data":[0,20,0,7,0]}}
[2026-03-12 13:05:11] debug: 	zh:controller: Received payload: clusterID=10, address=38355, groupID=0, endpoint=1, destinationEndpoint=1, wasBroadcast=false, linkQuality=87, frame={"header":{"frameControl":{"frameType":0,"manufacturerSpecific":false,"direction":0,"disableDefaultResponse":false,"reservedBits":0},"transactionSequenceNumber":20,"commandIdentifier":0},"payload":[{"attrId":7}],"command":{"ID":0,"name":"read","parameters":[{"name":"attrId","type":9}],"response":1}}
[2026-03-12 13:05:11] debug: 	zh:controller:endpoint: ZCL command 0x2c1165fffe2d42b7/1 genTime.readRsp({"localTime":826635910}, {"timeout":10000,"disableResponse":false,"disableRecovery":false,"disableDefaultResponse":true,"direction":1,"srcEndpoint":1,"reservedBits":0,"transactionSequenceNumber":20,"writeUndiv":false})
[2026-03-12 13:05:11] debug: 	zh:zstack:unpi:parser: --- parseNext [254,5,69,196,211,149,1,53,63,201,254,25,68,129,0,0,10,0,211,149,1,1,0,83,0,21,232,226,0,0,5,0,20,0,7,0,53,63,28,220,254,5,69,196,211,149,1,53,63,201,254,25,68,129,0,0,10,0,211,149,1,1,0,87,0,37,147,227,0,0,5,0,20,0,7,0,53,63,28,146,254,5,69,196,211,149,1,53,63,201,254,25,68,129,0,0,10,0,211,149,1,1,0,87,0,208,61,228,0,0,5,0,20,0,7,0,53,63,28,206,254,5,69,196,17,195,1,53,63,93,254,28,68,129,0,0,0,4,17,195,2,1,0,87,0,205,137,233,0,0,8,8,140,10,0,0,33,100,76,53,63,28,111,254,5,69,196,17,195,1,53,63,93,254,28,68,129,0,0,0,4,17,195,2,1,0,83,0,2,11,3,0,0,8,8,141,10,0,0,33,153,76,53,63,28,48,254,5,69,196,17,195,1,53,63,93,254,28,68,129,0,0,0,4,17,195,2,1,0,87,0,54,140,12,0,0,8,8,142,10,0,0,33,198,65,53,63,28,217,254,5,69,196,17,195,1,53,63,93,254,28,68,129,0,0,0,4,17,195,2,1,0,91,0,197,6,22,0,0,8,8,143,10,0,0,33,12,52,53,63,28,8,254,5,69,196,17,195,1,53,63,93,254,28,68,129,0,0,0,4,17,195,2,1,0,83,0,93,144,31,0,0,8,8,144,10,0,0,33,200,50,53,63,28,218,254,5,69,196,17,195,1,53,63,93,254,28,68,129,0,0,0,4,17,195,2,1,0,91,0,64,18,41,0,0,8,8,145,10,0,0,33,29,50,53,63,28,175,254,28,68,129,0,0,2,4,140,102,1,1,0,178,0,253,174,42,0,0,8,24,140,10,0,0,41,164,9,140,102,29,27,254,28,68,129,0,0,5,4,140,102,1,1,0,178,0,243,175,42,0,0,8,24,141,10,0,0,33,243,14,140,102,29,74,254,37,68,129,0,0,3,4,140,102,1,1,0,178,0,214,176,42,0,0,17,24,142,10,0,0,41,215,3,20,0,40,255,16,0,41,106,38,140,102,29,194,254,5,69,196,211,149,1,53,63,201,254,31,68,129,0,0,1,0,211,149,1,1,0,87,0,128,254,44,0,0,11,8,21,10,33,0,32,200,32,0,32,30,53,63,28,69,254,5,69,196,211,149,1,53,63,201,254,31,68,129,0,0,1,0,211,149,1,1,0,87,0,252,169,45,0,0,11,8,21,10,33,0,32,200,32,0,32,30,53,63,28,111,254,5,69,196,211,149,1,53,63,201,254,31,68,129,0,0,1,0,211,149,1,1,0,87,0,5,84,46,0,0,11,8,21,10,33,0,32,200,32,0,32,30,53,63,28,104,254,5,69,196,211,149,1,53,63,201,254,31,68,129,0,0,1,0,211,149,1,1,0,87,0,139,255,46,0,0,11,8,21,10,33,0,32,200,32,0,32,30,53,63,28,77,254,5,69,196,211,149,1,53,63,201,254,31,68,129,0,0,1,0,211,149,1,1,0,87,0,61,169,47,0,0,11,8,21,10,33,0,32,200,32,0,32,30,53,63,28,172,254,5,69,196,17,195,1,53,63,93,254,28,68,129,0,0,0,4,17,195,2,1,0,87,0,6,148,50,0,0,8,8,146,10,0,0,33,209,49,53,63,28,180,254,5,69,196,17,195,1,53,63,93,254,28,68,129,0,0,0,4,17,195,2,1,0,87,0,93,14,60,0,0,8,8,147,10,0,0,33,184,49,53,63,28,19,254,5,69,196,17,195,1,53,63,93,254,28,68,129,0,0,0,4,17,195,2,1,0,87,0,162,195,69,0,0,8,8,148,10,0,0,33,209,49,53,63,28,54,254,5,69,196,17,195,1,53,63,93,254,28,68,129,0,0,0,4,17,195,2,1,0,87,0,85,222,88,0,0,8,8,149,10,0,0,33,234,49,53,63,28,251,254,5,69,196,17,195,1,53,63,93,254,28,68,129,0,0,0,4,17,195,2,1,0,87,0,209,97,98,0,0,8,8,150,10,0,0,33,4,50,53,63,28,20,254,28,68,129,0,0,2,4,138,128,1,1,0,94,0,46,8,99,0,0,8,24,213,10,0,0,41,57,9,138,128,29,15,254,28,68,129,0,0,5,4,138,128,1,1,0,91,0,56,9,99,0,0,8,24,214,10,0,0,33,166,15,138,128,29,136,254,37,68,129,0,0,3,4,138,128,1,1,0,91,0,67,10,99,0,0,17,24,215,10,0,0,41,215,3,20,0,40,255,16,0,41,105,38,138,128,29,23,254,5,69,196,17,195,1,53,63,93,254,28,68,129,0,0,0,4,17,195,2,1,0,83,0,119,189,112,0,0,8,8,151,10,0,0,33,234,49,53,63,28,148,254,5,69,196,17,195,1,53,63,93,254,28,68,129,0,0,0,4,17,195,2,1,0,83,0,31,65,122,0,0,8,8,152,10,0,0,33,209,49,53,63,28,62,254,1,100,1,0,100,254,3,68,128,0,1,3,197]
[2026-03-12 13:05:11] debug: 	zh:zstack:unpi:parser: --> parsed 5 - 2 - 5 - 196 - [211,149,1,53,63] - 201
[2026-03-12 13:05:11] debug: 	zh:zstack:znp: <-- AREQ: ZDO - srcRtgInd
[2026-03-12 13:05:11] debug: 	zh:zstack:unpi:parser: --- parseNext [254,25,68,129,0,0,10,0,211,149,1,1,0,83,0,21,232,226,0,0,5,0,20,0,7,0,53,63,28,220,254,5,69,196,211,149,1,53,63,201,254,25,68,129,0,0,10,0,211,149,1,1,0,87,0,37,147,227,0,0,5,0,20,0,7,0,53,63,28,146,254,5,69,196,211,149,1,53,63,201,254,25,68,129,0,0,10,0,211,149,1,1,0,87,0,208,61,228,0,0,5,0,20,0,7,0,53,63,28,206,254,5,69,196,17,195,1,53,63,93,254,28,68,129,0,0,0,4,17,195,2,1,0,87,0,205,137,233,0,0,8,8,140,10,0,0,33,100,76,53,63,28,111,254,5,69,196,17,195,1,53,63,93,254,28,68,129,0,0,0,4,17,195,2,1,0,83,0,2,11,3,0,0,8,8,141,10,0,0,33,153,76,53,63,28,48,254,5,69,196,17,195,1,53,63,93,254,28,68,129,0,0,0,4,17,195,2,1,0,87,0,54,140,12,0,0,8,8,142,10,0,0,33,198,65,53,63,28,217,254,5,69,196,17,195,1,53,63,93,254,28,68,129,0,0,0,4,17,195,2,1,0,91,0,197,6,22,0,0,8,8,143,10,0,0,33,12,52,53,63,28,8,254,5,69,196,17,195,1,53,63,93,254,28,68,129,0,0,0,4,17,195,2,1,0,83,0,93,144,31,0,0,8,8,144,10,0,0,33,200,50,53,63,28,218,254,5,69,196,17,195,1,53,63,93,254,28,68,129,0,0,0,4,17,195,2,1,0,91,0,64,18,41,0,0,8,8,145,10,0,0,33,29,50,53,63,28,175,254,28,68,129,0,0,2,4,140,102,1,1,0,178,0,253,174,42,0,0,8,24,140,10,0,0,41,164,9,140,102,29,27,254,28,68,129,0,0,5,4,140,102,1,1,0,178,0,243,175,42,0,0,8,24,141,10,0,0,33,243,14,140,102,29,74,254,37,68,129,0,0,3,4,140,102,1,1,0,178,0,214,176,42,0,0,17,24,142,10,0,0,41,215,3,20,0,40,255,16,0,41,106,38,140,102,29,194,254,5,69,196,211,149,1,53,63,201,254,31,68,129,0,0,1,0,211,149,1,1,0,87,0,128,254,44,0,0,11,8,21,10,33,0,32,200,32,0,32,30,53,63,28,69,254,5,69,196,211,149,1,53,63,201,254,31,68,129,0,0,1,0,211,149,1,1,0,87,0,252,169,45,0,0,11,8,21,10,33,0,32,200,32,0,32,30,53,63,28,111,254,5,69,196,211,149,1,53,63,201,254,31,68,129,0,0,1,0,211,149,1,1,0,87,0,5,84,46,0,0,11,8,21,10,33,0,32,200,32,0,32,30,53,63,28,104,254,5,69,196,211,149,1,53,63,201,254,31,68,129,0,0,1,0,211,149,1,1,0,87,0,139,255,46,0,0,11,8,21,10,33,0,32,200,32,0,32,30,53,63,28,77,254,5,69,196,211,149,1,53,63,201,254,31,68,129,0,0,1,0,211,149,1,1,0,87,0,61,169,47,0,0,11,8,21,10,33,0,32,200,32,0,32,30,53,63,28,172,254,5,69,196,17,195,1,53,63,93,254,28,68,129,0,0,0,4,17,195,2,1,0,87,0,6,148,50,0,0,8,8,146,10,0,0,33,209,49,53,63,28,180,254,5,69,196,17,195,1,53,63,93,254,28,68,129,0,0,0,4,17,195,2,1,0,87,0,93,14,60,0,0,8,8,147,10,0,0,33,184,49,53,63,28,19,254,5,69,196,17,195,1,53,63,93,254,28,68,129,0,0,0,4,17,195,2,1,0,87,0,162,195,69,0,0,8,8,148,10,0,0,33,209,49,53,63,28,54,254,5,69,196,17,195,1,53,63,93,254,28,68,129,0,0,0,4,17,195,2,1,0,87,0,85,222,88,0,0,8,8,149,10,0,0,33,234,49,53,63,28,251,254,5,69,196,17,195,1,53,63,93,254,28,68,129,0,0,0,4,17,195,2,1,0,87,0,209,97,98,0,0,8,8,150,10,0,0,33,4,50,53,63,28,20,254,28,68,129,0,0,2,4,138,128,1,1,0,94,0,46,8,99,0,0,8,24,213,10,0,0,41,57,9,138,128,29,15,254,28,68,129,0,0,5,4,138,128,1,1,0,91,0,56,9,99,0,0,8,24,214,10,0,0,33,166,15,138,128,29,136,254,37,68,129,0,0,3,4,138,128,1,1,0,91,0,67,10,99,0,0,17,24,215,10,0,0,41,215,3,20,0,40,255,16,0,41,105,38,138,128,29,23,254,5,69,196,17,195,1,53,63,93,254,28,68,129,0,0,0,4,17,195,2,1,0,83,0,119,189,112,0,0,8,8,151,10,0,0,33,234,49,53,63,28,148,254,5,69,196,17,195,1,53,63,93,254,28,68,129,0,0,0,4,17,195,2,1,0,83,0,31,65,122,0,0,8,8,152,10,0,0,33,209,49,53,63,28,62,254,1,100,1,0,100,254,3,68,128,0,1,3,197]
[2026-03-12 13:05:11] debug: 	zh:zstack:unpi:parser: --> parsed 25 - 2 - 4 - 129 - [0,0,10,0,211,149,1,1,0,83,0,21,232,226,0,0,5,0,20,0,7,0,53,63,28] - 220
[2026-03-12 13:05:11] debug: 	zh:zstack:znp: <-- AREQ: AF - incomingMsg - {"groupid":0,"clusterid":10,"srcaddr":38355,"srcendpoint":1,"dstendpoint":1,"wasbroadcast":0,"linkquality":83,"securityuse":0,"timestamp":14870549,"transseqnumber":0,"len":5,"data":{"type":"Buffer","data":[0,20,0,7,0]}}
[2026-03-12 13:05:11] debug: 	zh:controller: Received payload: clusterID=10, address=38355, groupID=0, endpoint=1, destinationEndpoint=1, wasBroadcast=false, linkQuality=83, frame={"header":{"frameControl":{"frameType":0,"manufacturerSpecific":false,"direction":0,"disableDefaultResponse":false,"reservedBits":0},"transactionSequenceNumber":20,"commandIdentifier":0},"payload":[{"attrId":7}],"command":{"ID":0,"name":"read","parameters":[{"name":"attrId","type":9}],"response":1}}
[2026-03-12 13:05:11] debug: 	zh:controller:endpoint: ZCL command 0x2c1165fffe2d42b7/1 genTime.readRsp({"localTime":826635910}, {"timeout":10000,"disableResponse":false,"disableRecovery":false,"disableDefaultResponse":true,"direction":1,"srcEndpoint":1,"reservedBits":0,"transactionSequenceNumber":20,"writeUndiv":false})
[2026-03-12 13:05:11] debug: 	zh:zstack:unpi:parser: --- parseNext [254,5,69,196,211,149,1,53,63,201,254,25,68,129,0,0,10,0,211,149,1,1,0,87,0,37,147,227,0,0,5,0,20,0,7,0,53,63,28,146,254,5,69,196,211,149,1,53,63,201,254,25,68,129,0,0,10,0,211,149,1,1,0,87,0,208,61,228,0,0,5,0,20,0,7,0,53,63,28,206,254,5,69,196,17,195,1,53,63,93,254,28,68,129,0,0,0,4,17,195,2,1,0,87,0,205,137,233,0,0,8,8,140,10,0,0,33,100,76,53,63,28,111,254,5,69,196,17,195,1,53,63,93,254,28,68,129,0,0,0,4,17,195,2,1,0,83,0,2,11,3,0,0,8,8,141,10,0,0,33,153,76,53,63,28,48,254,5,69,196,17,195,1,53,63,93,254,28,68,129,0,0,0,4,17,195,2,1,0,87,0,54,140,12,0,0,8,8,142,10,0,0,33,198,65,53,63,28,217,254,5,69,196,17,195,1,53,63,93,254,28,68,129,0,0,0,4,17,195,2,1,0,91,0,197,6,22,0,0,8,8,143,10,0,0,33,12,52,53,63,28,8,254,5,69,196,17,195,1,53,63,93,254,28,68,129,0,0,0,4,17,195,2,1,0,83,0,93,144,31,0,0,8,8,144,10,0,0,33,200,50,53,63,28,218,254,5,69,196,17,195,1,53,63,93,254,28,68,129,0,0,0,4,17,195,2,1,0,91,0,64,18,41,0,0,8,8,145,10,0,0,33,29,50,53,63,28,175,254,28,68,129,0,0,2,4,140,102,1,1,0,178,0,253,174,42,0,0,8,24,140,10,0,0,41,164,9,140,102,29,27,254,28,68,129,0,0,5,4,140,102,1,1,0,178,0,243,175,42,0,0,8,24,141,10,0,0,33,243,14,140,102,29,74,254,37,68,129,0,0,3,4,140,102,1,1,0,178,0,214,176,42,0,0,17,24,142,10,0,0,41,215,3,20,0,40,255,16,0,41,106,38,140,102,29,194,254,5,69,196,211,149,1,53,63,201,254,31,68,129,0,0,1,0,211,149,1,1,0,87,0,128,254,44,0,0,11,8,21,10,33,0,32,200,32,0,32,30,53,63,28,69,254,5,69,196,211,149,1,53,63,201,254,31,68,129,0,0,1,0,211,149,1,1,0,87,0,252,169,45,0,0,11,8,21,10,33,0,32,200,32,0,32,30,53,63,28,111,254,5,69,196,211,149,1,53,63,201,254,31,68,129,0,0,1,0,211,149,1,1,0,87,0,5,84,46,0,0,11,8,21,10,33,0,32,200,32,0,32,30,53,63,28,104,254,5,69,196,211,149,1,53,63,201,254,31,68,129,0,0,1,0,211,149,1,1,0,87,0,139,255,46,0,0,11,8,21,10,33,0,32,200,32,0,32,30,53,63,28,77,254,5,69,196,211,149,1,53,63,201,254,31,68,129,0,0,1,0,211,149,1,1,0,87,0,61,169,47,0,0,11,8,21,10,33,0,32,200,32,0,32,30,53,63,28,172,254,5,69,196,17,195,1,53,63,93,254,28,68,129,0,0,0,4,17,195,2,1,0,87,0,6,148,50,0,0,8,8,146,10,0,0,33,209,49,53,63,28,180,254,5,69,196,17,195,1,53,63,93,254,28,68,129,0,0,0,4,17,195,2,1,0,87,0,93,14,60,0,0,8,8,147,10,0,0,33,184,49,53,63,28,19,254,5,69,196,17,195,1,53,63,93,254,28,68,129,0,0,0,4,17,195,2,1,0,87,0,162,195,69,0,0,8,8,148,10,0,0,33,209,49,53,63,28,54,254,5,69,196,17,195,1,53,63,93,254,28,68,129,0,0,0,4,17,195,2,1,0,87,0,85,222,88,0,0,8,8,149,10,0,0,33,234,49,53,63,28,251,254,5,69,196,17,195,1,53,63,93,254,28,68,129,0,0,0,4,17,195,2,1,0,87,0,209,97,98,0,0,8,8,150,10,0,0,33,4,50,53,63,28,20,254,28,68,129,0,0,2,4,138,128,1,1,0,94,0,46,8,99,0,0,8,24,213,10,0,0,41,57,9,138,128,29,15,254,28,68,129,0,0,5,4,138,128,1,1,0,91,0,56,9,99,0,0,8,24,214,10,0,0,33,166,15,138,128,29,136,254,37,68,129,0,0,3,4,138,128,1,1,0,91,0,67,10,99,0,0,17,24,215,10,0,0,41,215,3,20,0,40,255,16,0,41,105,38,138,128,29,23,254,5,69,196,17,195,1,53,63,93,254,28,68,129,0,0,0,4,17,195,2,1,0,83,0,119,189,112,0,0,8,8,151,10,0,0,33,234,49,53,63,28,148,254,5,69,196,17,195,1,53,63,93,254,28,68,129,0,0,0,4,17,195,2,1,0,83,0,31,65,122,0,0,8,8,152,10,0,0,33,209,49,53,63,28,62,254,1,100,1,0,100,254,3,68,128,0,1,3,197]
[2026-03-12 13:05:11] debug: 	zh:zstack:unpi:parser: --> parsed 5 - 2 - 5 - 196 - [211,149,1,53,63] - 201
[2026-03-12 13:05:11] debug: 	zh:zstack:znp: <-- AREQ: ZDO - srcRtgInd
[2026-03-12 13:05:11] debug: 	zh:zstack:unpi:parser: --- parseNext [254,25,68,129,0,0,10,0,211,149,1,1,0,87,0,37,147,227,0,0,5,0,20,0,7,0,53,63,28,146,254,5,69,196,211,149,1,53,63,201,254,25,68,129,0,0,10,0,211,149,1,1,0,87,0,208,61,228,0,0,5,0,20,0,7,0,53,63,28,206,254,5,69,196,17,195,1,53,63,93,254,28,68,129,0,0,0,4,17,195,2,1,0,87,0,205,137,233,0,0,8,8,140,10,0,0,33,100,76,53,63,28,111,254,5,69,196,17,195,1,53,63,93,254,28,68,129,0,0,0,4,17,195,2,1,0,83,0,2,11,3,0,0,8,8,141,10,0,0,33,153,76,53,63,28,48,254,5,69,196,17,195,1,53,63,93,254,28,68,129,0,0,0,4,17,195,2,1,0,87,0,54,140,12,0,0,8,8,142,10,0,0,33,198,65,53,63,28,217,254,5,69,196,17,195,1,53,63,93,254,28,68,129,0,0,0,4,17,195,2,1,0,91,0,197,6,22,0,0,8,8,143,10,0,0,33,12,52,53,63,28,8,254,5,69,196,17,195,1,53,63,93,254,28,68,129,0,0,0,4,17,195,2,1,0,83,0,93,144,31,0,0,8,8,144,10,0,0,33,200,50,53,63,28,218,254,5,69,196,17,195,1,53,63,93,254,28,68,129,0,0,0,4,17,195,2,1,0,91,0,64,18,41,0,0,8,8,145,10,0,0,33,29,50,53,63,28,175,254,28,68,129,0,0,2,4,140,102,1,1,0,178,0,253,174,42,0,0,8,24,140,10,0,0,41,164,9,140,102,29,27,254,28,68,129,0,0,5,4,140,102,1,1,0,178,0,243,175,42,0,0,8,24,141,10,0,0,33,243,14,140,102,29,74,254,37,68,129,0,0,3,4,140,102,1,1,0,178,0,214,176,42,0,0,17,24,142,10,0,0,41,215,3,20,0,40,255,16,0,41,106,38,140,102,29,194,254,5,69,196,211,149,1,53,63,201,254,31,68,129,0,0,1,0,211,149,1,1,0,87,0,128,254,44,0,0,11,8,21,10,33,0,32,200,32,0,32,30,53,63,28,69,254,5,69,196,211,149,1,53,63,201,254,31,68,129,0,0,1,0,211,149,1,1,0,87,0,252,169,45,0,0,11,8,21,10,33,0,32,200,32,0,32,30,53,63,28,111,254,5,69,196,211,149,1,53,63,201,254,31,68,129,0,0,1,0,211,149,1,1,0,87,0,5,84,46,0,0,11,8,21,10,33,0,32,200,32,0,32,30,53,63,28,104,254,5,69,196,211,149,1,53,63,201,254,31,68,129,0,0,1,0,211,149,1,1,0,87,0,139,255,46,0,0,11,8,21,10,33,0,32,200,32,0,32,30,53,63,28,77,254,5,69,196,211,149,1,53,63,201,254,31,68,129,0,0,1,0,211,149,1,1,0,87,0,61,169,47,0,0,11,8,21,10,33,0,32,200,32,0,32,30,53,63,28,172,254,5,69,196,17,195,1,53,63,93,254,28,68,129,0,0,0,4,17,195,2,1,0,87,0,6,148,50,0,0,8,8,146,10,0,0,33,209,49,53,63,28,180,254,5,69,196,17,195,1,53,63,93,254,28,68,129,0,0,0,4,17,195,2,1,0,87,0,93,14,60,0,0,8,8,147,10,0,0,33,184,49,53,63,28,19,254,5,69,196,17,195,1,53,63,93,254,28,68,129,0,0,0,4,17,195,2,1,0,87,0,162,195,69,0,0,8,8,148,10,0,0,33,209,49,53,63,28,54,254,5,69,196,17,195,1,53,63,93,254,28,68,129,0,0,0,4,17,195,2,1,0,87,0,85,222,88,0,0,8,8,149,10,0,0,33,234,49,53,63,28,251,254,5,69,196,17,195,1,53,63,93,254,28,68,129,0,0,0,4,17,195,2,1,0,87,0,209,97,98,0,0,8,8,150,10,0,0,33,4,50,53,63,28,20,254,28,68,129,0,0,2,4,138,128,1,1,0,94,0,46,8,99,0,0,8,24,213,10,0,0,41,57,9,138,128,29,15,254,28,68,129,0,0,5,4,138,128,1,1,0,91,0,56,9,99,0,0,8,24,214,10,0,0,33,166,15,138,128,29,136,254,37,68,129,0,0,3,4,138,128,1,1,0,91,0,67,10,99,0,0,17,24,215,10,0,0,41,215,3,20,0,40,255,16,0,41,105,38,138,128,29,23,254,5,69,196,17,195,1,53,63,93,254,28,68,129,0,0,0,4,17,195,2,1,0,83,0,119,189,112,0,0,8,8,151,10,0,0,33,234,49,53,63,28,148,254,5,69,196,17,195,1,53,63,93,254,28,68,129,0,0,0,4,17,195,2,1,0,83,0,31,65,122,0,0,8,8,152,10,0,0,33,209,49,53,63,28,62,254,1,100,1,0,100,254,3,68,128,0,1,3,197]
[2026-03-12 13:05:11] debug: 	zh:zstack:unpi:parser: --> parsed 25 - 2 - 4 - 129 - [0,0,10,0,211,149,1,1,0,87,0,37,147,227,0,0,5,0,20,0,7,0,53,63,28] - 146
[2026-03-12 13:05:11] debug: 	zh:zstack:znp: <-- AREQ: AF - incomingMsg - {"groupid":0,"clusterid":10,"srcaddr":38355,"srcendpoint":1,"dstendpoint":1,"wasbroadcast":0,"linkquality":87,"securityuse":0,"timestamp":14914341,"transseqnumber":0,"len":5,"data":{"type":"Buffer","data":[0,20,0,7,0]}}
[2026-03-12 13:05:11] debug: 	zh:controller: Received payload: clusterID=10, address=38355, groupID=0, endpoint=1, destinationEndpoint=1, wasBroadcast=false, linkQuality=87, frame={"header":{"frameControl":{"frameType":0,"manufacturerSpecific":false,"direction":0,"disableDefaultResponse":false,"reservedBits":0},"transactionSequenceNumber":20,"commandIdentifier":0},"payload":[{"attrId":7}],"command":{"ID":0,"name":"read","parameters":[{"name":"attrId","type":9}],"response":1}}
[2026-03-12 13:05:11] debug: 	zh:controller:endpoint: ZCL command 0x2c1165fffe2d42b7/1 genTime.readRsp({"localTime":826635910}, {"timeout":10000,"disableResponse":false,"disableRecovery":false,"disableDefaultResponse":true,"direction":1,"srcEndpoint":1,"reservedBits":0,"transactionSequenceNumber":20,"writeUndiv":false})
[2026-03-12 13:05:11] debug: 	zh:zstack:unpi:parser: --- parseNext [254,5,69,196,211,149,1,53,63,201,254,25,68,129,0,0,10,0,211,149,1,1,0,87,0,208,61,228,0,0,5,0,20,0,7,0,53,63,28,206,254,5,69,196,17,195,1,53,63,93,254,28,68,129,0,0,0,4,17,195,2,1,0,87,0,205,137,233,0,0,8,8,140,10,0,0,33,100,76,53,63,28,111,254,5,69,196,17,195,1,53,63,93,254,28,68,129,0,0,0,4,17,195,2,1,0,83,0,2,11,3,0,0,8,8,141,10,0,0,33,153,76,53,63,28,48,254,5,69,196,17,195,1,53,63,93,254,28,68,129,0,0,0,4,17,195,2,1,0,87,0,54,140,12,0,0,8,8,142,10,0,0,33,198,65,53,63,28,217,254,5,69,196,17,195,1,53,63,93,254,28,68,129,0,0,0,4,17,195,2,1,0,91,0,197,6,22,0,0,8,8,143,10,0,0,33,12,52,53,63,28,8,254,5,69,196,17,195,1,53,63,93,254,28,68,129,0,0,0,4,17,195,2,1,0,83,0,93,144,31,0,0,8,8,144,10,0,0,33,200,50,53,63,28,218,254,5,69,196,17,195,1,53,63,93,254,28,68,129,0,0,0,4,17,195,2,1,0,91,0,64,18,41,0,0,8,8,145,10,0,0,33,29,50,53,63,28,175,254,28,68,129,0,0,2,4,140,102,1,1,0,178,0,253,174,42,0,0,8,24,140,10,0,0,41,164,9,140,102,29,27,254,28,68,129,0,0,5,4,140,102,1,1,0,178,0,243,175,42,0,0,8,24,141,10,0,0,33,243,14,140,102,29,74,254,37,68,129,0,0,3,4,140,102,1,1,0,178,0,214,176,42,0,0,17,24,142,10,0,0,41,215,3,20,0,40,255,16,0,41,106,38,140,102,29,194,254,5,69,196,211,149,1,53,63,201,254,31,68,129,0,0,1,0,211,149,1,1,0,87,0,128,254,44,0,0,11,8,21,10,33,0,32,200,32,0,32,30,53,63,28,69,254,5,69,196,211,149,1,53,63,201,254,31,68,129,0,0,1,0,211,149,1,1,0,87,0,252,169,45,0,0,11,8,21,10,33,0,32,200,32,0,32,30,53,63,28,111,254,5,69,196,211,149,1,53,63,201,254,31,68,129,0,0,1,0,211,149,1,1,0,87,0,5,84,46,0,0,11,8,21,10,33,0,32,200,32,0,32,30,53,63,28,104,254,5,69,196,211,149,1,53,63,201,254,31,68,129,0,0,1,0,211,149,1,1,0,87,0,139,255,46,0,0,11,8,21,10,33,0,32,200,32,0,32,30,53,63,28,77,254,5,69,196,211,149,1,53,63,201,254,31,68,129,0,0,1,0,211,149,1,1,0,87,0,61,169,47,0,0,11,8,21,10,33,0,32,200,32,0,32,30,53,63,28,172,254,5,69,196,17,195,1,53,63,93,254,28,68,129,0,0,0,4,17,195,2,1,0,87,0,6,148,50,0,0,8,8,146,10,0,0,33,209,49,53,63,28,180,254,5,69,196,17,195,1,53,63,93,254,28,68,129,0,0,0,4,17,195,2,1,0,87,0,93,14,60,0,0,8,8,147,10,0,0,33,184,49,53,63,28,19,254,5,69,196,17,195,1,53,63,93,254,28,68,129,0,0,0,4,17,195,2,1,0,87,0,162,195,69,0,0,8,8,148,10,0,0,33,209,49,53,63,28,54,254,5,69,196,17,195,1,53,63,93,254,28,68,129,0,0,0,4,17,195,2,1,0,87,0,85,222,88,0,0,8,8,149,10,0,0,33,234,49,53,63,28,251,254,5,69,196,17,195,1,53,63,93,254,28,68,129,0,0,0,4,17,195,2,1,0,87,0,209,97,98,0,0,8,8,150,10,0,0,33,4,50,53,63,28,20,254,28,68,129,0,0,2,4,138,128,1,1,0,94,0,46,8,99,0,0,8,24,213,10,0,0,41,57,9,138,128,29,15,254,28,68,129,0,0,5,4,138,128,1,1,0,91,0,56,9,99,0,0,8,24,214,10,0,0,33,166,15,138,128,29,136,254,37,68,129,0,0,3,4,138,128,1,1,0,91,0,67,10,99,0,0,17,24,215,10,0,0,41,215,3,20,0,40,255,16,0,41,105,38,138,128,29,23,254,5,69,196,17,195,1,53,63,93,254,28,68,129,0,0,0,4,17,195,2,1,0,83,0,119,189,112,0,0,8,8,151,10,0,0,33,234,49,53,63,28,148,254,5,69,196,17,195,1,53,63,93,254,28,68,129,0,0,0,4,17,195,2,1,0,83,0,31,65,122,0,0,8,8,152,10,0,0,33,209,49,53,63,28,62,254,1,100,1,0,100,254,3,68,128,0,1,3,197]
[2026-03-12 13:05:11] debug: 	zh:zstack:unpi:parser: --> parsed 5 - 2 - 5 - 196 - [211,149,1,53,63] - 201
[2026-03-12 13:05:11] debug: 	zh:zstack:znp: <-- AREQ: ZDO - srcRtgInd
[2026-03-12 13:05:11] debug: 	zh:zstack:unpi:parser: --- parseNext [254,25,68,129,0,0,10,0,211,149,1,1,0,87,0,208,61,228,0,0,5,0,20,0,7,0,53,63,28,206,254,5,69,196,17,195,1,53,63,93,254,28,68,129,0,0,0,4,17,195,2,1,0,87,0,205,137,233,0,0,8,8,140,10,0,0,33,100,76,53,63,28,111,254,5,69,196,17,195,1,53,63,93,254,28,68,129,0,0,0,4,17,195,2,1,0,83,0,2,11,3,0,0,8,8,141,10,0,0,33,153,76,53,63,28,48,254,5,69,196,17,195,1,53,63,93,254,28,68,129,0,0,0,4,17,195,2,1,0,87,0,54,140,12,0,0,8,8,142,10,0,0,33,198,65,53,63,28,217,254,5,69,196,17,195,1,53,63,93,254,28,68,129,0,0,0,4,17,195,2,1,0,91,0,197,6,22,0,0,8,8,143,10,0,0,33,12,52,53,63,28,8,254,5,69,196,17,195,1,53,63,93,254,28,68,129,0,0,0,4,17,195,2,1,0,83,0,93,144,31,0,0,8,8,144,10,0,0,33,200,50,53,63,28,218,254,5,69,196,17,195,1,53,63,93,254,28,68,129,0,0,0,4,17,195,2,1,0,91,0,64,18,41,0,0,8,8,145,10,0,0,33,29,50,53,63,28,175,254,28,68,129,0,0,2,4,140,102,1,1,0,178,0,253,174,42,0,0,8,24,140,10,0,0,41,164,9,140,102,29,27,254,28,68,129,0,0,5,4,140,102,1,1,0,178,0,243,175,42,0,0,8,24,141,10,0,0,33,243,14,140,102,29,74,254,37,68,129,0,0,3,4,140,102,1,1,0,178,0,214,176,42,0,0,17,24,142,10,0,0,41,215,3,20,0,40,255,16,0,41,106,38,140,102,29,194,254,5,69,196,211,149,1,53,63,201,254,31,68,129,0,0,1,0,211,149,1,1,0,87,0,128,254,44,0,0,11,8,21,10,33,0,32,200,32,0,32,30,53,63,28,69,254,5,69,196,211,149,1,53,63,201,254,31,68,129,0,0,1,0,211,149,1,1,0,87,0,252,169,45,0,0,11,8,21,10,33,0,32,200,32,0,32,30,53,63,28,111,254,5,69,196,211,149,1,53,63,201,254,31,68,129,0,0,1,0,211,149,1,1,0,87,0,5,84,46,0,0,11,8,21,10,33,0,32,200,32,0,32,30,53,63,28,104,254,5,69,196,211,149,1,53,63,201,254,31,68,129,0,0,1,0,211,149,1,1,0,87,0,139,255,46,0,0,11,8,21,10,33,0,32,200,32,0,32,30,53,63,28,77,254,5,69,196,211,149,1,53,63,201,254,31,68,129,0,0,1,0,211,149,1,1,0,87,0,61,169,47,0,0,11,8,21,10,33,0,32,200,32,0,32,30,53,63,28,172,254,5,69,196,17,195,1,53,63,93,254,28,68,129,0,0,0,4,17,195,2,1,0,87,0,6,148,50,0,0,8,8,146,10,0,0,33,209,49,53,63,28,180,254,5,69,196,17,195,1,53,63,93,254,28,68,129,0,0,0,4,17,195,2,1,0,87,0,93,14,60,0,0,8,8,147,10,0,0,33,184,49,53,63,28,19,254,5,69,196,17,195,1,53,63,93,254,28,68,129,0,0,0,4,17,195,2,1,0,87,0,162,195,69,0,0,8,8,148,10,0,0,33,209,49,53,63,28,54,254,5,69,196,17,195,1,53,63,93,254,28,68,129,0,0,0,4,17,195,2,1,0,87,0,85,222,88,0,0,8,8,149,10,0,0,33,234,49,53,63,28,251,254,5,69,196,17,195,1,53,63,93,254,28,68,129,0,0,0,4,17,195,2,1,0,87,0,209,97,98,0,0,8,8,150,10,0,0,33,4,50,53,63,28,20,254,28,68,129,0,0,2,4,138,128,1,1,0,94,0,46,8,99,0,0,8,24,213,10,0,0,41,57,9,138,128,29,15,254,28,68,129,0,0,5,4,138,128,1,1,0,91,0,56,9,99,0,0,8,24,214,10,0,0,33,166,15,138,128,29,136,254,37,68,129,0,0,3,4,138,128,1,1,0,91,0,67,10,99,0,0,17,24,215,10,0,0,41,215,3,20,0,40,255,16,0,41,105,38,138,128,29,23,254,5,69,196,17,195,1,53,63,93,254,28,68,129,0,0,0,4,17,195,2,1,0,83,0,119,189,112,0,0,8,8,151,10,0,0,33,234,49,53,63,28,148,254,5,69,196,17,195,1,53,63,93,254,28,68,129,0,0,0,4,17,195,2,1,0,83,0,31,65,122,0,0,8,8,152,10,0,0,33,209,49,53,63,28,62,254,1,100,1,0,100,254,3,68,128,0,1,3,197]
[2026-03-12 13:05:11] debug: 	zh:zstack:unpi:parser: --> parsed 25 - 2 - 4 - 129 - [0,0,10,0,211,149,1,1,0,87,0,208,61,228,0,0,5,0,20,0,7,0,53,63,28] - 206
[2026-03-12 13:05:11] debug: 	zh:zstack:znp: <-- AREQ: AF - incomingMsg - {"groupid":0,"clusterid":10,"srcaddr":38355,"srcendpoint":1,"dstendpoint":1,"wasbroadcast":0,"linkquality":87,"securityuse":0,"timestamp":14958032,"transseqnumber":0,"len":5,"data":{"type":"Buffer","data":[0,20,0,7,0]}}
[2026-03-12 13:05:11] debug: 	zh:controller: Received payload: clusterID=10, address=38355, groupID=0, endpoint=1, destinationEndpoint=1, wasBroadcast=false, linkQuality=87, frame={"header":{"frameControl":{"frameType":0,"manufacturerSpecific":false,"direction":0,"disableDefaultResponse":false,"reservedBits":0},"transactionSequenceNumber":20,"commandIdentifier":0},"payload":[{"attrId":7}],"command":{"ID":0,"name":"read","parameters":[{"name":"attrId","type":9}],"response":1}}
[2026-03-12 13:05:11] debug: 	zh:controller:endpoint: ZCL command 0x2c1165fffe2d42b7/1 genTime.readRsp({"localTime":826635910}, {"timeout":10000,"disableResponse":false,"disableRecovery":false,"disableDefaultResponse":true,"direction":1,"srcEndpoint":1,"reservedBits":0,"transactionSequenceNumber":20,"writeUndiv":false})
[2026-03-12 13:05:11] debug: 	zh:zstack:unpi:parser: --- parseNext [254,5,69,196,17,195,1,53,63,93,254,28,68,129,0,0,0,4,17,195,2,1,0,87,0,205,137,233,0,0,8,8,140,10,0,0,33,100,76,53,63,28,111,254,5,69,196,17,195,1,53,63,93,254,28,68,129,0,0,0,4,17,195,2,1,0,83,0,2,11,3,0,0,8,8,141,10,0,0,33,153,76,53,63,28,48,254,5,69,196,17,195,1,53,63,93,254,28,68,129,0,0,0,4,17,195,2,1,0,87,0,54,140,12,0,0,8,8,142,10,0,0,33,198,65,53,63,28,217,254,5,69,196,17,195,1,53,63,93,254,28,68,129,0,0,0,4,17,195,2,1,0,91,0,197,6,22,0,0,8,8,143,10,0,0,33,12,52,53,63,28,8,254,5,69,196,17,195,1,53,63,93,254,28,68,129,0,0,0,4,17,195,2,1,0,83,0,93,144,31,0,0,8,8,144,10,0,0,33,200,50,53,63,28,218,254,5,69,196,17,195,1,53,63,93,254,28,68,129,0,0,0,4,17,195,2,1,0,91,0,64,18,41,0,0,8,8,145,10,0,0,33,29,50,53,63,28,175,254,28,68,129,0,0,2,4,140,102,1,1,0,178,0,253,174,42,0,0,8,24,140,10,0,0,41,164,9,140,102,29,27,254,28,68,129,0,0,5,4,140,102,1,1,0,178,0,243,175,42,0,0,8,24,141,10,0,0,33,243,14,140,102,29,74,254,37,68,129,0,0,3,4,140,102,1,1,0,178,0,214,176,42,0,0,17,24,142,10,0,0,41,215,3,20,0,40,255,16,0,41,106,38,140,102,29,194,254,5,69,196,211,149,1,53,63,201,254,31,68,129,0,0,1,0,211,149,1,1,0,87,0,128,254,44,0,0,11,8,21,10,33,0,32,200,32,0,32,30,53,63,28,69,254,5,69,196,211,149,1,53,63,201,254,31,68,129,0,0,1,0,211,149,1,1,0,87,0,252,169,45,0,0,11,8,21,10,33,0,32,200,32,0,32,30,53,63,28,111,254,5,69,196,211,149,1,53,63,201,254,31,68,129,0,0,1,0,211,149,1,1,0,87,0,5,84,46,0,0,11,8,21,10,33,0,32,200,32,0,32,30,53,63,28,104,254,5,69,196,211,149,1,53,63,201,254,31,68,129,0,0,1,0,211,149,1,1,0,87,0,139,255,46,0,0,11,8,21,10,33,0,32,200,32,0,32,30,53,63,28,77,254,5,69,196,211,149,1,53,63,201,254,31,68,129,0,0,1,0,211,149,1,1,0,87,0,61,169,47,0,0,11,8,21,10,33,0,32,200,32,0,32,30,53,63,28,172,254,5,69,196,17,195,1,53,63,93,254,28,68,129,0,0,0,4,17,195,2,1,0,87,0,6,148,50,0,0,8,8,146,10,0,0,33,209,49,53,63,28,180,254,5,69,196,17,195,1,53,63,93,254,28,68,129,0,0,0,4,17,195,2,1,0,87,0,93,14,60,0,0,8,8,147,10,0,0,33,184,49,53,63,28,19,254,5,69,196,17,195,1,53,63,93,254,28,68,129,0,0,0,4,17,195,2,1,0,87,0,162,195,69,0,0,8,8,148,10,0,0,33,209,49,53,63,28,54,254,5,69,196,17,195,1,53,63,93,254,28,68,129,0,0,0,4,17,195,2,1,0,87,0,85,222,88,0,0,8,8,149,10,0,0,33,234,49,53,63,28,251,254,5,69,196,17,195,1,53,63,93,254,28,68,129,0,0,0,4,17,195,2,1,0,87,0,209,97,98,0,0,8,8,150,10,0,0,33,4,50,53,63,28,20,254,28,68,129,0,0,2,4,138,128,1,1,0,94,0,46,8,99,0,0,8,24,213,10,0,0,41,57,9,138,128,29,15,254,28,68,129,0,0,5,4,138,128,1,1,0,91,0,56,9,99,0,0,8,24,214,10,0,0,33,166,15,138,128,29,136,254,37,68,129,0,0,3,4,138,128,1,1,0,91,0,67,10,99,0,0,17,24,215,10,0,0,41,215,3,20,0,40,255,16,0,41,105,38,138,128,29,23,254,5,69,196,17,195,1,53,63,93,254,28,68,129,0,0,0,4,17,195,2,1,0,83,0,119,189,112,0,0,8,8,151,10,0,0,33,234,49,53,63,28,148,254,5,69,196,17,195,1,53,63,93,254,28,68,129,0,0,0,4,17,195,2,1,0,83,0,31,65,122,0,0,8,8,152,10,0,0,33,209,49,53,63,28,62,254,1,100,1,0,100,254,3,68,128,0,1,3,197]
[2026-03-12 13:05:11] debug: 	zh:zstack:unpi:parser: --> parsed 5 - 2 - 5 - 196 - [17,195,1,53,63] - 93
[2026-03-12 13:05:11] debug: 	zh:zstack:znp: <-- AREQ: ZDO - srcRtgInd
[2026-03-12 13:05:11] debug: 	zh:zstack:unpi:parser: --- parseNext [254,28,68,129,0,0,0,4,17,195,2,1,0,87,0,205,137,233,0,0,8,8,140,10,0,0,33,100,76,53,63,28,111,254,5,69,196,17,195,1,53,63,93,254,28,68,129,0,0,0,4,17,195,2,1,0,83,0,2,11,3,0,0,8,8,141,10,0,0,33,153,76,53,63,28,48,254,5,69,196,17,195,1,53,63,93,254,28,68,129,0,0,0,4,17,195,2,1,0,87,0,54,140,12,0,0,8,8,142,10,0,0,33,198,65,53,63,28,217,254,5,69,196,17,195,1,53,63,93,254,28,68,129,0,0,0,4,17,195,2,1,0,91,0,197,6,22,0,0,8,8,143,10,0,0,33,12,52,53,63,28,8,254,5,69,196,17,195,1,53,63,93,254,28,68,129,0,0,0,4,17,195,2,1,0,83,0,93,144,31,0,0,8,8,144,10,0,0,33,200,50,53,63,28,218,254,5,69,196,17,195,1,53,63,93,254,28,68,129,0,0,0,4,17,195,2,1,0,91,0,64,18,41,0,0,8,8,145,10,0,0,33,29,50,53,63,28,175,254,28,68,129,0,0,2,4,140,102,1,1,0,178,0,253,174,42,0,0,8,24,140,10,0,0,41,164,9,140,102,29,27,254,28,68,129,0,0,5,4,140,102,1,1,0,178,0,243,175,42,0,0,8,24,141,10,0,0,33,243,14,140,102,29,74,254,37,68,129,0,0,3,4,140,102,1,1,0,178,0,214,176,42,0,0,17,24,142,10,0,0,41,215,3,20,0,40,255,16,0,41,106,38,140,102,29,194,254,5,69,196,211,149,1,53,63,201,254,31,68,129,0,0,1,0,211,149,1,1,0,87,0,128,254,44,0,0,11,8,21,10,33,0,32,200,32,0,32,30,53,63,28,69,254,5,69,196,211,149,1,53,63,201,254,31,68,129,0,0,1,0,211,149,1,1,0,87,0,252,169,45,0,0,11,8,21,10,33,0,32,200,32,0,32,30,53,63,28,111,254,5,69,196,211,149,1,53,63,201,254,31,68,129,0,0,1,0,211,149,1,1,0,87,0,5,84,46,0,0,11,8,21,10,33,0,32,200,32,0,32,30,53,63,28,104,254,5,69,196,211,149,1,53,63,201,254,31,68,129,0,0,1,0,211,149,1,1,0,87,0,139,255,46,0,0,11,8,21,10,33,0,32,200,32,0,32,30,53,63,28,77,254,5,69,196,211,149,1,53,63,201,254,31,68,129,0,0,1,0,211,149,1,1,0,87,0,61,169,47,0,0,11,8,21,10,33,0,32,200,32,0,32,30,53,63,28,172,254,5,69,196,17,195,1,53,63,93,254,28,68,129,0,0,0,4,17,195,2,1,0,87,0,6,148,50,0,0,8,8,146,10,0,0,33,209,49,53,63,28,180,254,5,69,196,17,195,1,53,63,93,254,28,68,129,0,0,0,4,17,195,2,1,0,87,0,93,14,60,0,0,8,8,147,10,0,0,33,184,49,53,63,28,19,254,5,69,196,17,195,1,53,63,93,254,28,68,129,0,0,0,4,17,195,2,1,0,87,0,162,195,69,0,0,8,8,148,10,0,0,33,209,49,53,63,28,54,254,5,69,196,17,195,1,53,63,93,254,28,68,129,0,0,0,4,17,195,2,1,0,87,0,85,222,88,0,0,8,8,149,10,0,0,33,234,49,53,63,28,251,254,5,69,196,17,195,1,53,63,93,254,28,68,129,0,0,0,4,17,195,2,1,0,87,0,209,97,98,0,0,8,8,150,10,0,0,33,4,50,53,63,28,20,254,28,68,129,0,0,2,4,138,128,1,1,0,94,0,46,8,99,0,0,8,24,213,10,0,0,41,57,9,138,128,29,15,254,28,68,129,0,0,5,4,138,128,1,1,0,91,0,56,9,99,0,0,8,24,214,10,0,0,33,166,15,138,128,29,136,254,37,68,129,0,0,3,4,138,128,1,1,0,91,0,67,10,99,0,0,17,24,215,10,0,0,41,215,3,20,0,40,255,16,0,41,105,38,138,128,29,23,254,5,69,196,17,195,1,53,63,93,254,28,68,129,0,0,0,4,17,195,2,1,0,83,0,119,189,112,0,0,8,8,151,10,0,0,33,234,49,53,63,28,148,254,5,69,196,17,195,1,53,63,93,254,28,68,129,0,0,0,4,17,195,2,1,0,83,0,31,65,122,0,0,8,8,152,10,0,0,33,209,49,53,63,28,62,254,1,100,1,0,100,254,3,68,128,0,1,3,197]
[2026-03-12 13:05:11] debug: 	zh:zstack:unpi:parser: --> parsed 28 - 2 - 4 - 129 - [0,0,0,4,17,195,2,1,0,87,0,205,137,233,0,0,8,8,140,10,0,0,33,100,76,53,63,28] - 111
[2026-03-12 13:05:11] debug: 	zh:zstack:znp: <-- AREQ: AF - incomingMsg - {"groupid":0,"clusterid":1024,"srcaddr":49937,"srcendpoint":2,"dstendpoint":1,"wasbroadcast":0,"linkquality":87,"securityuse":0,"timestamp":15305165,"transseqnumber":0,"len":8,"data":{"type":"Buffer","data":[8,140,10,0,0,33,100,76]}}
[2026-03-12 13:05:11] debug: 	zh:controller: Received payload: clusterID=1024, address=49937, groupID=0, endpoint=2, destinationEndpoint=1, wasBroadcast=false, linkQuality=87, frame={"header":{"frameControl":{"frameType":0,"manufacturerSpecific":false,"direction":1,"disableDefaultResponse":false,"reservedBits":0},"transactionSequenceNumber":140,"commandIdentifier":10},"payload":[{"attrId":0,"dataType":33,"attrData":19556}],"command":{"ID":10,"name":"report","parameters":[{"name":"attrId","type":9},{"name":"dataType","type":8},{"name":"attrData","type":1000}]}}
[2026-03-12 13:05:11] debug: 	zh:controller:endpoint: ZCL command 0x001788010916738d/2 msIlluminanceMeasurement.defaultRsp({"cmdId":10,"statusCode":0}, {"timeout":10000,"disableResponse":false,"disableRecovery":false,"disableDefaultResponse":true,"direction":1,"reservedBits":0,"transactionSequenceNumber":140,"writeUndiv":false})
[2026-03-12 13:05:11] debug: 	zh:zstack:unpi:parser: --- parseNext [254,5,69,196,17,195,1,53,63,93,254,28,68,129,0,0,0,4,17,195,2,1,0,83,0,2,11,3,0,0,8,8,141,10,0,0,33,153,76,53,63,28,48,254,5,69,196,17,195,1,53,63,93,254,28,68,129,0,0,0,4,17,195,2,1,0,87,0,54,140,12,0,0,8,8,142,10,0,0,33,198,65,53,63,28,217,254,5,69,196,17,195,1,53,63,93,254,28,68,129,0,0,0,4,17,195,2,1,0,91,0,197,6,22,0,0,8,8,143,10,0,0,33,12,52,53,63,28,8,254,5,69,196,17,195,1,53,63,93,254,28,68,129,0,0,0,4,17,195,2,1,0,83,0,93,144,31,0,0,8,8,144,10,0,0,33,200,50,53,63,28,218,254,5,69,196,17,195,1,53,63,93,254,28,68,129,0,0,0,4,17,195,2,1,0,91,0,64,18,41,0,0,8,8,145,10,0,0,33,29,50,53,63,28,175,254,28,68,129,0,0,2,4,140,102,1,1,0,178,0,253,174,42,0,0,8,24,140,10,0,0,41,164,9,140,102,29,27,254,28,68,129,0,0,5,4,140,102,1,1,0,178,0,243,175,42,0,0,8,24,141,10,0,0,33,243,14,140,102,29,74,254,37,68,129,0,0,3,4,140,102,1,1,0,178,0,214,176,42,0,0,17,24,142,10,0,0,41,215,3,20,0,40,255,16,0,41,106,38,140,102,29,194,254,5,69,196,211,149,1,53,63,201,254,31,68,129,0,0,1,0,211,149,1,1,0,87,0,128,254,44,0,0,11,8,21,10,33,0,32,200,32,0,32,30,53,63,28,69,254,5,69,196,211,149,1,53,63,201,254,31,68,129,0,0,1,0,211,149,1,1,0,87,0,252,169,45,0,0,11,8,21,10,33,0,32,200,32,0,32,30,53,63,28,111,254,5,69,196,211,149,1,53,63,201,254,31,68,129,0,0,1,0,211,149,1,1,0,87,0,5,84,46,0,0,11,8,21,10,33,0,32,200,32,0,32,30,53,63,28,104,254,5,69,196,211,149,1,53,63,201,254,31,68,129,0,0,1,0,211,149,1,1,0,87,0,139,255,46,0,0,11,8,21,10,33,0,32,200,32,0,32,30,53,63,28,77,254,5,69,196,211,149,1,53,63,201,254,31,68,129,0,0,1,0,211,149,1,1,0,87,0,61,169,47,0,0,11,8,21,10,33,0,32,200,32,0,32,30,53,63,28,172,254,5,69,196,17,195,1,53,63,93,254,28,68,129,0,0,0,4,17,195,2,1,0,87,0,6,148,50,0,0,8,8,146,10,0,0,33,209,49,53,63,28,180,254,5,69,196,17,195,1,53,63,93,254,28,68,129,0,0,0,4,17,195,2,1,0,87,0,93,14,60,0,0,8,8,147,10,0,0,33,184,49,53,63,28,19,254,5,69,196,17,195,1,53,63,93,254,28,68,129,0,0,0,4,17,195,2,1,0,87,0,162,195,69,0,0,8,8,148,10,0,0,33,209,49,53,63,28,54,254,5,69,196,17,195,1,53,63,93,254,28,68,129,0,0,0,4,17,195,2,1,0,87,0,85,222,88,0,0,8,8,149,10,0,0,33,234,49,53,63,28,251,254,5,69,196,17,195,1,53,63,93,254,28,68,129,0,0,0,4,17,195,2,1,0,87,0,209,97,98,0,0,8,8,150,10,0,0,33,4,50,53,63,28,20,254,28,68,129,0,0,2,4,138,128,1,1,0,94,0,46,8,99,0,0,8,24,213,10,0,0,41,57,9,138,128,29,15,254,28,68,129,0,0,5,4,138,128,1,1,0,91,0,56,9,99,0,0,8,24,214,10,0,0,33,166,15,138,128,29,136,254,37,68,129,0,0,3,4,138,128,1,1,0,91,0,67,10,99,0,0,17,24,215,10,0,0,41,215,3,20,0,40,255,16,0,41,105,38,138,128,29,23,254,5,69,196,17,195,1,53,63,93,254,28,68,129,0,0,0,4,17,195,2,1,0,83,0,119,189,112,0,0,8,8,151,10,0,0,33,234,49,53,63,28,148,254,5,69,196,17,195,1,53,63,93,254,28,68,129,0,0,0,4,17,195,2,1,0,83,0,31,65,122,0,0,8,8,152,10,0,0,33,209,49,53,63,28,62,254,1,100,1,0,100,254,3,68,128,0,1,3,197]
[2026-03-12 13:05:11] debug: 	zh:zstack:unpi:parser: --> parsed 5 - 2 - 5 - 196 - [17,195,1,53,63] - 93
[2026-03-12 13:05:11] debug: 	zh:zstack:znp: <-- AREQ: ZDO - srcRtgInd
[2026-03-12 13:05:11] debug: 	zh:zstack:unpi:parser: --- parseNext [254,28,68,129,0,0,0,4,17,195,2,1,0,83,0,2,11,3,0,0,8,8,141,10,0,0,33,153,76,53,63,28,48,254,5,69,196,17,195,1,53,63,93,254,28,68,129,0,0,0,4,17,195,2,1,0,87,0,54,140,12,0,0,8,8,142,10,0,0,33,198,65,53,63,28,217,254,5,69,196,17,195,1,53,63,93,254,28,68,129,0,0,0,4,17,195,2,1,0,91,0,197,6,22,0,0,8,8,143,10,0,0,33,12,52,53,63,28,8,254,5,69,196,17,195,1,53,63,93,254,28,68,129,0,0,0,4,17,195,2,1,0,83,0,93,144,31,0,0,8,8,144,10,0,0,33,200,50,53,63,28,218,254,5,69,196,17,195,1,53,63,93,254,28,68,129,0,0,0,4,17,195,2,1,0,91,0,64,18,41,0,0,8,8,145,10,0,0,33,29,50,53,63,28,175,254,28,68,129,0,0,2,4,140,102,1,1,0,178,0,253,174,42,0,0,8,24,140,10,0,0,41,164,9,140,102,29,27,254,28,68,129,0,0,5,4,140,102,1,1,0,178,0,243,175,42,0,0,8,24,141,10,0,0,33,243,14,140,102,29,74,254,37,68,129,0,0,3,4,140,102,1,1,0,178,0,214,176,42,0,0,17,24,142,10,0,0,41,215,3,20,0,40,255,16,0,41,106,38,140,102,29,194,254,5,69,196,211,149,1,53,63,201,254,31,68,129,0,0,1,0,211,149,1,1,0,87,0,128,254,44,0,0,11,8,21,10,33,0,32,200,32,0,32,30,53,63,28,69,254,5,69,196,211,149,1,53,63,201,254,31,68,129,0,0,1,0,211,149,1,1,0,87,0,252,169,45,0,0,11,8,21,10,33,0,32,200,32,0,32,30,53,63,28,111,254,5,69,196,211,149,1,53,63,201,254,31,68,129,0,0,1,0,211,149,1,1,0,87,0,5,84,46,0,0,11,8,21,10,33,0,32,200,32,0,32,30,53,63,28,104,254,5,69,196,211,149,1,53,63,201,254,31,68,129,0,0,1,0,211,149,1,1,0,87,0,139,255,46,0,0,11,8,21,10,33,0,32,200,32,0,32,30,53,63,28,77,254,5,69,196,211,149,1,53,63,201,254,31,68,129,0,0,1,0,211,149,1,1,0,87,0,61,169,47,0,0,11,8,21,10,33,0,32,200,32,0,32,30,53,63,28,172,254,5,69,196,17,195,1,53,63,93,254,28,68,129,0,0,0,4,17,195,2,1,0,87,0,6,148,50,0,0,8,8,146,10,0,0,33,209,49,53,63,28,180,254,5,69,196,17,195,1,53,63,93,254,28,68,129,0,0,0,4,17,195,2,1,0,87,0,93,14,60,0,0,8,8,147,10,0,0,33,184,49,53,63,28,19,254,5,69,196,17,195,1,53,63,93,254,28,68,129,0,0,0,4,17,195,2,1,0,87,0,162,195,69,0,0,8,8,148,10,0,0,33,209,49,53,63,28,54,254,5,69,196,17,195,1,53,63,93,254,28,68,129,0,0,0,4,17,195,2,1,0,87,0,85,222,88,0,0,8,8,149,10,0,0,33,234,49,53,63,28,251,254,5,69,196,17,195,1,53,63,93,254,28,68,129,0,0,0,4,17,195,2,1,0,87,0,209,97,98,0,0,8,8,150,10,0,0,33,4,50,53,63,28,20,254,28,68,129,0,0,2,4,138,128,1,1,0,94,0,46,8,99,0,0,8,24,213,10,0,0,41,57,9,138,128,29,15,254,28,68,129,0,0,5,4,138,128,1,1,0,91,0,56,9,99,0,0,8,24,214,10,0,0,33,166,15,138,128,29,136,254,37,68,129,0,0,3,4,138,128,1,1,0,91,0,67,10,99,0,0,17,24,215,10,0,0,41,215,3,20,0,40,255,16,0,41,105,38,138,128,29,23,254,5,69,196,17,195,1,53,63,93,254,28,68,129,0,0,0,4,17,195,2,1,0,83,0,119,189,112,0,0,8,8,151,10,0,0,33,234,49,53,63,28,148,254,5,69,196,17,195,1,53,63,93,254,28,68,129,0,0,0,4,17,195,2,1,0,83,0,31,65,122,0,0,8,8,152,10,0,0,33,209,49,53,63,28,62,254,1,100,1,0,100,254,3,68,128,0,1,3,197]
[2026-03-12 13:05:11] debug: 	zh:zstack:unpi:parser: --> parsed 28 - 2 - 4 - 129 - [0,0,0,4,17,195,2,1,0,83,0,2,11,3,0,0,8,8,141,10,0,0,33,153,76,53,63,28] - 48
[2026-03-12 13:05:11] debug: 	zh:zstack:znp: <-- AREQ: AF - incomingMsg - {"groupid":0,"clusterid":1024,"srcaddr":49937,"srcendpoint":2,"dstendpoint":1,"wasbroadcast":0,"linkquality":83,"securityuse":0,"timestamp":199426,"transseqnumber":0,"len":8,"data":{"type":"Buffer","data":[8,141,10,0,0,33,153,76]}}
[2026-03-12 13:05:11] debug: 	zh:controller: Received payload: clusterID=1024, address=49937, groupID=0, endpoint=2, destinationEndpoint=1, wasBroadcast=false, linkQuality=83, frame={"header":{"frameControl":{"frameType":0,"manufacturerSpecific":false,"direction":1,"disableDefaultResponse":false,"reservedBits":0},"transactionSequenceNumber":141,"commandIdentifier":10},"payload":[{"attrId":0,"dataType":33,"attrData":19609}],"command":{"ID":10,"name":"report","parameters":[{"name":"attrId","type":9},{"name":"dataType","type":8},{"name":"attrData","type":1000}]}}
[2026-03-12 13:05:11] debug: 	zh:controller:endpoint: ZCL command 0x001788010916738d/2 msIlluminanceMeasurement.defaultRsp({"cmdId":10,"statusCode":0}, {"timeout":10000,"disableResponse":false,"disableRecovery":false,"disableDefaultResponse":true,"direction":1,"reservedBits":0,"transactionSequenceNumber":141,"writeUndiv":false})
[2026-03-12 13:05:11] debug: 	zh:zstack:unpi:parser: --- parseNext [254,5,69,196,17,195,1,53,63,93,254,28,68,129,0,0,0,4,17,195,2,1,0,87,0,54,140,12,0,0,8,8,142,10,0,0,33,198,65,53,63,28,217,254,5,69,196,17,195,1,53,63,93,254,28,68,129,0,0,0,4,17,195,2,1,0,91,0,197,6,22,0,0,8,8,143,10,0,0,33,12,52,53,63,28,8,254,5,69,196,17,195,1,53,63,93,254,28,68,129,0,0,0,4,17,195,2,1,0,83,0,93,144,31,0,0,8,8,144,10,0,0,33,200,50,53,63,28,218,254,5,69,196,17,195,1,53,63,93,254,28,68,129,0,0,0,4,17,195,2,1,0,91,0,64,18,41,0,0,8,8,145,10,0,0,33,29,50,53,63,28,175,254,28,68,129,0,0,2,4,140,102,1,1,0,178,0,253,174,42,0,0,8,24,140,10,0,0,41,164,9,140,102,29,27,254,28,68,129,0,0,5,4,140,102,1,1,0,178,0,243,175,42,0,0,8,24,141,10,0,0,33,243,14,140,102,29,74,254,37,68,129,0,0,3,4,140,102,1,1,0,178,0,214,176,42,0,0,17,24,142,10,0,0,41,215,3,20,0,40,255,16,0,41,106,38,140,102,29,194,254,5,69,196,211,149,1,53,63,201,254,31,68,129,0,0,1,0,211,149,1,1,0,87,0,128,254,44,0,0,11,8,21,10,33,0,32,200,32,0,32,30,53,63,28,69,254,5,69,196,211,149,1,53,63,201,254,31,68,129,0,0,1,0,211,149,1,1,0,87,0,252,169,45,0,0,11,8,21,10,33,0,32,200,32,0,32,30,53,63,28,111,254,5,69,196,211,149,1,53,63,201,254,31,68,129,0,0,1,0,211,149,1,1,0,87,0,5,84,46,0,0,11,8,21,10,33,0,32,200,32,0,32,30,53,63,28,104,254,5,69,196,211,149,1,53,63,201,254,31,68,129,0,0,1,0,211,149,1,1,0,87,0,139,255,46,0,0,11,8,21,10,33,0,32,200,32,0,32,30,53,63,28,77,254,5,69,196,211,149,1,53,63,201,254,31,68,129,0,0,1,0,211,149,1,1,0,87,0,61,169,47,0,0,11,8,21,10,33,0,32,200,32,0,32,30,53,63,28,172,254,5,69,196,17,195,1,53,63,93,254,28,68,129,0,0,0,4,17,195,2,1,0,87,0,6,148,50,0,0,8,8,146,10,0,0,33,209,49,53,63,28,180,254,5,69,196,17,195,1,53,63,93,254,28,68,129,0,0,0,4,17,195,2,1,0,87,0,93,14,60,0,0,8,8,147,10,0,0,33,184,49,53,63,28,19,254,5,69,196,17,195,1,53,63,93,254,28,68,129,0,0,0,4,17,195,2,1,0,87,0,162,195,69,0,0,8,8,148,10,0,0,33,209,49,53,63,28,54,254,5,69,196,17,195,1,53,63,93,254,28,68,129,0,0,0,4,17,195,2,1,0,87,0,85,222,88,0,0,8,8,149,10,0,0,33,234,49,53,63,28,251,254,5,69,196,17,195,1,53,63,93,254,28,68,129,0,0,0,4,17,195,2,1,0,87,0,209,97,98,0,0,8,8,150,10,0,0,33,4,50,53,63,28,20,254,28,68,129,0,0,2,4,138,128,1,1,0,94,0,46,8,99,0,0,8,24,213,10,0,0,41,57,9,138,128,29,15,254,28,68,129,0,0,5,4,138,128,1,1,0,91,0,56,9,99,0,0,8,24,214,10,0,0,33,166,15,138,128,29,136,254,37,68,129,0,0,3,4,138,128,1,1,0,91,0,67,10,99,0,0,17,24,215,10,0,0,41,215,3,20,0,40,255,16,0,41,105,38,138,128,29,23,254,5,69,196,17,195,1,53,63,93,254,28,68,129,0,0,0,4,17,195,2,1,0,83,0,119,189,112,0,0,8,8,151,10,0,0,33,234,49,53,63,28,148,254,5,69,196,17,195,1,53,63,93,254,28,68,129,0,0,0,4,17,195,2,1,0,83,0,31,65,122,0,0,8,8,152,10,0,0,33,209,49,53,63,28,62,254,1,100,1,0,100,254,3,68,128,0,1,3,197]
[2026-03-12 13:05:11] debug: 	zh:zstack:unpi:parser: --> parsed 5 - 2 - 5 - 196 - [17,195,1,53,63] - 93
[2026-03-12 13:05:11] debug: 	zh:zstack:znp: <-- AREQ: ZDO - srcRtgInd
[2026-03-12 13:05:11] debug: 	zh:zstack:unpi:parser: --- parseNext [254,28,68,129,0,0,0,4,17,195,2,1,0,87,0,54,140,12,0,0,8,8,142,10,0,0,33,198,65,53,63,28,217,254,5,69,196,17,195,1,53,63,93,254,28,68,129,0,0,0,4,17,195,2,1,0,91,0,197,6,22,0,0,8,8,143,10,0,0,33,12,52,53,63,28,8,254,5,69,196,17,195,1,53,63,93,254,28,68,129,0,0,0,4,17,195,2,1,0,83,0,93,144,31,0,0,8,8,144,10,0,0,33,200,50,53,63,28,218,254,5,69,196,17,195,1,53,63,93,254,28,68,129,0,0,0,4,17,195,2,1,0,91,0,64,18,41,0,0,8,8,145,10,0,0,33,29,50,53,63,28,175,254,28,68,129,0,0,2,4,140,102,1,1,0,178,0,253,174,42,0,0,8,24,140,10,0,0,41,164,9,140,102,29,27,254,28,68,129,0,0,5,4,140,102,1,1,0,178,0,243,175,42,0,0,8,24,141,10,0,0,33,243,14,140,102,29,74,254,37,68,129,0,0,3,4,140,102,1,1,0,178,0,214,176,42,0,0,17,24,142,10,0,0,41,215,3,20,0,40,255,16,0,41,106,38,140,102,29,194,254,5,69,196,211,149,1,53,63,201,254,31,68,129,0,0,1,0,211,149,1,1,0,87,0,128,254,44,0,0,11,8,21,10,33,0,32,200,32,0,32,30,53,63,28,69,254,5,69,196,211,149,1,53,63,201,254,31,68,129,0,0,1,0,211,149,1,1,0,87,0,252,169,45,0,0,11,8,21,10,33,0,32,200,32,0,32,30,53,63,28,111,254,5,69,196,211,149,1,53,63,201,254,31,68,129,0,0,1,0,211,149,1,1,0,87,0,5,84,46,0,0,11,8,21,10,33,0,32,200,32,0,32,30,53,63,28,104,254,5,69,196,211,149,1,53,63,201,254,31,68,129,0,0,1,0,211,149,1,1,0,87,0,139,255,46,0,0,11,8,21,10,33,0,32,200,32,0,32,30,53,63,28,77,254,5,69,196,211,149,1,53,63,201,254,31,68,129,0,0,1,0,211,149,1,1,0,87,0,61,169,47,0,0,11,8,21,10,33,0,32,200,32,0,32,30,53,63,28,172,254,5,69,196,17,195,1,53,63,93,254,28,68,129,0,0,0,4,17,195,2,1,0,87,0,6,148,50,0,0,8,8,146,10,0,0,33,209,49,53,63,28,180,254,5,69,196,17,195,1,53,63,93,254,28,68,129,0,0,0,4,17,195,2,1,0,87,0,93,14,60,0,0,8,8,147,10,0,0,33,184,49,53,63,28,19,254,5,69,196,17,195,1,53,63,93,254,28,68,129,0,0,0,4,17,195,2,1,0,87,0,162,195,69,0,0,8,8,148,10,0,0,33,209,49,53,63,28,54,254,5,69,196,17,195,1,53,63,93,254,28,68,129,0,0,0,4,17,195,2,1,0,87,0,85,222,88,0,0,8,8,149,10,0,0,33,234,49,53,63,28,251,254,5,69,196,17,195,1,53,63,93,254,28,68,129,0,0,0,4,17,195,2,1,0,87,0,209,97,98,0,0,8,8,150,10,0,0,33,4,50,53,63,28,20,254,28,68,129,0,0,2,4,138,128,1,1,0,94,0,46,8,99,0,0,8,24,213,10,0,0,41,57,9,138,128,29,15,254,28,68,129,0,0,5,4,138,128,1,1,0,91,0,56,9,99,0,0,8,24,214,10,0,0,33,166,15,138,128,29,136,254,37,68,129,0,0,3,4,138,128,1,1,0,91,0,67,10,99,0,0,17,24,215,10,0,0,41,215,3,20,0,40,255,16,0,41,105,38,138,128,29,23,254,5,69,196,17,195,1,53,63,93,254,28,68,129,0,0,0,4,17,195,2,1,0,83,0,119,189,112,0,0,8,8,151,10,0,0,33,234,49,53,63,28,148,254,5,69,196,17,195,1,53,63,93,254,28,68,129,0,0,0,4,17,195,2,1,0,83,0,31,65,122,0,0,8,8,152,10,0,0,33,209,49,53,63,28,62,254,1,100,1,0,100,254,3,68,128,0,1,3,197]
[2026-03-12 13:05:11] debug: 	zh:zstack:unpi:parser: --> parsed 28 - 2 - 4 - 129 - [0,0,0,4,17,195,2,1,0,87,0,54,140,12,0,0,8,8,142,10,0,0,33,198,65,53,63,28] - 217
[2026-03-12 13:05:11] debug: 	zh:zstack:znp: <-- AREQ: AF - incomingMsg - {"groupid":0,"clusterid":1024,"srcaddr":49937,"srcendpoint":2,"dstendpoint":1,"wasbroadcast":0,"linkquality":87,"securityuse":0,"timestamp":822326,"transseqnumber":0,"len":8,"data":{"type":"Buffer","data":[8,142,10,0,0,33,198,65]}}
[2026-03-12 13:05:11] debug: 	zh:controller: Received payload: clusterID=1024, address=49937, groupID=0, endpoint=2, destinationEndpoint=1, wasBroadcast=false, linkQuality=87, frame={"header":{"frameControl":{"frameType":0,"manufacturerSpecific":false,"direction":1,"disableDefaultResponse":false,"reservedBits":0},"transactionSequenceNumber":142,"commandIdentifier":10},"payload":[{"attrId":0,"dataType":33,"attrData":16838}],"command":{"ID":10,"name":"report","parameters":[{"name":"attrId","type":9},{"name":"dataType","type":8},{"name":"attrData","type":1000}]}}
[2026-03-12 13:05:11] debug: 	zh:controller:endpoint: ZCL command 0x001788010916738d/2 msIlluminanceMeasurement.defaultRsp({"cmdId":10,"statusCode":0}, {"timeout":10000,"disableResponse":false,"disableRecovery":false,"disableDefaultResponse":true,"direction":1,"reservedBits":0,"transactionSequenceNumber":142,"writeUndiv":false})
[2026-03-12 13:05:11] debug: 	zh:zstack:unpi:parser: --- parseNext [254,5,69,196,17,195,1,53,63,93,254,28,68,129,0,0,0,4,17,195,2,1,0,91,0,197,6,22,0,0,8,8,143,10,0,0,33,12,52,53,63,28,8,254,5,69,196,17,195,1,53,63,93,254,28,68,129,0,0,0,4,17,195,2,1,0,83,0,93,144,31,0,0,8,8,144,10,0,0,33,200,50,53,63,28,218,254,5,69,196,17,195,1,53,63,93,254,28,68,129,0,0,0,4,17,195,2,1,0,91,0,64,18,41,0,0,8,8,145,10,0,0,33,29,50,53,63,28,175,254,28,68,129,0,0,2,4,140,102,1,1,0,178,0,253,174,42,0,0,8,24,140,10,0,0,41,164,9,140,102,29,27,254,28,68,129,0,0,5,4,140,102,1,1,0,178,0,243,175,42,0,0,8,24,141,10,0,0,33,243,14,140,102,29,74,254,37,68,129,0,0,3,4,140,102,1,1,0,178,0,214,176,42,0,0,17,24,142,10,0,0,41,215,3,20,0,40,255,16,0,41,106,38,140,102,29,194,254,5,69,196,211,149,1,53,63,201,254,31,68,129,0,0,1,0,211,149,1,1,0,87,0,128,254,44,0,0,11,8,21,10,33,0,32,200,32,0,32,30,53,63,28,69,254,5,69,196,211,149,1,53,63,201,254,31,68,129,0,0,1,0,211,149,1,1,0,87,0,252,169,45,0,0,11,8,21,10,33,0,32,200,32,0,32,30,53,63,28,111,254,5,69,196,211,149,1,53,63,201,254,31,68,129,0,0,1,0,211,149,1,1,0,87,0,5,84,46,0,0,11,8,21,10,33,0,32,200,32,0,32,30,53,63,28,104,254,5,69,196,211,149,1,53,63,201,254,31,68,129,0,0,1,0,211,149,1,1,0,87,0,139,255,46,0,0,11,8,21,10,33,0,32,200,32,0,32,30,53,63,28,77,254,5,69,196,211,149,1,53,63,201,254,31,68,129,0,0,1,0,211,149,1,1,0,87,0,61,169,47,0,0,11,8,21,10,33,0,32,200,32,0,32,30,53,63,28,172,254,5,69,196,17,195,1,53,63,93,254,28,68,129,0,0,0,4,17,195,2,1,0,87,0,6,148,50,0,0,8,8,146,10,0,0,33,209,49,53,63,28,180,254,5,69,196,17,195,1,53,63,93,254,28,68,129,0,0,0,4,17,195,2,1,0,87,0,93,14,60,0,0,8,8,147,10,0,0,33,184,49,53,63,28,19,254,5,69,196,17,195,1,53,63,93,254,28,68,129,0,0,0,4,17,195,2,1,0,87,0,162,195,69,0,0,8,8,148,10,0,0,33,209,49,53,63,28,54,254,5,69,196,17,195,1,53,63,93,254,28,68,129,0,0,0,4,17,195,2,1,0,87,0,85,222,88,0,0,8,8,149,10,0,0,33,234,49,53,63,28,251,254,5,69,196,17,195,1,53,63,93,254,28,68,129,0,0,0,4,17,195,2,1,0,87,0,209,97,98,0,0,8,8,150,10,0,0,33,4,50,53,63,28,20,254,28,68,129,0,0,2,4,138,128,1,1,0,94,0,46,8,99,0,0,8,24,213,10,0,0,41,57,9,138,128,29,15,254,28,68,129,0,0,5,4,138,128,1,1,0,91,0,56,9,99,0,0,8,24,214,10,0,0,33,166,15,138,128,29,136,254,37,68,129,0,0,3,4,138,128,1,1,0,91,0,67,10,99,0,0,17,24,215,10,0,0,41,215,3,20,0,40,255,16,0,41,105,38,138,128,29,23,254,5,69,196,17,195,1,53,63,93,254,28,68,129,0,0,0,4,17,195,2,1,0,83,0,119,189,112,0,0,8,8,151,10,0,0,33,234,49,53,63,28,148,254,5,69,196,17,195,1,53,63,93,254,28,68,129,0,0,0,4,17,195,2,1,0,83,0,31,65,122,0,0,8,8,152,10,0,0,33,209,49,53,63,28,62,254,1,100,1,0,100,254,3,68,128,0,1,3,197]
[2026-03-12 13:05:11] debug: 	zh:zstack:unpi:parser: --> parsed 5 - 2 - 5 - 196 - [17,195,1,53,63] - 93
[2026-03-12 13:05:11] debug: 	zh:zstack:znp: <-- AREQ: ZDO - srcRtgInd
[2026-03-12 13:05:11] debug: 	zh:zstack:unpi:parser: --- parseNext [254,28,68,129,0,0,0,4,17,195,2,1,0,91,0,197,6,22,0,0,8,8,143,10,0,0,33,12,52,53,63,28,8,254,5,69,196,17,195,1,53,63,93,254,28,68,129,0,0,0,4,17,195,2,1,0,83,0,93,144,31,0,0,8,8,144,10,0,0,33,200,50,53,63,28,218,254,5,69,196,17,195,1,53,63,93,254,28,68,129,0,0,0,4,17,195,2,1,0,91,0,64,18,41,0,0,8,8,145,10,0,0,33,29,50,53,63,28,175,254,28,68,129,0,0,2,4,140,102,1,1,0,178,0,253,174,42,0,0,8,24,140,10,0,0,41,164,9,140,102,29,27,254,28,68,129,0,0,5,4,140,102,1,1,0,178,0,243,175,42,0,0,8,24,141,10,0,0,33,243,14,140,102,29,74,254,37,68,129,0,0,3,4,140,102,1,1,0,178,0,214,176,42,0,0,17,24,142,10,0,0,41,215,3,20,0,40,255,16,0,41,106,38,140,102,29,194,254,5,69,196,211,149,1,53,63,201,254,31,68,129,0,0,1,0,211,149,1,1,0,87,0,128,254,44,0,0,11,8,21,10,33,0,32,200,32,0,32,30,53,63,28,69,254,5,69,196,211,149,1,53,63,201,254,31,68,129,0,0,1,0,211,149,1,1,0,87,0,252,169,45,0,0,11,8,21,10,33,0,32,200,32,0,32,30,53,63,28,111,254,5,69,196,211,149,1,53,63,201,254,31,68,129,0,0,1,0,211,149,1,1,0,87,0,5,84,46,0,0,11,8,21,10,33,0,32,200,32,0,32,30,53,63,28,104,254,5,69,196,211,149,1,53,63,201,254,31,68,129,0,0,1,0,211,149,1,1,0,87,0,139,255,46,0,0,11,8,21,10,33,0,32,200,32,0,32,30,53,63,28,77,254,5,69,196,211,149,1,53,63,201,254,31,68,129,0,0,1,0,211,149,1,1,0,87,0,61,169,47,0,0,11,8,21,10,33,0,32,200,32,0,32,30,53,63,28,172,254,5,69,196,17,195,1,53,63,93,254,28,68,129,0,0,0,4,17,195,2,1,0,87,0,6,148,50,0,0,8,8,146,10,0,0,33,209,49,53,63,28,180,254,5,69,196,17,195,1,53,63,93,254,28,68,129,0,0,0,4,17,195,2,1,0,87,0,93,14,60,0,0,8,8,147,10,0,0,33,184,49,53,63,28,19,254,5,69,196,17,195,1,53,63,93,254,28,68,129,0,0,0,4,17,195,2,1,0,87,0,162,195,69,0,0,8,8,148,10,0,0,33,209,49,53,63,28,54,254,5,69,196,17,195,1,53,63,93,254,28,68,129,0,0,0,4,17,195,2,1,0,87,0,85,222,88,0,0,8,8,149,10,0,0,33,234,49,53,63,28,251,254,5,69,196,17,195,1,53,63,93,254,28,68,129,0,0,0,4,17,195,2,1,0,87,0,209,97,98,0,0,8,8,150,10,0,0,33,4,50,53,63,28,20,254,28,68,129,0,0,2,4,138,128,1,1,0,94,0,46,8,99,0,0,8,24,213,10,0,0,41,57,9,138,128,29,15,254,28,68,129,0,0,5,4,138,128,1,1,0,91,0,56,9,99,0,0,8,24,214,10,0,0,33,166,15,138,128,29,136,254,37,68,129,0,0,3,4,138,128,1,1,0,91,0,67,10,99,0,0,17,24,215,10,0,0,41,215,3,20,0,40,255,16,0,41,105,38,138,128,29,23,254,5,69,196,17,195,1,53,63,93,254,28,68,129,0,0,0,4,17,195,2,1,0,83,0,119,189,112,0,0,8,8,151,10,0,0,33,234,49,53,63,28,148,254,5,69,196,17,195,1,53,63,93,254,28,68,129,0,0,0,4,17,195,2,1,0,83,0,31,65,122,0,0,8,8,152,10,0,0,33,209,49,53,63,28,62,254,1,100,1,0,100,254,3,68,128,0,1,3,197]
[2026-03-12 13:05:11] debug: 	zh:zstack:unpi:parser: --> parsed 28 - 2 - 4 - 129 - [0,0,0,4,17,195,2,1,0,91,0,197,6,22,0,0,8,8,143,10,0,0,33,12,52,53,63,28] - 8
[2026-03-12 13:05:11] debug: 	zh:zstack:znp: <-- AREQ: AF - incomingMsg - {"groupid":0,"clusterid":1024,"srcaddr":49937,"srcendpoint":2,"dstendpoint":1,"wasbroadcast":0,"linkquality":91,"securityuse":0,"timestamp":1443525,"transseqnumber":0,"len":8,"data":{"type":"Buffer","data":[8,143,10,0,0,33,12,52]}}
[2026-03-12 13:05:11] debug: 	zh:controller: Received payload: clusterID=1024, address=49937, groupID=0, endpoint=2, destinationEndpoint=1, wasBroadcast=false, linkQuality=91, frame={"header":{"frameControl":{"frameType":0,"manufacturerSpecific":false,"direction":1,"disableDefaultResponse":false,"reservedBits":0},"transactionSequenceNumber":143,"commandIdentifier":10},"payload":[{"attrId":0,"dataType":33,"attrData":13324}],"command":{"ID":10,"name":"report","parameters":[{"name":"attrId","type":9},{"name":"dataType","type":8},{"name":"attrData","type":1000}]}}
[2026-03-12 13:05:11] debug: 	zh:controller:endpoint: ZCL command 0x001788010916738d/2 msIlluminanceMeasurement.defaultRsp({"cmdId":10,"statusCode":0}, {"timeout":10000,"disableResponse":false,"disableRecovery":false,"disableDefaultResponse":true,"direction":1,"reservedBits":0,"transactionSequenceNumber":143,"writeUndiv":false})
[2026-03-12 13:05:11] debug: 	zh:zstack:unpi:parser: --- parseNext [254,5,69,196,17,195,1,53,63,93,254,28,68,129,0,0,0,4,17,195,2,1,0,83,0,93,144,31,0,0,8,8,144,10,0,0,33,200,50,53,63,28,218,254,5,69,196,17,195,1,53,63,93,254,28,68,129,0,0,0,4,17,195,2,1,0,91,0,64,18,41,0,0,8,8,145,10,0,0,33,29,50,53,63,28,175,254,28,68,129,0,0,2,4,140,102,1,1,0,178,0,253,174,42,0,0,8,24,140,10,0,0,41,164,9,140,102,29,27,254,28,68,129,0,0,5,4,140,102,1,1,0,178,0,243,175,42,0,0,8,24,141,10,0,0,33,243,14,140,102,29,74,254,37,68,129,0,0,3,4,140,102,1,1,0,178,0,214,176,42,0,0,17,24,142,10,0,0,41,215,3,20,0,40,255,16,0,41,106,38,140,102,29,194,254,5,69,196,211,149,1,53,63,201,254,31,68,129,0,0,1,0,211,149,1,1,0,87,0,128,254,44,0,0,11,8,21,10,33,0,32,200,32,0,32,30,53,63,28,69,254,5,69,196,211,149,1,53,63,201,254,31,68,129,0,0,1,0,211,149,1,1,0,87,0,252,169,45,0,0,11,8,21,10,33,0,32,200,32,0,32,30,53,63,28,111,254,5,69,196,211,149,1,53,63,201,254,31,68,129,0,0,1,0,211,149,1,1,0,87,0,5,84,46,0,0,11,8,21,10,33,0,32,200,32,0,32,30,53,63,28,104,254,5,69,196,211,149,1,53,63,201,254,31,68,129,0,0,1,0,211,149,1,1,0,87,0,139,255,46,0,0,11,8,21,10,33,0,32,200,32,0,32,30,53,63,28,77,254,5,69,196,211,149,1,53,63,201,254,31,68,129,0,0,1,0,211,149,1,1,0,87,0,61,169,47,0,0,11,8,21,10,33,0,32,200,32,0,32,30,53,63,28,172,254,5,69,196,17,195,1,53,63,93,254,28,68,129,0,0,0,4,17,195,2,1,0,87,0,6,148,50,0,0,8,8,146,10,0,0,33,209,49,53,63,28,180,254,5,69,196,17,195,1,53,63,93,254,28,68,129,0,0,0,4,17,195,2,1,0,87,0,93,14,60,0,0,8,8,147,10,0,0,33,184,49,53,63,28,19,254,5,69,196,17,195,1,53,63,93,254,28,68,129,0,0,0,4,17,195,2,1,0,87,0,162,195,69,0,0,8,8,148,10,0,0,33,209,49,53,63,28,54,254,5,69,196,17,195,1,53,63,93,254,28,68,129,0,0,0,4,17,195,2,1,0,87,0,85,222,88,0,0,8,8,149,10,0,0,33,234,49,53,63,28,251,254,5,69,196,17,195,1,53,63,93,254,28,68,129,0,0,0,4,17,195,2,1,0,87,0,209,97,98,0,0,8,8,150,10,0,0,33,4,50,53,63,28,20,254,28,68,129,0,0,2,4,138,128,1,1,0,94,0,46,8,99,0,0,8,24,213,10,0,0,41,57,9,138,128,29,15,254,28,68,129,0,0,5,4,138,128,1,1,0,91,0,56,9,99,0,0,8,24,214,10,0,0,33,166,15,138,128,29,136,254,37,68,129,0,0,3,4,138,128,1,1,0,91,0,67,10,99,0,0,17,24,215,10,0,0,41,215,3,20,0,40,255,16,0,41,105,38,138,128,29,23,254,5,69,196,17,195,1,53,63,93,254,28,68,129,0,0,0,4,17,195,2,1,0,83,0,119,189,112,0,0,8,8,151,10,0,0,33,234,49,53,63,28,148,254,5,69,196,17,195,1,53,63,93,254,28,68,129,0,0,0,4,17,195,2,1,0,83,0,31,65,122,0,0,8,8,152,10,0,0,33,209,49,53,63,28,62,254,1,100,1,0,100,254,3,68,128,0,1,3,197]
[2026-03-12 13:05:11] debug: 	zh:zstack:unpi:parser: --> parsed 5 - 2 - 5 - 196 - [17,195,1,53,63] - 93
[2026-03-12 13:05:11] debug: 	zh:zstack:znp: <-- AREQ: ZDO - srcRtgInd
[2026-03-12 13:05:11] debug: 	zh:zstack:unpi:parser: --- parseNext [254,28,68,129,0,0,0,4,17,195,2,1,0,83,0,93,144,31,0,0,8,8,144,10,0,0,33,200,50,53,63,28,218,254,5,69,196,17,195,1,53,63,93,254,28,68,129,0,0,0,4,17,195,2,1,0,91,0,64,18,41,0,0,8,8,145,10,0,0,33,29,50,53,63,28,175,254,28,68,129,0,0,2,4,140,102,1,1,0,178,0,253,174,42,0,0,8,24,140,10,0,0,41,164,9,140,102,29,27,254,28,68,129,0,0,5,4,140,102,1,1,0,178,0,243,175,42,0,0,8,24,141,10,0,0,33,243,14,140,102,29,74,254,37,68,129,0,0,3,4,140,102,1,1,0,178,0,214,176,42,0,0,17,24,142,10,0,0,41,215,3,20,0,40,255,16,0,41,106,38,140,102,29,194,254,5,69,196,211,149,1,53,63,201,254,31,68,129,0,0,1,0,211,149,1,1,0,87,0,128,254,44,0,0,11,8,21,10,33,0,32,200,32,0,32,30,53,63,28,69,254,5,69,196,211,149,1,53,63,201,254,31,68,129,0,0,1,0,211,149,1,1,0,87,0,252,169,45,0,0,11,8,21,10,33,0,32,200,32,0,32,30,53,63,28,111,254,5,69,196,211,149,1,53,63,201,254,31,68,129,0,0,1,0,211,149,1,1,0,87,0,5,84,46,0,0,11,8,21,10,33,0,32,200,32,0,32,30,53,63,28,104,254,5,69,196,211,149,1,53,63,201,254,31,68,129,0,0,1,0,211,149,1,1,0,87,0,139,255,46,0,0,11,8,21,10,33,0,32,200,32,0,32,30,53,63,28,77,254,5,69,196,211,149,1,53,63,201,254,31,68,129,0,0,1,0,211,149,1,1,0,87,0,61,169,47,0,0,11,8,21,10,33,0,32,200,32,0,32,30,53,63,28,172,254,5,69,196,17,195,1,53,63,93,254,28,68,129,0,0,0,4,17,195,2,1,0,87,0,6,148,50,0,0,8,8,146,10,0,0,33,209,49,53,63,28,180,254,5,69,196,17,195,1,53,63,93,254,28,68,129,0,0,0,4,17,195,2,1,0,87,0,93,14,60,0,0,8,8,147,10,0,0,33,184,49,53,63,28,19,254,5,69,196,17,195,1,53,63,93,254,28,68,129,0,0,0,4,17,195,2,1,0,87,0,162,195,69,0,0,8,8,148,10,0,0,33,209,49,53,63,28,54,254,5,69,196,17,195,1,53,63,93,254,28,68,129,0,0,0,4,17,195,2,1,0,87,0,85,222,88,0,0,8,8,149,10,0,0,33,234,49,53,63,28,251,254,5,69,196,17,195,1,53,63,93,254,28,68,129,0,0,0,4,17,195,2,1,0,87,0,209,97,98,0,0,8,8,150,10,0,0,33,4,50,53,63,28,20,254,28,68,129,0,0,2,4,138,128,1,1,0,94,0,46,8,99,0,0,8,24,213,10,0,0,41,57,9,138,128,29,15,254,28,68,129,0,0,5,4,138,128,1,1,0,91,0,56,9,99,0,0,8,24,214,10,0,0,33,166,15,138,128,29,136,254,37,68,129,0,0,3,4,138,128,1,1,0,91,0,67,10,99,0,0,17,24,215,10,0,0,41,215,3,20,0,40,255,16,0,41,105,38,138,128,29,23,254,5,69,196,17,195,1,53,63,93,254,28,68,129,0,0,0,4,17,195,2,1,0,83,0,119,189,112,0,0,8,8,151,10,0,0,33,234,49,53,63,28,148,254,5,69,196,17,195,1,53,63,93,254,28,68,129,0,0,0,4,17,195,2,1,0,83,0,31,65,122,0,0,8,8,152,10,0,0,33,209,49,53,63,28,62,254,1,100,1,0,100,254,3,68,128,0,1,3,197]
[2026-03-12 13:05:11] debug: 	zh:zstack:unpi:parser: --> parsed 28 - 2 - 4 - 129 - [0,0,0,4,17,195,2,1,0,83,0,93,144,31,0,0,8,8,144,10,0,0,33,200,50,53,63,28] - 218
[2026-03-12 13:05:11] debug: 	zh:zstack:znp: <-- AREQ: AF - incomingMsg - {"groupid":0,"clusterid":1024,"srcaddr":49937,"srcendpoint":2,"dstendpoint":1,"wasbroadcast":0,"linkquality":83,"securityuse":0,"timestamp":2068573,"transseqnumber":0,"len":8,"data":{"type":"Buffer","data":[8,144,10,0,0,33,200,50]}}
[2026-03-12 13:05:11] debug: 	zh:controller: Received payload: clusterID=1024, address=49937, groupID=0, endpoint=2, destinationEndpoint=1, wasBroadcast=false, linkQuality=83, frame={"header":{"frameControl":{"frameType":0,"manufacturerSpecific":false,"direction":1,"disableDefaultResponse":false,"reservedBits":0},"transactionSequenceNumber":144,"commandIdentifier":10},"payload":[{"attrId":0,"dataType":33,"attrData":13000}],"command":{"ID":10,"name":"report","parameters":[{"name":"attrId","type":9},{"name":"dataType","type":8},{"name":"attrData","type":1000}]}}
[2026-03-12 13:05:11] debug: 	zh:controller:endpoint: ZCL command 0x001788010916738d/2 msIlluminanceMeasurement.defaultRsp({"cmdId":10,"statusCode":0}, {"timeout":10000,"disableResponse":false,"disableRecovery":false,"disableDefaultResponse":true,"direction":1,"reservedBits":0,"transactionSequenceNumber":144,"writeUndiv":false})
[2026-03-12 13:05:11] debug: 	zh:zstack:unpi:parser: --- parseNext [254,5,69,196,17,195,1,53,63,93,254,28,68,129,0,0,0,4,17,195,2,1,0,91,0,64,18,41,0,0,8,8,145,10,0,0,33,29,50,53,63,28,175,254,28,68,129,0,0,2,4,140,102,1,1,0,178,0,253,174,42,0,0,8,24,140,10,0,0,41,164,9,140,102,29,27,254,28,68,129,0,0,5,4,140,102,1,1,0,178,0,243,175,42,0,0,8,24,141,10,0,0,33,243,14,140,102,29,74,254,37,68,129,0,0,3,4,140,102,1,1,0,178,0,214,176,42,0,0,17,24,142,10,0,0,41,215,3,20,0,40,255,16,0,41,106,38,140,102,29,194,254,5,69,196,211,149,1,53,63,201,254,31,68,129,0,0,1,0,211,149,1,1,0,87,0,128,254,44,0,0,11,8,21,10,33,0,32,200,32,0,32,30,53,63,28,69,254,5,69,196,211,149,1,53,63,201,254,31,68,129,0,0,1,0,211,149,1,1,0,87,0,252,169,45,0,0,11,8,21,10,33,0,32,200,32,0,32,30,53,63,28,111,254,5,69,196,211,149,1,53,63,201,254,31,68,129,0,0,1,0,211,149,1,1,0,87,0,5,84,46,0,0,11,8,21,10,33,0,32,200,32,0,32,30,53,63,28,104,254,5,69,196,211,149,1,53,63,201,254,31,68,129,0,0,1,0,211,149,1,1,0,87,0,139,255,46,0,0,11,8,21,10,33,0,32,200,32,0,32,30,53,63,28,77,254,5,69,196,211,149,1,53,63,201,254,31,68,129,0,0,1,0,211,149,1,1,0,87,0,61,169,47,0,0,11,8,21,10,33,0,32,200,32,0,32,30,53,63,28,172,254,5,69,196,17,195,1,53,63,93,254,28,68,129,0,0,0,4,17,195,2,1,0,87,0,6,148,50,0,0,8,8,146,10,0,0,33,209,49,53,63,28,180,254,5,69,196,17,195,1,53,63,93,254,28,68,129,0,0,0,4,17,195,2,1,0,87,0,93,14,60,0,0,8,8,147,10,0,0,33,184,49,53,63,28,19,254,5,69,196,17,195,1,53,63,93,254,28,68,129,0,0,0,4,17,195,2,1,0,87,0,162,195,69,0,0,8,8,148,10,0,0,33,209,49,53,63,28,54,254,5,69,196,17,195,1,53,63,93,254,28,68,129,0,0,0,4,17,195,2,1,0,87,0,85,222,88,0,0,8,8,149,10,0,0,33,234,49,53,63,28,251,254,5,69,196,17,195,1,53,63,93,254,28,68,129,0,0,0,4,17,195,2,1,0,87,0,209,97,98,0,0,8,8,150,10,0,0,33,4,50,53,63,28,20,254,28,68,129,0,0,2,4,138,128,1,1,0,94,0,46,8,99,0,0,8,24,213,10,0,0,41,57,9,138,128,29,15,254,28,68,129,0,0,5,4,138,128,1,1,0,91,0,56,9,99,0,0,8,24,214,10,0,0,33,166,15,138,128,29,136,254,37,68,129,0,0,3,4,138,128,1,1,0,91,0,67,10,99,0,0,17,24,215,10,0,0,41,215,3,20,0,40,255,16,0,41,105,38,138,128,29,23,254,5,69,196,17,195,1,53,63,93,254,28,68,129,0,0,0,4,17,195,2,1,0,83,0,119,189,112,0,0,8,8,151,10,0,0,33,234,49,53,63,28,148,254,5,69,196,17,195,1,53,63,93,254,28,68,129,0,0,0,4,17,195,2,1,0,83,0,31,65,122,0,0,8,8,152,10,0,0,33,209,49,53,63,28,62,254,1,100,1,0,100,254,3,68,128,0,1,3,197]
[2026-03-12 13:05:11] debug: 	zh:zstack:unpi:parser: --> parsed 5 - 2 - 5 - 196 - [17,195,1,53,63] - 93
[2026-03-12 13:05:11] debug: 	zh:zstack:znp: <-- AREQ: ZDO - srcRtgInd
[2026-03-12 13:05:11] debug: 	zh:zstack:unpi:parser: --- parseNext [254,28,68,129,0,0,0,4,17,195,2,1,0,91,0,64,18,41,0,0,8,8,145,10,0,0,33,29,50,53,63,28,175,254,28,68,129,0,0,2,4,140,102,1,1,0,178,0,253,174,42,0,0,8,24,140,10,0,0,41,164,9,140,102,29,27,254,28,68,129,0,0,5,4,140,102,1,1,0,178,0,243,175,42,0,0,8,24,141,10,0,0,33,243,14,140,102,29,74,254,37,68,129,0,0,3,4,140,102,1,1,0,178,0,214,176,42,0,0,17,24,142,10,0,0,41,215,3,20,0,40,255,16,0,41,106,38,140,102,29,194,254,5,69,196,211,149,1,53,63,201,254,31,68,129,0,0,1,0,211,149,1,1,0,87,0,128,254,44,0,0,11,8,21,10,33,0,32,200,32,0,32,30,53,63,28,69,254,5,69,196,211,149,1,53,63,201,254,31,68,129,0,0,1,0,211,149,1,1,0,87,0,252,169,45,0,0,11,8,21,10,33,0,32,200,32,0,32,30,53,63,28,111,254,5,69,196,211,149,1,53,63,201,254,31,68,129,0,0,1,0,211,149,1,1,0,87,0,5,84,46,0,0,11,8,21,10,33,0,32,200,32,0,32,30,53,63,28,104,254,5,69,196,211,149,1,53,63,201,254,31,68,129,0,0,1,0,211,149,1,1,0,87,0,139,255,46,0,0,11,8,21,10,33,0,32,200,32,0,32,30,53,63,28,77,254,5,69,196,211,149,1,53,63,201,254,31,68,129,0,0,1,0,211,149,1,1,0,87,0,61,169,47,0,0,11,8,21,10,33,0,32,200,32,0,32,30,53,63,28,172,254,5,69,196,17,195,1,53,63,93,254,28,68,129,0,0,0,4,17,195,2,1,0,87,0,6,148,50,0,0,8,8,146,10,0,0,33,209,49,53,63,28,180,254,5,69,196,17,195,1,53,63,93,254,28,68,129,0,0,0,4,17,195,2,1,0,87,0,93,14,60,0,0,8,8,147,10,0,0,33,184,49,53,63,28,19,254,5,69,196,17,195,1,53,63,93,254,28,68,129,0,0,0,4,17,195,2,1,0,87,0,162,195,69,0,0,8,8,148,10,0,0,33,209,49,53,63,28,54,254,5,69,196,17,195,1,53,63,93,254,28,68,129,0,0,0,4,17,195,2,1,0,87,0,85,222,88,0,0,8,8,149,10,0,0,33,234,49,53,63,28,251,254,5,69,196,17,195,1,53,63,93,254,28,68,129,0,0,0,4,17,195,2,1,0,87,0,209,97,98,0,0,8,8,150,10,0,0,33,4,50,53,63,28,20,254,28,68,129,0,0,2,4,138,128,1,1,0,94,0,46,8,99,0,0,8,24,213,10,0,0,41,57,9,138,128,29,15,254,28,68,129,0,0,5,4,138,128,1,1,0,91,0,56,9,99,0,0,8,24,214,10,0,0,33,166,15,138,128,29,136,254,37,68,129,0,0,3,4,138,128,1,1,0,91,0,67,10,99,0,0,17,24,215,10,0,0,41,215,3,20,0,40,255,16,0,41,105,38,138,128,29,23,254,5,69,196,17,195,1,53,63,93,254,28,68,129,0,0,0,4,17,195,2,1,0,83,0,119,189,112,0,0,8,8,151,10,0,0,33,234,49,53,63,28,148,254,5,69,196,17,195,1,53,63,93,254,28,68,129,0,0,0,4,17,195,2,1,0,83,0,31,65,122,0,0,8,8,152,10,0,0,33,209,49,53,63,28,62,254,1,100,1,0,100,254,3,68,128,0,1,3,197]
[2026-03-12 13:05:11] debug: 	zh:zstack:unpi:parser: --> parsed 28 - 2 - 4 - 129 - [0,0,0,4,17,195,2,1,0,91,0,64,18,41,0,0,8,8,145,10,0,0,33,29,50,53,63,28] - 175
[2026-03-12 13:05:11] debug: 	zh:zstack:znp: <-- AREQ: AF - incomingMsg - {"groupid":0,"clusterid":1024,"srcaddr":49937,"srcendpoint":2,"dstendpoint":1,"wasbroadcast":0,"linkquality":91,"securityuse":0,"timestamp":2691648,"transseqnumber":0,"len":8,"data":{"type":"Buffer","data":[8,145,10,0,0,33,29,50]}}
[2026-03-12 13:05:11] debug: 	zh:controller: Received payload: clusterID=1024, address=49937, groupID=0, endpoint=2, destinationEndpoint=1, wasBroadcast=false, linkQuality=91, frame={"header":{"frameControl":{"frameType":0,"manufacturerSpecific":false,"direction":1,"disableDefaultResponse":false,"reservedBits":0},"transactionSequenceNumber":145,"commandIdentifier":10},"payload":[{"attrId":0,"dataType":33,"attrData":12829}],"command":{"ID":10,"name":"report","parameters":[{"name":"attrId","type":9},{"name":"dataType","type":8},{"name":"attrData","type":1000}]}}
[2026-03-12 13:05:11] debug: 	zh:controller:endpoint: ZCL command 0x001788010916738d/2 msIlluminanceMeasurement.defaultRsp({"cmdId":10,"statusCode":0}, {"timeout":10000,"disableResponse":false,"disableRecovery":false,"disableDefaultResponse":true,"direction":1,"reservedBits":0,"transactionSequenceNumber":145,"writeUndiv":false})
[2026-03-12 13:05:11] debug: 	zh:zstack:unpi:parser: --- parseNext [254,28,68,129,0,0,2,4,140,102,1,1,0,178,0,253,174,42,0,0,8,24,140,10,0,0,41,164,9,140,102,29,27,254,28,68,129,0,0,5,4,140,102,1,1,0,178,0,243,175,42,0,0,8,24,141,10,0,0,33,243,14,140,102,29,74,254,37,68,129,0,0,3,4,140,102,1,1,0,178,0,214,176,42,0,0,17,24,142,10,0,0,41,215,3,20,0,40,255,16,0,41,106,38,140,102,29,194,254,5,69,196,211,149,1,53,63,201,254,31,68,129,0,0,1,0,211,149,1,1,0,87,0,128,254,44,0,0,11,8,21,10,33,0,32,200,32,0,32,30,53,63,28,69,254,5,69,196,211,149,1,53,63,201,254,31,68,129,0,0,1,0,211,149,1,1,0,87,0,252,169,45,0,0,11,8,21,10,33,0,32,200,32,0,32,30,53,63,28,111,254,5,69,196,211,149,1,53,63,201,254,31,68,129,0,0,1,0,211,149,1,1,0,87,0,5,84,46,0,0,11,8,21,10,33,0,32,200,32,0,32,30,53,63,28,104,254,5,69,196,211,149,1,53,63,201,254,31,68,129,0,0,1,0,211,149,1,1,0,87,0,139,255,46,0,0,11,8,21,10,33,0,32,200,32,0,32,30,53,63,28,77,254,5,69,196,211,149,1,53,63,201,254,31,68,129,0,0,1,0,211,149,1,1,0,87,0,61,169,47,0,0,11,8,21,10,33,0,32,200,32,0,32,30,53,63,28,172,254,5,69,196,17,195,1,53,63,93,254,28,68,129,0,0,0,4,17,195,2,1,0,87,0,6,148,50,0,0,8,8,146,10,0,0,33,209,49,53,63,28,180,254,5,69,196,17,195,1,53,63,93,254,28,68,129,0,0,0,4,17,195,2,1,0,87,0,93,14,60,0,0,8,8,147,10,0,0,33,184,49,53,63,28,19,254,5,69,196,17,195,1,53,63,93,254,28,68,129,0,0,0,4,17,195,2,1,0,87,0,162,195,69,0,0,8,8,148,10,0,0,33,209,49,53,63,28,54,254,5,69,196,17,195,1,53,63,93,254,28,68,129,0,0,0,4,17,195,2,1,0,87,0,85,222,88,0,0,8,8,149,10,0,0,33,234,49,53,63,28,251,254,5,69,196,17,195,1,53,63,93,254,28,68,129,0,0,0,4,17,195,2,1,0,87,0,209,97,98,0,0,8,8,150,10,0,0,33,4,50,53,63,28,20,254,28,68,129,0,0,2,4,138,128,1,1,0,94,0,46,8,99,0,0,8,24,213,10,0,0,41,57,9,138,128,29,15,254,28,68,129,0,0,5,4,138,128,1,1,0,91,0,56,9,99,0,0,8,24,214,10,0,0,33,166,15,138,128,29,136,254,37,68,129,0,0,3,4,138,128,1,1,0,91,0,67,10,99,0,0,17,24,215,10,0,0,41,215,3,20,0,40,255,16,0,41,105,38,138,128,29,23,254,5,69,196,17,195,1,53,63,93,254,28,68,129,0,0,0,4,17,195,2,1,0,83,0,119,189,112,0,0,8,8,151,10,0,0,33,234,49,53,63,28,148,254,5,69,196,17,195,1,53,63,93,254,28,68,129,0,0,0,4,17,195,2,1,0,83,0,31,65,122,0,0,8,8,152,10,0,0,33,209,49,53,63,28,62,254,1,100,1,0,100,254,3,68,128,0,1,3,197]
[2026-03-12 13:05:11] debug: 	zh:zstack:unpi:parser: --> parsed 28 - 2 - 4 - 129 - [0,0,2,4,140,102,1,1,0,178,0,253,174,42,0,0,8,24,140,10,0,0,41,164,9,140,102,29] - 27
[2026-03-12 13:05:11] debug: 	zh:zstack:znp: <-- AREQ: AF - incomingMsg - {"groupid":0,"clusterid":1026,"srcaddr":26252,"srcendpoint":1,"dstendpoint":1,"wasbroadcast":0,"linkquality":178,"securityuse":0,"timestamp":2797309,"transseqnumber":0,"len":8,"data":{"type":"Buffer","data":[24,140,10,0,0,41,164,9]}}
[2026-03-12 13:05:11] debug: 	zh:controller: Received payload: clusterID=1026, address=26252, groupID=0, endpoint=1, destinationEndpoint=1, wasBroadcast=false, linkQuality=178, frame={"header":{"frameControl":{"frameType":0,"manufacturerSpecific":false,"direction":1,"disableDefaultResponse":true,"reservedBits":0},"transactionSequenceNumber":140,"commandIdentifier":10},"payload":[{"attrId":0,"dataType":41,"attrData":2468}],"command":{"ID":10,"name":"report","parameters":[{"name":"attrId","type":9},{"name":"dataType","type":8},{"name":"attrData","type":1000}]}}
[2026-03-12 13:05:11] debug: 	zh:zstack:unpi:parser: --- parseNext [254,28,68,129,0,0,5,4,140,102,1,1,0,178,0,243,175,42,0,0,8,24,141,10,0,0,33,243,14,140,102,29,74,254,37,68,129,0,0,3,4,140,102,1,1,0,178,0,214,176,42,0,0,17,24,142,10,0,0,41,215,3,20,0,40,255,16,0,41,106,38,140,102,29,194,254,5,69,196,211,149,1,53,63,201,254,31,68,129,0,0,1,0,211,149,1,1,0,87,0,128,254,44,0,0,11,8,21,10,33,0,32,200,32,0,32,30,53,63,28,69,254,5,69,196,211,149,1,53,63,201,254,31,68,129,0,0,1,0,211,149,1,1,0,87,0,252,169,45,0,0,11,8,21,10,33,0,32,200,32,0,32,30,53,63,28,111,254,5,69,196,211,149,1,53,63,201,254,31,68,129,0,0,1,0,211,149,1,1,0,87,0,5,84,46,0,0,11,8,21,10,33,0,32,200,32,0,32,30,53,63,28,104,254,5,69,196,211,149,1,53,63,201,254,31,68,129,0,0,1,0,211,149,1,1,0,87,0,139,255,46,0,0,11,8,21,10,33,0,32,200,32,0,32,30,53,63,28,77,254,5,69,196,211,149,1,53,63,201,254,31,68,129,0,0,1,0,211,149,1,1,0,87,0,61,169,47,0,0,11,8,21,10,33,0,32,200,32,0,32,30,53,63,28,172,254,5,69,196,17,195,1,53,63,93,254,28,68,129,0,0,0,4,17,195,2,1,0,87,0,6,148,50,0,0,8,8,146,10,0,0,33,209,49,53,63,28,180,254,5,69,196,17,195,1,53,63,93,254,28,68,129,0,0,0,4,17,195,2,1,0,87,0,93,14,60,0,0,8,8,147,10,0,0,33,184,49,53,63,28,19,254,5,69,196,17,195,1,53,63,93,254,28,68,129,0,0,0,4,17,195,2,1,0,87,0,162,195,69,0,0,8,8,148,10,0,0,33,209,49,53,63,28,54,254,5,69,196,17,195,1,53,63,93,254,28,68,129,0,0,0,4,17,195,2,1,0,87,0,85,222,88,0,0,8,8,149,10,0,0,33,234,49,53,63,28,251,254,5,69,196,17,195,1,53,63,93,254,28,68,129,0,0,0,4,17,195,2,1,0,87,0,209,97,98,0,0,8,8,150,10,0,0,33,4,50,53,63,28,20,254,28,68,129,0,0,2,4,138,128,1,1,0,94,0,46,8,99,0,0,8,24,213,10,0,0,41,57,9,138,128,29,15,254,28,68,129,0,0,5,4,138,128,1,1,0,91,0,56,9,99,0,0,8,24,214,10,0,0,33,166,15,138,128,29,136,254,37,68,129,0,0,3,4,138,128,1,1,0,91,0,67,10,99,0,0,17,24,215,10,0,0,41,215,3,20,0,40,255,16,0,41,105,38,138,128,29,23,254,5,69,196,17,195,1,53,63,93,254,28,68,129,0,0,0,4,17,195,2,1,0,83,0,119,189,112,0,0,8,8,151,10,0,0,33,234,49,53,63,28,148,254,5,69,196,17,195,1,53,63,93,254,28,68,129,0,0,0,4,17,195,2,1,0,83,0,31,65,122,0,0,8,8,152,10,0,0,33,209,49,53,63,28,62,254,1,100,1,0,100,254,3,68,128,0,1,3,197]
[2026-03-12 13:05:11] debug: 	zh:zstack:unpi:parser: --> parsed 28 - 2 - 4 - 129 - [0,0,5,4,140,102,1,1,0,178,0,243,175,42,0,0,8,24,141,10,0,0,33,243,14,140,102,29] - 74
[2026-03-12 13:05:11] debug: 	zh:zstack:znp: <-- AREQ: AF - incomingMsg - {"groupid":0,"clusterid":1029,"srcaddr":26252,"srcendpoint":1,"dstendpoint":1,"wasbroadcast":0,"linkquality":178,"securityuse":0,"timestamp":2797555,"transseqnumber":0,"len":8,"data":{"type":"Buffer","data":[24,141,10,0,0,33,243,14]}}
[2026-03-12 13:05:11] debug: 	zh:controller: Received payload: clusterID=1029, address=26252, groupID=0, endpoint=1, destinationEndpoint=1, wasBroadcast=false, linkQuality=178, frame={"header":{"frameControl":{"frameType":0,"manufacturerSpecific":false,"direction":1,"disableDefaultResponse":true,"reservedBits":0},"transactionSequenceNumber":141,"commandIdentifier":10},"payload":[{"attrId":0,"dataType":33,"attrData":3827}],"command":{"ID":10,"name":"report","parameters":[{"name":"attrId","type":9},{"name":"dataType","type":8},{"name":"attrData","type":1000}]}}
[2026-03-12 13:05:11] debug: 	zh:zstack:unpi:parser: --- parseNext [254,37,68,129,0,0,3,4,140,102,1,1,0,178,0,214,176,42,0,0,17,24,142,10,0,0,41,215,3,20,0,40,255,16,0,41,106,38,140,102,29,194,254,5,69,196,211,149,1,53,63,201,254,31,68,129,0,0,1,0,211,149,1,1,0,87,0,128,254,44,0,0,11,8,21,10,33,0,32,200,32,0,32,30,53,63,28,69,254,5,69,196,211,149,1,53,63,201,254,31,68,129,0,0,1,0,211,149,1,1,0,87,0,252,169,45,0,0,11,8,21,10,33,0,32,200,32,0,32,30,53,63,28,111,254,5,69,196,211,149,1,53,63,201,254,31,68,129,0,0,1,0,211,149,1,1,0,87,0,5,84,46,0,0,11,8,21,10,33,0,32,200,32,0,32,30,53,63,28,104,254,5,69,196,211,149,1,53,63,201,254,31,68,129,0,0,1,0,211,149,1,1,0,87,0,139,255,46,0,0,11,8,21,10,33,0,32,200,32,0,32,30,53,63,28,77,254,5,69,196,211,149,1,53,63,201,254,31,68,129,0,0,1,0,211,149,1,1,0,87,0,61,169,47,0,0,11,8,21,10,33,0,32,200,32,0,32,30,53,63,28,172,254,5,69,196,17,195,1,53,63,93,254,28,68,129,0,0,0,4,17,195,2,1,0,87,0,6,148,50,0,0,8,8,146,10,0,0,33,209,49,53,63,28,180,254,5,69,196,17,195,1,53,63,93,254,28,68,129,0,0,0,4,17,195,2,1,0,87,0,93,14,60,0,0,8,8,147,10,0,0,33,184,49,53,63,28,19,254,5,69,196,17,195,1,53,63,93,254,28,68,129,0,0,0,4,17,195,2,1,0,87,0,162,195,69,0,0,8,8,148,10,0,0,33,209,49,53,63,28,54,254,5,69,196,17,195,1,53,63,93,254,28,68,129,0,0,0,4,17,195,2,1,0,87,0,85,222,88,0,0,8,8,149,10,0,0,33,234,49,53,63,28,251,254,5,69,196,17,195,1,53,63,93,254,28,68,129,0,0,0,4,17,195,2,1,0,87,0,209,97,98,0,0,8,8,150,10,0,0,33,4,50,53,63,28,20,254,28,68,129,0,0,2,4,138,128,1,1,0,94,0,46,8,99,0,0,8,24,213,10,0,0,41,57,9,138,128,29,15,254,28,68,129,0,0,5,4,138,128,1,1,0,91,0,56,9,99,0,0,8,24,214,10,0,0,33,166,15,138,128,29,136,254,37,68,129,0,0,3,4,138,128,1,1,0,91,0,67,10,99,0,0,17,24,215,10,0,0,41,215,3,20,0,40,255,16,0,41,105,38,138,128,29,23,254,5,69,196,17,195,1,53,63,93,254,28,68,129,0,0,0,4,17,195,2,1,0,83,0,119,189,112,0,0,8,8,151,10,0,0,33,234,49,53,63,28,148,254,5,69,196,17,195,1,53,63,93,254,28,68,129,0,0,0,4,17,195,2,1,0,83,0,31,65,122,0,0,8,8,152,10,0,0,33,209,49,53,63,28,62,254,1,100,1,0,100,254,3,68,128,0,1,3,197]
[2026-03-12 13:05:11] debug: 	zh:zstack:unpi:parser: --> parsed 37 - 2 - 4 - 129 - [0,0,3,4,140,102,1,1,0,178,0,214,176,42,0,0,17,24,142,10,0,0,41,215,3,20,0,40,255,16,0,41,106,38,140,102,29] - 194
[2026-03-12 13:05:11] debug: 	zh:zstack:znp: <-- AREQ: AF - incomingMsg - {"groupid":0,"clusterid":1027,"srcaddr":26252,"srcendpoint":1,"dstendpoint":1,"wasbroadcast":0,"linkquality":178,"securityuse":0,"timestamp":2797782,"transseqnumber":0,"len":17,"data":{"type":"Buffer","data":[24,142,10,0,0,41,215,3,20,0,40,255,16,0,41,106,38]}}
[2026-03-12 13:05:11] debug: 	zh:controller: Received payload: clusterID=1027, address=26252, groupID=0, endpoint=1, destinationEndpoint=1, wasBroadcast=false, linkQuality=178, frame={"header":{"frameControl":{"frameType":0,"manufacturerSpecific":false,"direction":1,"disableDefaultResponse":true,"reservedBits":0},"transactionSequenceNumber":142,"commandIdentifier":10},"payload":[{"attrId":0,"dataType":41,"attrData":983},{"attrId":20,"dataType":40,"attrData":-1},{"attrId":16,"dataType":41,"attrData":9834}],"command":{"ID":10,"name":"report","parameters":[{"name":"attrId","type":9},{"name":"dataType","type":8},{"name":"attrData","type":1000}]}}
[2026-03-12 13:05:11] debug: 	zh:zstack:unpi:parser: --- parseNext [254,5,69,196,211,149,1,53,63,201,254,31,68,129,0,0,1,0,211,149,1,1,0,87,0,128,254,44,0,0,11,8,21,10,33,0,32,200,32,0,32,30,53,63,28,69,254,5,69,196,211,149,1,53,63,201,254,31,68,129,0,0,1,0,211,149,1,1,0,87,0,252,169,45,0,0,11,8,21,10,33,0,32,200,32,0,32,30,53,63,28,111,254,5,69,196,211,149,1,53,63,201,254,31,68,129,0,0,1,0,211,149,1,1,0,87,0,5,84,46,0,0,11,8,21,10,33,0,32,200,32,0,32,30,53,63,28,104,254,5,69,196,211,149,1,53,63,201,254,31,68,129,0,0,1,0,211,149,1,1,0,87,0,139,255,46,0,0,11,8,21,10,33,0,32,200,32,0,32,30,53,63,28,77,254,5,69,196,211,149,1,53,63,201,254,31,68,129,0,0,1,0,211,149,1,1,0,87,0,61,169,47,0,0,11,8,21,10,33,0,32,200,32,0,32,30,53,63,28,172,254,5,69,196,17,195,1,53,63,93,254,28,68,129,0,0,0,4,17,195,2,1,0,87,0,6,148,50,0,0,8,8,146,10,0,0,33,209,49,53,63,28,180,254,5,69,196,17,195,1,53,63,93,254,28,68,129,0,0,0,4,17,195,2,1,0,87,0,93,14,60,0,0,8,8,147,10,0,0,33,184,49,53,63,28,19,254,5,69,196,17,195,1,53,63,93,254,28,68,129,0,0,0,4,17,195,2,1,0,87,0,162,195,69,0,0,8,8,148,10,0,0,33,209,49,53,63,28,54,254,5,69,196,17,195,1,53,63,93,254,28,68,129,0,0,0,4,17,195,2,1,0,87,0,85,222,88,0,0,8,8,149,10,0,0,33,234,49,53,63,28,251,254,5,69,196,17,195,1,53,63,93,254,28,68,129,0,0,0,4,17,195,2,1,0,87,0,209,97,98,0,0,8,8,150,10,0,0,33,4,50,53,63,28,20,254,28,68,129,0,0,2,4,138,128,1,1,0,94,0,46,8,99,0,0,8,24,213,10,0,0,41,57,9,138,128,29,15,254,28,68,129,0,0,5,4,138,128,1,1,0,91,0,56,9,99,0,0,8,24,214,10,0,0,33,166,15,138,128,29,136,254,37,68,129,0,0,3,4,138,128,1,1,0,91,0,67,10,99,0,0,17,24,215,10,0,0,41,215,3,20,0,40,255,16,0,41,105,38,138,128,29,23,254,5,69,196,17,195,1,53,63,93,254,28,68,129,0,0,0,4,17,195,2,1,0,83,0,119,189,112,0,0,8,8,151,10,0,0,33,234,49,53,63,28,148,254,5,69,196,17,195,1,53,63,93,254,28,68,129,0,0,0,4,17,195,2,1,0,83,0,31,65,122,0,0,8,8,152,10,0,0,33,209,49,53,63,28,62,254,1,100,1,0,100,254,3,68,128,0,1,3,197]
[2026-03-12 13:05:11] debug: 	zh:zstack:unpi:parser: --> parsed 5 - 2 - 5 - 196 - [211,149,1,53,63] - 201
[2026-03-12 13:05:11] debug: 	zh:zstack:znp: <-- AREQ: ZDO - srcRtgInd
[2026-03-12 13:05:11] debug: 	zh:zstack:unpi:parser: --- parseNext [254,31,68,129,0,0,1,0,211,149,1,1,0,87,0,128,254,44,0,0,11,8,21,10,33,0,32,200,32,0,32,30,53,63,28,69,254,5,69,196,211,149,1,53,63,201,254,31,68,129,0,0,1,0,211,149,1,1,0,87,0,252,169,45,0,0,11,8,21,10,33,0,32,200,32,0,32,30,53,63,28,111,254,5,69,196,211,149,1,53,63,201,254,31,68,129,0,0,1,0,211,149,1,1,0,87,0,5,84,46,0,0,11,8,21,10,33,0,32,200,32,0,32,30,53,63,28,104,254,5,69,196,211,149,1,53,63,201,254,31,68,129,0,0,1,0,211,149,1,1,0,87,0,139,255,46,0,0,11,8,21,10,33,0,32,200,32,0,32,30,53,63,28,77,254,5,69,196,211,149,1,53,63,201,254,31,68,129,0,0,1,0,211,149,1,1,0,87,0,61,169,47,0,0,11,8,21,10,33,0,32,200,32,0,32,30,53,63,28,172,254,5,69,196,17,195,1,53,63,93,254,28,68,129,0,0,0,4,17,195,2,1,0,87,0,6,148,50,0,0,8,8,146,10,0,0,33,209,49,53,63,28,180,254,5,69,196,17,195,1,53,63,93,254,28,68,129,0,0,0,4,17,195,2,1,0,87,0,93,14,60,0,0,8,8,147,10,0,0,33,184,49,53,63,28,19,254,5,69,196,17,195,1,53,63,93,254,28,68,129,0,0,0,4,17,195,2,1,0,87,0,162,195,69,0,0,8,8,148,10,0,0,33,209,49,53,63,28,54,254,5,69,196,17,195,1,53,63,93,254,28,68,129,0,0,0,4,17,195,2,1,0,87,0,85,222,88,0,0,8,8,149,10,0,0,33,234,49,53,63,28,251,254,5,69,196,17,195,1,53,63,93,254,28,68,129,0,0,0,4,17,195,2,1,0,87,0,209,97,98,0,0,8,8,150,10,0,0,33,4,50,53,63,28,20,254,28,68,129,0,0,2,4,138,128,1,1,0,94,0,46,8,99,0,0,8,24,213,10,0,0,41,57,9,138,128,29,15,254,28,68,129,0,0,5,4,138,128,1,1,0,91,0,56,9,99,0,0,8,24,214,10,0,0,33,166,15,138,128,29,136,254,37,68,129,0,0,3,4,138,128,1,1,0,91,0,67,10,99,0,0,17,24,215,10,0,0,41,215,3,20,0,40,255,16,0,41,105,38,138,128,29,23,254,5,69,196,17,195,1,53,63,93,254,28,68,129,0,0,0,4,17,195,2,1,0,83,0,119,189,112,0,0,8,8,151,10,0,0,33,234,49,53,63,28,148,254,5,69,196,17,195,1,53,63,93,254,28,68,129,0,0,0,4,17,195,2,1,0,83,0,31,65,122,0,0,8,8,152,10,0,0,33,209,49,53,63,28,62,254,1,100,1,0,100,254,3,68,128,0,1,3,197]
[2026-03-12 13:05:11] debug: 	zh:zstack:unpi:parser: --> parsed 31 - 2 - 4 - 129 - [0,0,1,0,211,149,1,1,0,87,0,128,254,44,0,0,11,8,21,10,33,0,32,200,32,0,32,30,53,63,28] - 69
[2026-03-12 13:05:11] debug: 	zh:zstack:znp: <-- AREQ: AF - incomingMsg - {"groupid":0,"clusterid":1,"srcaddr":38355,"srcendpoint":1,"dstendpoint":1,"wasbroadcast":0,"linkquality":87,"securityuse":0,"timestamp":2948736,"transseqnumber":0,"len":11,"data":{"type":"Buffer","data":[8,21,10,33,0,32,200,32,0,32,30]}}
[2026-03-12 13:05:11] debug: 	zh:controller: Received payload: clusterID=1, address=38355, groupID=0, endpoint=1, destinationEndpoint=1, wasBroadcast=false, linkQuality=87, frame={"header":{"frameControl":{"frameType":0,"manufacturerSpecific":false,"direction":1,"disableDefaultResponse":false,"reservedBits":0},"transactionSequenceNumber":21,"commandIdentifier":10},"payload":[{"attrId":33,"dataType":32,"attrData":200},{"attrId":32,"dataType":32,"attrData":30}],"command":{"ID":10,"name":"report","parameters":[{"name":"attrId","type":9},{"name":"dataType","type":8},{"name":"attrData","type":1000}]}}
[2026-03-12 13:05:11] debug: 	zh:controller:endpoint: ZCL command 0x2c1165fffe2d42b7/1 genPowerCfg.defaultRsp({"cmdId":10,"statusCode":0}, {"timeout":10000,"disableResponse":false,"disableRecovery":false,"disableDefaultResponse":true,"direction":1,"reservedBits":0,"transactionSequenceNumber":21,"writeUndiv":false})
[2026-03-12 13:05:11] debug: 	zh:zstack:unpi:parser: --- parseNext [254,5,69,196,211,149,1,53,63,201,254,31,68,129,0,0,1,0,211,149,1,1,0,87,0,252,169,45,0,0,11,8,21,10,33,0,32,200,32,0,32,30,53,63,28,111,254,5,69,196,211,149,1,53,63,201,254,31,68,129,0,0,1,0,211,149,1,1,0,87,0,5,84,46,0,0,11,8,21,10,33,0,32,200,32,0,32,30,53,63,28,104,254,5,69,196,211,149,1,53,63,201,254,31,68,129,0,0,1,0,211,149,1,1,0,87,0,139,255,46,0,0,11,8,21,10,33,0,32,200,32,0,32,30,53,63,28,77,254,5,69,196,211,149,1,53,63,201,254,31,68,129,0,0,1,0,211,149,1,1,0,87,0,61,169,47,0,0,11,8,21,10,33,0,32,200,32,0,32,30,53,63,28,172,254,5,69,196,17,195,1,53,63,93,254,28,68,129,0,0,0,4,17,195,2,1,0,87,0,6,148,50,0,0,8,8,146,10,0,0,33,209,49,53,63,28,180,254,5,69,196,17,195,1,53,63,93,254,28,68,129,0,0,0,4,17,195,2,1,0,87,0,93,14,60,0,0,8,8,147,10,0,0,33,184,49,53,63,28,19,254,5,69,196,17,195,1,53,63,93,254,28,68,129,0,0,0,4,17,195,2,1,0,87,0,162,195,69,0,0,8,8,148,10,0,0,33,209,49,53,63,28,54,254,5,69,196,17,195,1,53,63,93,254,28,68,129,0,0,0,4,17,195,2,1,0,87,0,85,222,88,0,0,8,8,149,10,0,0,33,234,49,53,63,28,251,254,5,69,196,17,195,1,53,63,93,254,28,68,129,0,0,0,4,17,195,2,1,0,87,0,209,97,98,0,0,8,8,150,10,0,0,33,4,50,53,63,28,20,254,28,68,129,0,0,2,4,138,128,1,1,0,94,0,46,8,99,0,0,8,24,213,10,0,0,41,57,9,138,128,29,15,254,28,68,129,0,0,5,4,138,128,1,1,0,91,0,56,9,99,0,0,8,24,214,10,0,0,33,166,15,138,128,29,136,254,37,68,129,0,0,3,4,138,128,1,1,0,91,0,67,10,99,0,0,17,24,215,10,0,0,41,215,3,20,0,40,255,16,0,41,105,38,138,128,29,23,254,5,69,196,17,195,1,53,63,93,254,28,68,129,0,0,0,4,17,195,2,1,0,83,0,119,189,112,0,0,8,8,151,10,0,0,33,234,49,53,63,28,148,254,5,69,196,17,195,1,53,63,93,254,28,68,129,0,0,0,4,17,195,2,1,0,83,0,31,65,122,0,0,8,8,152,10,0,0,33,209,49,53,63,28,62,254,1,100,1,0,100,254,3,68,128,0,1,3,197]
[2026-03-12 13:05:11] debug: 	zh:zstack:unpi:parser: --> parsed 5 - 2 - 5 - 196 - [211,149,1,53,63] - 201
[2026-03-12 13:05:11] debug: 	zh:zstack:znp: <-- AREQ: ZDO - srcRtgInd
[2026-03-12 13:05:11] debug: 	zh:zstack:unpi:parser: --- parseNext [254,31,68,129,0,0,1,0,211,149,1,1,0,87,0,252,169,45,0,0,11,8,21,10,33,0,32,200,32,0,32,30,53,63,28,111,254,5,69,196,211,149,1,53,63,201,254,31,68,129,0,0,1,0,211,149,1,1,0,87,0,5,84,46,0,0,11,8,21,10,33,0,32,200,32,0,32,30,53,63,28,104,254,5,69,196,211,149,1,53,63,201,254,31,68,129,0,0,1,0,211,149,1,1,0,87,0,139,255,46,0,0,11,8,21,10,33,0,32,200,32,0,32,30,53,63,28,77,254,5,69,196,211,149,1,53,63,201,254,31,68,129,0,0,1,0,211,149,1,1,0,87,0,61,169,47,0,0,11,8,21,10,33,0,32,200,32,0,32,30,53,63,28,172,254,5,69,196,17,195,1,53,63,93,254,28,68,129,0,0,0,4,17,195,2,1,0,87,0,6,148,50,0,0,8,8,146,10,0,0,33,209,49,53,63,28,180,254,5,69,196,17,195,1,53,63,93,254,28,68,129,0,0,0,4,17,195,2,1,0,87,0,93,14,60,0,0,8,8,147,10,0,0,33,184,49,53,63,28,19,254,5,69,196,17,195,1,53,63,93,254,28,68,129,0,0,0,4,17,195,2,1,0,87,0,162,195,69,0,0,8,8,148,10,0,0,33,209,49,53,63,28,54,254,5,69,196,17,195,1,53,63,93,254,28,68,129,0,0,0,4,17,195,2,1,0,87,0,85,222,88,0,0,8,8,149,10,0,0,33,234,49,53,63,28,251,254,5,69,196,17,195,1,53,63,93,254,28,68,129,0,0,0,4,17,195,2,1,0,87,0,209,97,98,0,0,8,8,150,10,0,0,33,4,50,53,63,28,20,254,28,68,129,0,0,2,4,138,128,1,1,0,94,0,46,8,99,0,0,8,24,213,10,0,0,41,57,9,138,128,29,15,254,28,68,129,0,0,5,4,138,128,1,1,0,91,0,56,9,99,0,0,8,24,214,10,0,0,33,166,15,138,128,29,136,254,37,68,129,0,0,3,4,138,128,1,1,0,91,0,67,10,99,0,0,17,24,215,10,0,0,41,215,3,20,0,40,255,16,0,41,105,38,138,128,29,23,254,5,69,196,17,195,1,53,63,93,254,28,68,129,0,0,0,4,17,195,2,1,0,83,0,119,189,112,0,0,8,8,151,10,0,0,33,234,49,53,63,28,148,254,5,69,196,17,195,1,53,63,93,254,28,68,129,0,0,0,4,17,195,2,1,0,83,0,31,65,122,0,0,8,8,152,10,0,0,33,209,49,53,63,28,62,254,1,100,1,0,100,254,3,68,128,0,1,3,197]
[2026-03-12 13:05:11] debug: 	zh:zstack:unpi:parser: --> parsed 31 - 2 - 4 - 129 - [0,0,1,0,211,149,1,1,0,87,0,252,169,45,0,0,11,8,21,10,33,0,32,200,32,0,32,30,53,63,28] - 111
[2026-03-12 13:05:11] debug: 	zh:zstack:znp: <-- AREQ: AF - incomingMsg - {"groupid":0,"clusterid":1,"srcaddr":38355,"srcendpoint":1,"dstendpoint":1,"wasbroadcast":0,"linkquality":87,"securityuse":0,"timestamp":2992636,"transseqnumber":0,"len":11,"data":{"type":"Buffer","data":[8,21,10,33,0,32,200,32,0,32,30]}}
[2026-03-12 13:05:11] debug: 	zh:controller: Received payload: clusterID=1, address=38355, groupID=0, endpoint=1, destinationEndpoint=1, wasBroadcast=false, linkQuality=87, frame={"header":{"frameControl":{"frameType":0,"manufacturerSpecific":false,"direction":1,"disableDefaultResponse":false,"reservedBits":0},"transactionSequenceNumber":21,"commandIdentifier":10},"payload":[{"attrId":33,"dataType":32,"attrData":200},{"attrId":32,"dataType":32,"attrData":30}],"command":{"ID":10,"name":"report","parameters":[{"name":"attrId","type":9},{"name":"dataType","type":8},{"name":"attrData","type":1000}]}}
[2026-03-12 13:05:11] debug: 	zh:zstack:unpi:parser: --- parseNext [254,5,69,196,211,149,1,53,63,201,254,31,68,129,0,0,1,0,211,149,1,1,0,87,0,5,84,46,0,0,11,8,21,10,33,0,32,200,32,0,32,30,53,63,28,104,254,5,69,196,211,149,1,53,63,201,254,31,68,129,0,0,1,0,211,149,1,1,0,87,0,139,255,46,0,0,11,8,21,10,33,0,32,200,32,0,32,30,53,63,28,77,254,5,69,196,211,149,1,53,63,201,254,31,68,129,0,0,1,0,211,149,1,1,0,87,0,61,169,47,0,0,11,8,21,10,33,0,32,200,32,0,32,30,53,63,28,172,254,5,69,196,17,195,1,53,63,93,254,28,68,129,0,0,0,4,17,195,2,1,0,87,0,6,148,50,0,0,8,8,146,10,0,0,33,209,49,53,63,28,180,254,5,69,196,17,195,1,53,63,93,254,28,68,129,0,0,0,4,17,195,2,1,0,87,0,93,14,60,0,0,8,8,147,10,0,0,33,184,49,53,63,28,19,254,5,69,196,17,195,1,53,63,93,254,28,68,129,0,0,0,4,17,195,2,1,0,87,0,162,195,69,0,0,8,8,148,10,0,0,33,209,49,53,63,28,54,254,5,69,196,17,195,1,53,63,93,254,28,68,129,0,0,0,4,17,195,2,1,0,87,0,85,222,88,0,0,8,8,149,10,0,0,33,234,49,53,63,28,251,254,5,69,196,17,195,1,53,63,93,254,28,68,129,0,0,0,4,17,195,2,1,0,87,0,209,97,98,0,0,8,8,150,10,0,0,33,4,50,53,63,28,20,254,28,68,129,0,0,2,4,138,128,1,1,0,94,0,46,8,99,0,0,8,24,213,10,0,0,41,57,9,138,128,29,15,254,28,68,129,0,0,5,4,138,128,1,1,0,91,0,56,9,99,0,0,8,24,214,10,0,0,33,166,15,138,128,29,136,254,37,68,129,0,0,3,4,138,128,1,1,0,91,0,67,10,99,0,0,17,24,215,10,0,0,41,215,3,20,0,40,255,16,0,41,105,38,138,128,29,23,254,5,69,196,17,195,1,53,63,93,254,28,68,129,0,0,0,4,17,195,2,1,0,83,0,119,189,112,0,0,8,8,151,10,0,0,33,234,49,53,63,28,148,254,5,69,196,17,195,1,53,63,93,254,28,68,129,0,0,0,4,17,195,2,1,0,83,0,31,65,122,0,0,8,8,152,10,0,0,33,209,49,53,63,28,62,254,1,100,1,0,100,254,3,68,128,0,1,3,197]
[2026-03-12 13:05:11] debug: 	zh:zstack:unpi:parser: --> parsed 5 - 2 - 5 - 196 - [211,149,1,53,63] - 201
[2026-03-12 13:05:11] debug: 	zh:zstack:znp: <-- AREQ: ZDO - srcRtgInd
[2026-03-12 13:05:11] debug: 	zh:zstack:unpi:parser: --- parseNext [254,31,68,129,0,0,1,0,211,149,1,1,0,87,0,5,84,46,0,0,11,8,21,10,33,0,32,200,32,0,32,30,53,63,28,104,254,5,69,196,211,149,1,53,63,201,254,31,68,129,0,0,1,0,211,149,1,1,0,87,0,139,255,46,0,0,11,8,21,10,33,0,32,200,32,0,32,30,53,63,28,77,254,5,69,196,211,149,1,53,63,201,254,31,68,129,0,0,1,0,211,149,1,1,0,87,0,61,169,47,0,0,11,8,21,10,33,0,32,200,32,0,32,30,53,63,28,172,254,5,69,196,17,195,1,53,63,93,254,28,68,129,0,0,0,4,17,195,2,1,0,87,0,6,148,50,0,0,8,8,146,10,0,0,33,209,49,53,63,28,180,254,5,69,196,17,195,1,53,63,93,254,28,68,129,0,0,0,4,17,195,2,1,0,87,0,93,14,60,0,0,8,8,147,10,0,0,33,184,49,53,63,28,19,254,5,69,196,17,195,1,53,63,93,254,28,68,129,0,0,0,4,17,195,2,1,0,87,0,162,195,69,0,0,8,8,148,10,0,0,33,209,49,53,63,28,54,254,5,69,196,17,195,1,53,63,93,254,28,68,129,0,0,0,4,17,195,2,1,0,87,0,85,222,88,0,0,8,8,149,10,0,0,33,234,49,53,63,28,251,254,5,69,196,17,195,1,53,63,93,254,28,68,129,0,0,0,4,17,195,2,1,0,87,0,209,97,98,0,0,8,8,150,10,0,0,33,4,50,53,63,28,20,254,28,68,129,0,0,2,4,138,128,1,1,0,94,0,46,8,99,0,0,8,24,213,10,0,0,41,57,9,138,128,29,15,254,28,68,129,0,0,5,4,138,128,1,1,0,91,0,56,9,99,0,0,8,24,214,10,0,0,33,166,15,138,128,29,136,254,37,68,129,0,0,3,4,138,128,1,1,0,91,0,67,10,99,0,0,17,24,215,10,0,0,41,215,3,20,0,40,255,16,0,41,105,38,138,128,29,23,254,5,69,196,17,195,1,53,63,93,254,28,68,129,0,0,0,4,17,195,2,1,0,83,0,119,189,112,0,0,8,8,151,10,0,0,33,234,49,53,63,28,148,254,5,69,196,17,195,1,53,63,93,254,28,68,129,0,0,0,4,17,195,2,1,0,83,0,31,65,122,0,0,8,8,152,10,0,0,33,209,49,53,63,28,62,254,1,100,1,0,100,254,3,68,128,0,1,3,197]
[2026-03-12 13:05:11] debug: 	zh:zstack:unpi:parser: --> parsed 31 - 2 - 4 - 129 - [0,0,1,0,211,149,1,1,0,87,0,5,84,46,0,0,11,8,21,10,33,0,32,200,32,0,32,30,53,63,28] - 104
[2026-03-12 13:05:11] debug: 	zh:zstack:znp: <-- AREQ: AF - incomingMsg - {"groupid":0,"clusterid":1,"srcaddr":38355,"srcendpoint":1,"dstendpoint":1,"wasbroadcast":0,"linkquality":87,"securityuse":0,"timestamp":3036165,"transseqnumber":0,"len":11,"data":{"type":"Buffer","data":[8,21,10,33,0,32,200,32,0,32,30]}}
[2026-03-12 13:05:11] debug: 	zh:controller: Received payload: clusterID=1, address=38355, groupID=0, endpoint=1, destinationEndpoint=1, wasBroadcast=false, linkQuality=87, frame={"header":{"frameControl":{"frameType":0,"manufacturerSpecific":false,"direction":1,"disableDefaultResponse":false,"reservedBits":0},"transactionSequenceNumber":21,"commandIdentifier":10},"payload":[{"attrId":33,"dataType":32,"attrData":200},{"attrId":32,"dataType":32,"attrData":30}],"command":{"ID":10,"name":"report","parameters":[{"name":"attrId","type":9},{"name":"dataType","type":8},{"name":"attrData","type":1000}]}}
[2026-03-12 13:05:11] debug: 	zh:zstack:unpi:parser: --- parseNext [254,5,69,196,211,149,1,53,63,201,254,31,68,129,0,0,1,0,211,149,1,1,0,87,0,139,255,46,0,0,11,8,21,10,33,0,32,200,32,0,32,30,53,63,28,77,254,5,69,196,211,149,1,53,63,201,254,31,68,129,0,0,1,0,211,149,1,1,0,87,0,61,169,47,0,0,11,8,21,10,33,0,32,200,32,0,32,30,53,63,28,172,254,5,69,196,17,195,1,53,63,93,254,28,68,129,0,0,0,4,17,195,2,1,0,87,0,6,148,50,0,0,8,8,146,10,0,0,33,209,49,53,63,28,180,254,5,69,196,17,195,1,53,63,93,254,28,68,129,0,0,0,4,17,195,2,1,0,87,0,93,14,60,0,0,8,8,147,10,0,0,33,184,49,53,63,28,19,254,5,69,196,17,195,1,53,63,93,254,28,68,129,0,0,0,4,17,195,2,1,0,87,0,162,195,69,0,0,8,8,148,10,0,0,33,209,49,53,63,28,54,254,5,69,196,17,195,1,53,63,93,254,28,68,129,0,0,0,4,17,195,2,1,0,87,0,85,222,88,0,0,8,8,149,10,0,0,33,234,49,53,63,28,251,254,5,69,196,17,195,1,53,63,93,254,28,68,129,0,0,0,4,17,195,2,1,0,87,0,209,97,98,0,0,8,8,150,10,0,0,33,4,50,53,63,28,20,254,28,68,129,0,0,2,4,138,128,1,1,0,94,0,46,8,99,0,0,8,24,213,10,0,0,41,57,9,138,128,29,15,254,28,68,129,0,0,5,4,138,128,1,1,0,91,0,56,9,99,0,0,8,24,214,10,0,0,33,166,15,138,128,29,136,254,37,68,129,0,0,3,4,138,128,1,1,0,91,0,67,10,99,0,0,17,24,215,10,0,0,41,215,3,20,0,40,255,16,0,41,105,38,138,128,29,23,254,5,69,196,17,195,1,53,63,93,254,28,68,129,0,0,0,4,17,195,2,1,0,83,0,119,189,112,0,0,8,8,151,10,0,0,33,234,49,53,63,28,148,254,5,69,196,17,195,1,53,63,93,254,28,68,129,0,0,0,4,17,195,2,1,0,83,0,31,65,122,0,0,8,8,152,10,0,0,33,209,49,53,63,28,62,254,1,100,1,0,100,254,3,68,128,0,1,3,197]
[2026-03-12 13:05:11] debug: 	zh:zstack:unpi:parser: --> parsed 5 - 2 - 5 - 196 - [211,149,1,53,63] - 201
[2026-03-12 13:05:11] debug: 	zh:zstack:znp: <-- AREQ: ZDO - srcRtgInd
[2026-03-12 13:05:11] debug: 	zh:zstack:unpi:parser: --- parseNext [254,31,68,129,0,0,1,0,211,149,1,1,0,87,0,139,255,46,0,0,11,8,21,10,33,0,32,200,32,0,32,30,53,63,28,77,254,5,69,196,211,149,1,53,63,201,254,31,68,129,0,0,1,0,211,149,1,1,0,87,0,61,169,47,0,0,11,8,21,10,33,0,32,200,32,0,32,30,53,63,28,172,254,5,69,196,17,195,1,53,63,93,254,28,68,129,0,0,0,4,17,195,2,1,0,87,0,6,148,50,0,0,8,8,146,10,0,0,33,209,49,53,63,28,180,254,5,69,196,17,195,1,53,63,93,254,28,68,129,0,0,0,4,17,195,2,1,0,87,0,93,14,60,0,0,8,8,147,10,0,0,33,184,49,53,63,28,19,254,5,69,196,17,195,1,53,63,93,254,28,68,129,0,0,0,4,17,195,2,1,0,87,0,162,195,69,0,0,8,8,148,10,0,0,33,209,49,53,63,28,54,254,5,69,196,17,195,1,53,63,93,254,28,68,129,0,0,0,4,17,195,2,1,0,87,0,85,222,88,0,0,8,8,149,10,0,0,33,234,49,53,63,28,251,254,5,69,196,17,195,1,53,63,93,254,28,68,129,0,0,0,4,17,195,2,1,0,87,0,209,97,98,0,0,8,8,150,10,0,0,33,4,50,53,63,28,20,254,28,68,129,0,0,2,4,138,128,1,1,0,94,0,46,8,99,0,0,8,24,213,10,0,0,41,57,9,138,128,29,15,254,28,68,129,0,0,5,4,138,128,1,1,0,91,0,56,9,99,0,0,8,24,214,10,0,0,33,166,15,138,128,29,136,254,37,68,129,0,0,3,4,138,128,1,1,0,91,0,67,10,99,0,0,17,24,215,10,0,0,41,215,3,20,0,40,255,16,0,41,105,38,138,128,29,23,254,5,69,196,17,195,1,53,63,93,254,28,68,129,0,0,0,4,17,195,2,1,0,83,0,119,189,112,0,0,8,8,151,10,0,0,33,234,49,53,63,28,148,254,5,69,196,17,195,1,53,63,93,254,28,68,129,0,0,0,4,17,195,2,1,0,83,0,31,65,122,0,0,8,8,152,10,0,0,33,209,49,53,63,28,62,254,1,100,1,0,100,254,3,68,128,0,1,3,197]
[2026-03-12 13:05:11] debug: 	zh:zstack:unpi:parser: --> parsed 31 - 2 - 4 - 129 - [0,0,1,0,211,149,1,1,0,87,0,139,255,46,0,0,11,8,21,10,33,0,32,200,32,0,32,30,53,63,28] - 77
[2026-03-12 13:05:11] debug: 	zh:zstack:znp: <-- AREQ: AF - incomingMsg - {"groupid":0,"clusterid":1,"srcaddr":38355,"srcendpoint":1,"dstendpoint":1,"wasbroadcast":0,"linkquality":87,"securityuse":0,"timestamp":3080075,"transseqnumber":0,"len":11,"data":{"type":"Buffer","data":[8,21,10,33,0,32,200,32,0,32,30]}}
[2026-03-12 13:05:11] debug: 	zh:controller: Received payload: clusterID=1, address=38355, groupID=0, endpoint=1, destinationEndpoint=1, wasBroadcast=false, linkQuality=87, frame={"header":{"frameControl":{"frameType":0,"manufacturerSpecific":false,"direction":1,"disableDefaultResponse":false,"reservedBits":0},"transactionSequenceNumber":21,"commandIdentifier":10},"payload":[{"attrId":33,"dataType":32,"attrData":200},{"attrId":32,"dataType":32,"attrData":30}],"command":{"ID":10,"name":"report","parameters":[{"name":"attrId","type":9},{"name":"dataType","type":8},{"name":"attrData","type":1000}]}}
[2026-03-12 13:05:11] debug: 	zh:zstack:unpi:parser: --- parseNext [254,5,69,196,211,149,1,53,63,201,254,31,68,129,0,0,1,0,211,149,1,1,0,87,0,61,169,47,0,0,11,8,21,10,33,0,32,200,32,0,32,30,53,63,28,172,254,5,69,196,17,195,1,53,63,93,254,28,68,129,0,0,0,4,17,195,2,1,0,87,0,6,148,50,0,0,8,8,146,10,0,0,33,209,49,53,63,28,180,254,5,69,196,17,195,1,53,63,93,254,28,68,129,0,0,0,4,17,195,2,1,0,87,0,93,14,60,0,0,8,8,147,10,0,0,33,184,49,53,63,28,19,254,5,69,196,17,195,1,53,63,93,254,28,68,129,0,0,0,4,17,195,2,1,0,87,0,162,195,69,0,0,8,8,148,10,0,0,33,209,49,53,63,28,54,254,5,69,196,17,195,1,53,63,93,254,28,68,129,0,0,0,4,17,195,2,1,0,87,0,85,222,88,0,0,8,8,149,10,0,0,33,234,49,53,63,28,251,254,5,69,196,17,195,1,53,63,93,254,28,68,129,0,0,0,4,17,195,2,1,0,87,0,209,97,98,0,0,8,8,150,10,0,0,33,4,50,53,63,28,20,254,28,68,129,0,0,2,4,138,128,1,1,0,94,0,46,8,99,0,0,8,24,213,10,0,0,41,57,9,138,128,29,15,254,28,68,129,0,0,5,4,138,128,1,1,0,91,0,56,9,99,0,0,8,24,214,10,0,0,33,166,15,138,128,29,136,254,37,68,129,0,0,3,4,138,128,1,1,0,91,0,67,10,99,0,0,17,24,215,10,0,0,41,215,3,20,0,40,255,16,0,41,105,38,138,128,29,23,254,5,69,196,17,195,1,53,63,93,254,28,68,129,0,0,0,4,17,195,2,1,0,83,0,119,189,112,0,0,8,8,151,10,0,0,33,234,49,53,63,28,148,254,5,69,196,17,195,1,53,63,93,254,28,68,129,0,0,0,4,17,195,2,1,0,83,0,31,65,122,0,0,8,8,152,10,0,0,33,209,49,53,63,28,62,254,1,100,1,0,100,254,3,68,128,0,1,3,197]
[2026-03-12 13:05:11] debug: 	zh:zstack:unpi:parser: --> parsed 5 - 2 - 5 - 196 - [211,149,1,53,63] - 201
[2026-03-12 13:05:11] debug: 	zh:zstack:znp: <-- AREQ: ZDO - srcRtgInd
[2026-03-12 13:05:11] debug: 	zh:zstack:unpi:parser: --- parseNext [254,31,68,129,0,0,1,0,211,149,1,1,0,87,0,61,169,47,0,0,11,8,21,10,33,0,32,200,32,0,32,30,53,63,28,172,254,5,69,196,17,195,1,53,63,93,254,28,68,129,0,0,0,4,17,195,2,1,0,87,0,6,148,50,0,0,8,8,146,10,0,0,33,209,49,53,63,28,180,254,5,69,196,17,195,1,53,63,93,254,28,68,129,0,0,0,4,17,195,2,1,0,87,0,93,14,60,0,0,8,8,147,10,0,0,33,184,49,53,63,28,19,254,5,69,196,17,195,1,53,63,93,254,28,68,129,0,0,0,4,17,195,2,1,0,87,0,162,195,69,0,0,8,8,148,10,0,0,33,209,49,53,63,28,54,254,5,69,196,17,195,1,53,63,93,254,28,68,129,0,0,0,4,17,195,2,1,0,87,0,85,222,88,0,0,8,8,149,10,0,0,33,234,49,53,63,28,251,254,5,69,196,17,195,1,53,63,93,254,28,68,129,0,0,0,4,17,195,2,1,0,87,0,209,97,98,0,0,8,8,150,10,0,0,33,4,50,53,63,28,20,254,28,68,129,0,0,2,4,138,128,1,1,0,94,0,46,8,99,0,0,8,24,213,10,0,0,41,57,9,138,128,29,15,254,28,68,129,0,0,5,4,138,128,1,1,0,91,0,56,9,99,0,0,8,24,214,10,0,0,33,166,15,138,128,29,136,254,37,68,129,0,0,3,4,138,128,1,1,0,91,0,67,10,99,0,0,17,24,215,10,0,0,41,215,3,20,0,40,255,16,0,41,105,38,138,128,29,23,254,5,69,196,17,195,1,53,63,93,254,28,68,129,0,0,0,4,17,195,2,1,0,83,0,119,189,112,0,0,8,8,151,10,0,0,33,234,49,53,63,28,148,254,5,69,196,17,195,1,53,63,93,254,28,68,129,0,0,0,4,17,195,2,1,0,83,0,31,65,122,0,0,8,8,152,10,0,0,33,209,49,53,63,28,62,254,1,100,1,0,100,254,3,68,128,0,1,3,197]
[2026-03-12 13:05:11] debug: 	zh:zstack:unpi:parser: --> parsed 31 - 2 - 4 - 129 - [0,0,1,0,211,149,1,1,0,87,0,61,169,47,0,0,11,8,21,10,33,0,32,200,32,0,32,30,53,63,28] - 172
[2026-03-12 13:05:11] debug: 	zh:zstack:znp: <-- AREQ: AF - incomingMsg - {"groupid":0,"clusterid":1,"srcaddr":38355,"srcendpoint":1,"dstendpoint":1,"wasbroadcast":0,"linkquality":87,"securityuse":0,"timestamp":3123517,"transseqnumber":0,"len":11,"data":{"type":"Buffer","data":[8,21,10,33,0,32,200,32,0,32,30]}}
[2026-03-12 13:05:11] debug: 	zh:controller: Received payload: clusterID=1, address=38355, groupID=0, endpoint=1, destinationEndpoint=1, wasBroadcast=false, linkQuality=87, frame={"header":{"frameControl":{"frameType":0,"manufacturerSpecific":false,"direction":1,"disableDefaultResponse":false,"reservedBits":0},"transactionSequenceNumber":21,"commandIdentifier":10},"payload":[{"attrId":33,"dataType":32,"attrData":200},{"attrId":32,"dataType":32,"attrData":30}],"command":{"ID":10,"name":"report","parameters":[{"name":"attrId","type":9},{"name":"dataType","type":8},{"name":"attrData","type":1000}]}}
[2026-03-12 13:05:11] debug: 	zh:zstack:unpi:parser: --- parseNext [254,5,69,196,17,195,1,53,63,93,254,28,68,129,0,0,0,4,17,195,2,1,0,87,0,6,148,50,0,0,8,8,146,10,0,0,33,209,49,53,63,28,180,254,5,69,196,17,195,1,53,63,93,254,28,68,129,0,0,0,4,17,195,2,1,0,87,0,93,14,60,0,0,8,8,147,10,0,0,33,184,49,53,63,28,19,254,5,69,196,17,195,1,53,63,93,254,28,68,129,0,0,0,4,17,195,2,1,0,87,0,162,195,69,0,0,8,8,148,10,0,0,33,209,49,53,63,28,54,254,5,69,196,17,195,1,53,63,93,254,28,68,129,0,0,0,4,17,195,2,1,0,87,0,85,222,88,0,0,8,8,149,10,0,0,33,234,49,53,63,28,251,254,5,69,196,17,195,1,53,63,93,254,28,68,129,0,0,0,4,17,195,2,1,0,87,0,209,97,98,0,0,8,8,150,10,0,0,33,4,50,53,63,28,20,254,28,68,129,0,0,2,4,138,128,1,1,0,94,0,46,8,99,0,0,8,24,213,10,0,0,41,57,9,138,128,29,15,254,28,68,129,0,0,5,4,138,128,1,1,0,91,0,56,9,99,0,0,8,24,214,10,0,0,33,166,15,138,128,29,136,254,37,68,129,0,0,3,4,138,128,1,1,0,91,0,67,10,99,0,0,17,24,215,10,0,0,41,215,3,20,0,40,255,16,0,41,105,38,138,128,29,23,254,5,69,196,17,195,1,53,63,93,254,28,68,129,0,0,0,4,17,195,2,1,0,83,0,119,189,112,0,0,8,8,151,10,0,0,33,234,49,53,63,28,148,254,5,69,196,17,195,1,53,63,93,254,28,68,129,0,0,0,4,17,195,2,1,0,83,0,31,65,122,0,0,8,8,152,10,0,0,33,209,49,53,63,28,62,254,1,100,1,0,100,254,3,68,128,0,1,3,197]
[2026-03-12 13:05:11] debug: 	zh:zstack:unpi:parser: --> parsed 5 - 2 - 5 - 196 - [17,195,1,53,63] - 93
[2026-03-12 13:05:11] debug: 	zh:zstack:znp: <-- AREQ: ZDO - srcRtgInd
[2026-03-12 13:05:11] debug: 	zh:zstack:unpi:parser: --- parseNext [254,28,68,129,0,0,0,4,17,195,2,1,0,87,0,6,148,50,0,0,8,8,146,10,0,0,33,209,49,53,63,28,180,254,5,69,196,17,195,1,53,63,93,254,28,68,129,0,0,0,4,17,195,2,1,0,87,0,93,14,60,0,0,8,8,147,10,0,0,33,184,49,53,63,28,19,254,5,69,196,17,195,1,53,63,93,254,28,68,129,0,0,0,4,17,195,2,1,0,87,0,162,195,69,0,0,8,8,148,10,0,0,33,209,49,53,63,28,54,254,5,69,196,17,195,1,53,63,93,254,28,68,129,0,0,0,4,17,195,2,1,0,87,0,85,222,88,0,0,8,8,149,10,0,0,33,234,49,53,63,28,251,254,5,69,196,17,195,1,53,63,93,254,28,68,129,0,0,0,4,17,195,2,1,0,87,0,209,97,98,0,0,8,8,150,10,0,0,33,4,50,53,63,28,20,254,28,68,129,0,0,2,4,138,128,1,1,0,94,0,46,8,99,0,0,8,24,213,10,0,0,41,57,9,138,128,29,15,254,28,68,129,0,0,5,4,138,128,1,1,0,91,0,56,9,99,0,0,8,24,214,10,0,0,33,166,15,138,128,29,136,254,37,68,129,0,0,3,4,138,128,1,1,0,91,0,67,10,99,0,0,17,24,215,10,0,0,41,215,3,20,0,40,255,16,0,41,105,38,138,128,29,23,254,5,69,196,17,195,1,53,63,93,254,28,68,129,0,0,0,4,17,195,2,1,0,83,0,119,189,112,0,0,8,8,151,10,0,0,33,234,49,53,63,28,148,254,5,69,196,17,195,1,53,63,93,254,28,68,129,0,0,0,4,17,195,2,1,0,83,0,31,65,122,0,0,8,8,152,10,0,0,33,209,49,53,63,28,62,254,1,100,1,0,100,254,3,68,128,0,1,3,197]
[2026-03-12 13:05:11] debug: 	zh:zstack:unpi:parser: --> parsed 28 - 2 - 4 - 129 - [0,0,0,4,17,195,2,1,0,87,0,6,148,50,0,0,8,8,146,10,0,0,33,209,49,53,63,28] - 180
[2026-03-12 13:05:11] debug: 	zh:zstack:znp: <-- AREQ: AF - incomingMsg - {"groupid":0,"clusterid":1024,"srcaddr":49937,"srcendpoint":2,"dstendpoint":1,"wasbroadcast":0,"linkquality":87,"securityuse":0,"timestamp":3314694,"transseqnumber":0,"len":8,"data":{"type":"Buffer","data":[8,146,10,0,0,33,209,49]}}
[2026-03-12 13:05:11] debug: 	zh:controller: Received payload: clusterID=1024, address=49937, groupID=0, endpoint=2, destinationEndpoint=1, wasBroadcast=false, linkQuality=87, frame={"header":{"frameControl":{"frameType":0,"manufacturerSpecific":false,"direction":1,"disableDefaultResponse":false,"reservedBits":0},"transactionSequenceNumber":146,"commandIdentifier":10},"payload":[{"attrId":0,"dataType":33,"attrData":12753}],"command":{"ID":10,"name":"report","parameters":[{"name":"attrId","type":9},{"name":"dataType","type":8},{"name":"attrData","type":1000}]}}
[2026-03-12 13:05:11] debug: 	zh:controller:endpoint: ZCL command 0x001788010916738d/2 msIlluminanceMeasurement.defaultRsp({"cmdId":10,"statusCode":0}, {"timeout":10000,"disableResponse":false,"disableRecovery":false,"disableDefaultResponse":true,"direction":1,"reservedBits":0,"transactionSequenceNumber":146,"writeUndiv":false})
[2026-03-12 13:05:11] debug: 	zh:zstack:unpi:parser: --- parseNext [254,5,69,196,17,195,1,53,63,93,254,28,68,129,0,0,0,4,17,195,2,1,0,87,0,93,14,60,0,0,8,8,147,10,0,0,33,184,49,53,63,28,19,254,5,69,196,17,195,1,53,63,93,254,28,68,129,0,0,0,4,17,195,2,1,0,87,0,162,195,69,0,0,8,8,148,10,0,0,33,209,49,53,63,28,54,254,5,69,196,17,195,1,53,63,93,254,28,68,129,0,0,0,4,17,195,2,1,0,87,0,85,222,88,0,0,8,8,149,10,0,0,33,234,49,53,63,28,251,254,5,69,196,17,195,1,53,63,93,254,28,68,129,0,0,0,4,17,195,2,1,0,87,0,209,97,98,0,0,8,8,150,10,0,0,33,4,50,53,63,28,20,254,28,68,129,0,0,2,4,138,128,1,1,0,94,0,46,8,99,0,0,8,24,213,10,0,0,41,57,9,138,128,29,15,254,28,68,129,0,0,5,4,138,128,1,1,0,91,0,56,9,99,0,0,8,24,214,10,0,0,33,166,15,138,128,29,136,254,37,68,129,0,0,3,4,138,128,1,1,0,91,0,67,10,99,0,0,17,24,215,10,0,0,41,215,3,20,0,40,255,16,0,41,105,38,138,128,29,23,254,5,69,196,17,195,1,53,63,93,254,28,68,129,0,0,0,4,17,195,2,1,0,83,0,119,189,112,0,0,8,8,151,10,0,0,33,234,49,53,63,28,148,254,5,69,196,17,195,1,53,63,93,254,28,68,129,0,0,0,4,17,195,2,1,0,83,0,31,65,122,0,0,8,8,152,10,0,0,33,209,49,53,63,28,62,254,1,100,1,0,100,254,3,68,128,0,1,3,197]
[2026-03-12 13:05:11] debug: 	zh:zstack:unpi:parser: --> parsed 5 - 2 - 5 - 196 - [17,195,1,53,63] - 93
[2026-03-12 13:05:11] debug: 	zh:zstack:znp: <-- AREQ: ZDO - srcRtgInd
[2026-03-12 13:05:11] debug: 	zh:zstack:unpi:parser: --- parseNext [254,28,68,129,0,0,0,4,17,195,2,1,0,87,0,93,14,60,0,0,8,8,147,10,0,0,33,184,49,53,63,28,19,254,5,69,196,17,195,1,53,63,93,254,28,68,129,0,0,0,4,17,195,2,1,0,87,0,162,195,69,0,0,8,8,148,10,0,0,33,209,49,53,63,28,54,254,5,69,196,17,195,1,53,63,93,254,28,68,129,0,0,0,4,17,195,2,1,0,87,0,85,222,88,0,0,8,8,149,10,0,0,33,234,49,53,63,28,251,254,5,69,196,17,195,1,53,63,93,254,28,68,129,0,0,0,4,17,195,2,1,0,87,0,209,97,98,0,0,8,8,150,10,0,0,33,4,50,53,63,28,20,254,28,68,129,0,0,2,4,138,128,1,1,0,94,0,46,8,99,0,0,8,24,213,10,0,0,41,57,9,138,128,29,15,254,28,68,129,0,0,5,4,138,128,1,1,0,91,0,56,9,99,0,0,8,24,214,10,0,0,33,166,15,138,128,29,136,254,37,68,129,0,0,3,4,138,128,1,1,0,91,0,67,10,99,0,0,17,24,215,10,0,0,41,215,3,20,0,40,255,16,0,41,105,38,138,128,29,23,254,5,69,196,17,195,1,53,63,93,254,28,68,129,0,0,0,4,17,195,2,1,0,83,0,119,189,112,0,0,8,8,151,10,0,0,33,234,49,53,63,28,148,254,5,69,196,17,195,1,53,63,93,254,28,68,129,0,0,0,4,17,195,2,1,0,83,0,31,65,122,0,0,8,8,152,10,0,0,33,209,49,53,63,28,62,254,1,100,1,0,100,254,3,68,128,0,1,3,197]
[2026-03-12 13:05:11] debug: 	zh:zstack:unpi:parser: --> parsed 28 - 2 - 4 - 129 - [0,0,0,4,17,195,2,1,0,87,0,93,14,60,0,0,8,8,147,10,0,0,33,184,49,53,63,28] - 19
[2026-03-12 13:05:11] debug: 	zh:zstack:znp: <-- AREQ: AF - incomingMsg - {"groupid":0,"clusterid":1024,"srcaddr":49937,"srcendpoint":2,"dstendpoint":1,"wasbroadcast":0,"linkquality":87,"securityuse":0,"timestamp":3935837,"transseqnumber":0,"len":8,"data":{"type":"Buffer","data":[8,147,10,0,0,33,184,49]}}
[2026-03-12 13:05:11] debug: 	zh:controller: Received payload: clusterID=1024, address=49937, groupID=0, endpoint=2, destinationEndpoint=1, wasBroadcast=false, linkQuality=87, frame={"header":{"frameControl":{"frameType":0,"manufacturerSpecific":false,"direction":1,"disableDefaultResponse":false,"reservedBits":0},"transactionSequenceNumber":147,"commandIdentifier":10},"payload":[{"attrId":0,"dataType":33,"attrData":12728}],"command":{"ID":10,"name":"report","parameters":[{"name":"attrId","type":9},{"name":"dataType","type":8},{"name":"attrData","type":1000}]}}
[2026-03-12 13:05:11] debug: 	zh:controller:endpoint: ZCL command 0x001788010916738d/2 msIlluminanceMeasurement.defaultRsp({"cmdId":10,"statusCode":0}, {"timeout":10000,"disableResponse":false,"disableRecovery":false,"disableDefaultResponse":true,"direction":1,"reservedBits":0,"transactionSequenceNumber":147,"writeUndiv":false})
[2026-03-12 13:05:11] debug: 	zh:zstack:unpi:parser: --- parseNext [254,5,69,196,17,195,1,53,63,93,254,28,68,129,0,0,0,4,17,195,2,1,0,87,0,162,195,69,0,0,8,8,148,10,0,0,33,209,49,53,63,28,54,254,5,69,196,17,195,1,53,63,93,254,28,68,129,0,0,0,4,17,195,2,1,0,87,0,85,222,88,0,0,8,8,149,10,0,0,33,234,49,53,63,28,251,254,5,69,196,17,195,1,53,63,93,254,28,68,129,0,0,0,4,17,195,2,1,0,87,0,209,97,98,0,0,8,8,150,10,0,0,33,4,50,53,63,28,20,254,28,68,129,0,0,2,4,138,128,1,1,0,94,0,46,8,99,0,0,8,24,213,10,0,0,41,57,9,138,128,29,15,254,28,68,129,0,0,5,4,138,128,1,1,0,91,0,56,9,99,0,0,8,24,214,10,0,0,33,166,15,138,128,29,136,254,37,68,129,0,0,3,4,138,128,1,1,0,91,0,67,10,99,0,0,17,24,215,10,0,0,41,215,3,20,0,40,255,16,0,41,105,38,138,128,29,23,254,5,69,196,17,195,1,53,63,93,254,28,68,129,0,0,0,4,17,195,2,1,0,83,0,119,189,112,0,0,8,8,151,10,0,0,33,234,49,53,63,28,148,254,5,69,196,17,195,1,53,63,93,254,28,68,129,0,0,0,4,17,195,2,1,0,83,0,31,65,122,0,0,8,8,152,10,0,0,33,209,49,53,63,28,62,254,1,100,1,0,100,254,3,68,128,0,1,3,197]
[2026-03-12 13:05:11] debug: 	zh:zstack:unpi:parser: --> parsed 5 - 2 - 5 - 196 - [17,195,1,53,63] - 93
[2026-03-12 13:05:11] debug: 	zh:zstack:znp: <-- AREQ: ZDO - srcRtgInd
[2026-03-12 13:05:11] debug: 	zh:zstack:unpi:parser: --- parseNext [254,28,68,129,0,0,0,4,17,195,2,1,0,87,0,162,195,69,0,0,8,8,148,10,0,0,33,209,49,53,63,28,54,254,5,69,196,17,195,1,53,63,93,254,28,68,129,0,0,0,4,17,195,2,1,0,87,0,85,222,88,0,0,8,8,149,10,0,0,33,234,49,53,63,28,251,254,5,69,196,17,195,1,53,63,93,254,28,68,129,0,0,0,4,17,195,2,1,0,87,0,209,97,98,0,0,8,8,150,10,0,0,33,4,50,53,63,28,20,254,28,68,129,0,0,2,4,138,128,1,1,0,94,0,46,8,99,0,0,8,24,213,10,0,0,41,57,9,138,128,29,15,254,28,68,129,0,0,5,4,138,128,1,1,0,91,0,56,9,99,0,0,8,24,214,10,0,0,33,166,15,138,128,29,136,254,37,68,129,0,0,3,4,138,128,1,1,0,91,0,67,10,99,0,0,17,24,215,10,0,0,41,215,3,20,0,40,255,16,0,41,105,38,138,128,29,23,254,5,69,196,17,195,1,53,63,93,254,28,68,129,0,0,0,4,17,195,2,1,0,83,0,119,189,112,0,0,8,8,151,10,0,0,33,234,49,53,63,28,148,254,5,69,196,17,195,1,53,63,93,254,28,68,129,0,0,0,4,17,195,2,1,0,83,0,31,65,122,0,0,8,8,152,10,0,0,33,209,49,53,63,28,62,254,1,100,1,0,100,254,3,68,128,0,1,3,197]
[2026-03-12 13:05:11] debug: 	zh:zstack:unpi:parser: --> parsed 28 - 2 - 4 - 129 - [0,0,0,4,17,195,2,1,0,87,0,162,195,69,0,0,8,8,148,10,0,0,33,209,49,53,63,28] - 54
[2026-03-12 13:05:11] debug: 	zh:zstack:znp: <-- AREQ: AF - incomingMsg - {"groupid":0,"clusterid":1024,"srcaddr":49937,"srcendpoint":2,"dstendpoint":1,"wasbroadcast":0,"linkquality":87,"securityuse":0,"timestamp":4572066,"transseqnumber":0,"len":8,"data":{"type":"Buffer","data":[8,148,10,0,0,33,209,49]}}
[2026-03-12 13:05:11] debug: 	zh:controller: Received payload: clusterID=1024, address=49937, groupID=0, endpoint=2, destinationEndpoint=1, wasBroadcast=false, linkQuality=87, frame={"header":{"frameControl":{"frameType":0,"manufacturerSpecific":false,"direction":1,"disableDefaultResponse":false,"reservedBits":0},"transactionSequenceNumber":148,"commandIdentifier":10},"payload":[{"attrId":0,"dataType":33,"attrData":12753}],"command":{"ID":10,"name":"report","parameters":[{"name":"attrId","type":9},{"name":"dataType","type":8},{"name":"attrData","type":1000}]}}
[2026-03-12 13:05:11] debug: 	zh:controller:endpoint: ZCL command 0x001788010916738d/2 msIlluminanceMeasurement.defaultRsp({"cmdId":10,"statusCode":0}, {"timeout":10000,"disableResponse":false,"disableRecovery":false,"disableDefaultResponse":true,"direction":1,"reservedBits":0,"transactionSequenceNumber":148,"writeUndiv":false})
[2026-03-12 13:05:11] debug: 	zh:zstack:unpi:parser: --- parseNext [254,5,69,196,17,195,1,53,63,93,254,28,68,129,0,0,0,4,17,195,2,1,0,87,0,85,222,88,0,0,8,8,149,10,0,0,33,234,49,53,63,28,251,254,5,69,196,17,195,1,53,63,93,254,28,68,129,0,0,0,4,17,195,2,1,0,87,0,209,97,98,0,0,8,8,150,10,0,0,33,4,50,53,63,28,20,254,28,68,129,0,0,2,4,138,128,1,1,0,94,0,46,8,99,0,0,8,24,213,10,0,0,41,57,9,138,128,29,15,254,28,68,129,0,0,5,4,138,128,1,1,0,91,0,56,9,99,0,0,8,24,214,10,0,0,33,166,15,138,128,29,136,254,37,68,129,0,0,3,4,138,128,1,1,0,91,0,67,10,99,0,0,17,24,215,10,0,0,41,215,3,20,0,40,255,16,0,41,105,38,138,128,29,23,254,5,69,196,17,195,1,53,63,93,254,28,68,129,0,0,0,4,17,195,2,1,0,83,0,119,189,112,0,0,8,8,151,10,0,0,33,234,49,53,63,28,148,254,5,69,196,17,195,1,53,63,93,254,28,68,129,0,0,0,4,17,195,2,1,0,83,0,31,65,122,0,0,8,8,152,10,0,0,33,209,49,53,63,28,62,254,1,100,1,0,100,254,3,68,128,0,1,3,197]
[2026-03-12 13:05:11] debug: 	zh:zstack:unpi:parser: --> parsed 5 - 2 - 5 - 196 - [17,195,1,53,63] - 93
[2026-03-12 13:05:11] debug: 	zh:zstack:znp: <-- AREQ: ZDO - srcRtgInd
[2026-03-12 13:05:11] debug: 	zh:zstack:unpi:parser: --- parseNext [254,28,68,129,0,0,0,4,17,195,2,1,0,87,0,85,222,88,0,0,8,8,149,10,0,0,33,234,49,53,63,28,251,254,5,69,196,17,195,1,53,63,93,254,28,68,129,0,0,0,4,17,195,2,1,0,87,0,209,97,98,0,0,8,8,150,10,0,0,33,4,50,53,63,28,20,254,28,68,129,0,0,2,4,138,128,1,1,0,94,0,46,8,99,0,0,8,24,213,10,0,0,41,57,9,138,128,29,15,254,28,68,129,0,0,5,4,138,128,1,1,0,91,0,56,9,99,0,0,8,24,214,10,0,0,33,166,15,138,128,29,136,254,37,68,129,0,0,3,4,138,128,1,1,0,91,0,67,10,99,0,0,17,24,215,10,0,0,41,215,3,20,0,40,255,16,0,41,105,38,138,128,29,23,254,5,69,196,17,195,1,53,63,93,254,28,68,129,0,0,0,4,17,195,2,1,0,83,0,119,189,112,0,0,8,8,151,10,0,0,33,234,49,53,63,28,148,254,5,69,196,17,195,1,53,63,93,254,28,68,129,0,0,0,4,17,195,2,1,0,83,0,31,65,122,0,0,8,8,152,10,0,0,33,209,49,53,63,28,62,254,1,100,1,0,100,254,3,68,128,0,1,3,197]
[2026-03-12 13:05:11] debug: 	zh:zstack:unpi:parser: --> parsed 28 - 2 - 4 - 129 - [0,0,0,4,17,195,2,1,0,87,0,85,222,88,0,0,8,8,149,10,0,0,33,234,49,53,63,28] - 251
[2026-03-12 13:05:11] debug: 	zh:zstack:znp: <-- AREQ: AF - incomingMsg - {"groupid":0,"clusterid":1024,"srcaddr":49937,"srcendpoint":2,"dstendpoint":1,"wasbroadcast":0,"linkquality":87,"securityuse":0,"timestamp":5824085,"transseqnumber":0,"len":8,"data":{"type":"Buffer","data":[8,149,10,0,0,33,234,49]}}
[2026-03-12 13:05:11] debug: 	zh:controller: Received payload: clusterID=1024, address=49937, groupID=0, endpoint=2, destinationEndpoint=1, wasBroadcast=false, linkQuality=87, frame={"header":{"frameControl":{"frameType":0,"manufacturerSpecific":false,"direction":1,"disableDefaultResponse":false,"reservedBits":0},"transactionSequenceNumber":149,"commandIdentifier":10},"payload":[{"attrId":0,"dataType":33,"attrData":12778}],"command":{"ID":10,"name":"report","parameters":[{"name":"attrId","type":9},{"name":"dataType","type":8},{"name":"attrData","type":1000}]}}
[2026-03-12 13:05:11] debug: 	zh:controller:endpoint: ZCL command 0x001788010916738d/2 msIlluminanceMeasurement.defaultRsp({"cmdId":10,"statusCode":0}, {"timeout":10000,"disableResponse":false,"disableRecovery":false,"disableDefaultResponse":true,"direction":1,"reservedBits":0,"transactionSequenceNumber":149,"writeUndiv":false})
[2026-03-12 13:05:11] debug: 	zh:zstack:unpi:parser: --- parseNext [254,5,69,196,17,195,1,53,63,93,254,28,68,129,0,0,0,4,17,195,2,1,0,87,0,209,97,98,0,0,8,8,150,10,0,0,33,4,50,53,63,28,20,254,28,68,129,0,0,2,4,138,128,1,1,0,94,0,46,8,99,0,0,8,24,213,10,0,0,41,57,9,138,128,29,15,254,28,68,129,0,0,5,4,138,128,1,1,0,91,0,56,9,99,0,0,8,24,214,10,0,0,33,166,15,138,128,29,136,254,37,68,129,0,0,3,4,138,128,1,1,0,91,0,67,10,99,0,0,17,24,215,10,0,0,41,215,3,20,0,40,255,16,0,41,105,38,138,128,29,23,254,5,69,196,17,195,1,53,63,93,254,28,68,129,0,0,0,4,17,195,2,1,0,83,0,119,189,112,0,0,8,8,151,10,0,0,33,234,49,53,63,28,148,254,5,69,196,17,195,1,53,63,93,254,28,68,129,0,0,0,4,17,195,2,1,0,83,0,31,65,122,0,0,8,8,152,10,0,0,33,209,49,53,63,28,62,254,1,100,1,0,100,254,3,68,128,0,1,3,197]
[2026-03-12 13:05:11] debug: 	zh:zstack:unpi:parser: --> parsed 5 - 2 - 5 - 196 - [17,195,1,53,63] - 93
[2026-03-12 13:05:11] debug: 	zh:zstack:znp: <-- AREQ: ZDO - srcRtgInd
[2026-03-12 13:05:11] debug: 	zh:zstack:unpi:parser: --- parseNext [254,28,68,129,0,0,0,4,17,195,2,1,0,87,0,209,97,98,0,0,8,8,150,10,0,0,33,4,50,53,63,28,20,254,28,68,129,0,0,2,4,138,128,1,1,0,94,0,46,8,99,0,0,8,24,213,10,0,0,41,57,9,138,128,29,15,254,28,68,129,0,0,5,4,138,128,1,1,0,91,0,56,9,99,0,0,8,24,214,10,0,0,33,166,15,138,128,29,136,254,37,68,129,0,0,3,4,138,128,1,1,0,91,0,67,10,99,0,0,17,24,215,10,0,0,41,215,3,20,0,40,255,16,0,41,105,38,138,128,29,23,254,5,69,196,17,195,1,53,63,93,254,28,68,129,0,0,0,4,17,195,2,1,0,83,0,119,189,112,0,0,8,8,151,10,0,0,33,234,49,53,63,28,148,254,5,69,196,17,195,1,53,63,93,254,28,68,129,0,0,0,4,17,195,2,1,0,83,0,31,65,122,0,0,8,8,152,10,0,0,33,209,49,53,63,28,62,254,1,100,1,0,100,254,3,68,128,0,1,3,197]
[2026-03-12 13:05:11] debug: 	zh:zstack:unpi:parser: --> parsed 28 - 2 - 4 - 129 - [0,0,0,4,17,195,2,1,0,87,0,209,97,98,0,0,8,8,150,10,0,0,33,4,50,53,63,28] - 20
[2026-03-12 13:05:11] debug: 	zh:zstack:znp: <-- AREQ: AF - incomingMsg - {"groupid":0,"clusterid":1024,"srcaddr":49937,"srcendpoint":2,"dstendpoint":1,"wasbroadcast":0,"linkquality":87,"securityuse":0,"timestamp":6447569,"transseqnumber":0,"len":8,"data":{"type":"Buffer","data":[8,150,10,0,0,33,4,50]}}
[2026-03-12 13:05:11] debug: 	zh:controller: Received payload: clusterID=1024, address=49937, groupID=0, endpoint=2, destinationEndpoint=1, wasBroadcast=false, linkQuality=87, frame={"header":{"frameControl":{"frameType":0,"manufacturerSpecific":false,"direction":1,"disableDefaultResponse":false,"reservedBits":0},"transactionSequenceNumber":150,"commandIdentifier":10},"payload":[{"attrId":0,"dataType":33,"attrData":12804}],"command":{"ID":10,"name":"report","parameters":[{"name":"attrId","type":9},{"name":"dataType","type":8},{"name":"attrData","type":1000}]}}
[2026-03-12 13:05:11] debug: 	zh:controller:endpoint: ZCL command 0x001788010916738d/2 msIlluminanceMeasurement.defaultRsp({"cmdId":10,"statusCode":0}, {"timeout":10000,"disableResponse":false,"disableRecovery":false,"disableDefaultResponse":true,"direction":1,"reservedBits":0,"transactionSequenceNumber":150,"writeUndiv":false})
[2026-03-12 13:05:11] debug: 	zh:zstack:unpi:parser: --- parseNext [254,28,68,129,0,0,2,4,138,128,1,1,0,94,0,46,8,99,0,0,8,24,213,10,0,0,41,57,9,138,128,29,15,254,28,68,129,0,0,5,4,138,128,1,1,0,91,0,56,9,99,0,0,8,24,214,10,0,0,33,166,15,138,128,29,136,254,37,68,129,0,0,3,4,138,128,1,1,0,91,0,67,10,99,0,0,17,24,215,10,0,0,41,215,3,20,0,40,255,16,0,41,105,38,138,128,29,23,254,5,69,196,17,195,1,53,63,93,254,28,68,129,0,0,0,4,17,195,2,1,0,83,0,119,189,112,0,0,8,8,151,10,0,0,33,234,49,53,63,28,148,254,5,69,196,17,195,1,53,63,93,254,28,68,129,0,0,0,4,17,195,2,1,0,83,0,31,65,122,0,0,8,8,152,10,0,0,33,209,49,53,63,28,62,254,1,100,1,0,100,254,3,68,128,0,1,3,197]
[2026-03-12 13:05:11] debug: 	zh:zstack:unpi:parser: --> parsed 28 - 2 - 4 - 129 - [0,0,2,4,138,128,1,1,0,94,0,46,8,99,0,0,8,24,213,10,0,0,41,57,9,138,128,29] - 15
[2026-03-12 13:05:11] debug: 	zh:zstack:znp: <-- AREQ: AF - incomingMsg - {"groupid":0,"clusterid":1026,"srcaddr":32906,"srcendpoint":1,"dstendpoint":1,"wasbroadcast":0,"linkquality":94,"securityuse":0,"timestamp":6490158,"transseqnumber":0,"len":8,"data":{"type":"Buffer","data":[24,213,10,0,0,41,57,9]}}
[2026-03-12 13:05:11] debug: 	zh:controller: Received payload: clusterID=1026, address=32906, groupID=0, endpoint=1, destinationEndpoint=1, wasBroadcast=false, linkQuality=94, frame={"header":{"frameControl":{"frameType":0,"manufacturerSpecific":false,"direction":1,"disableDefaultResponse":true,"reservedBits":0},"transactionSequenceNumber":213,"commandIdentifier":10},"payload":[{"attrId":0,"dataType":41,"attrData":2361}],"command":{"ID":10,"name":"report","parameters":[{"name":"attrId","type":9},{"name":"dataType","type":8},{"name":"attrData","type":1000}]}}
[2026-03-12 13:05:11] debug: 	zh:zstack:unpi:parser: --- parseNext [254,28,68,129,0,0,5,4,138,128,1,1,0,91,0,56,9,99,0,0,8,24,214,10,0,0,33,166,15,138,128,29,136,254,37,68,129,0,0,3,4,138,128,1,1,0,91,0,67,10,99,0,0,17,24,215,10,0,0,41,215,3,20,0,40,255,16,0,41,105,38,138,128,29,23,254,5,69,196,17,195,1,53,63,93,254,28,68,129,0,0,0,4,17,195,2,1,0,83,0,119,189,112,0,0,8,8,151,10,0,0,33,234,49,53,63,28,148,254,5,69,196,17,195,1,53,63,93,254,28,68,129,0,0,0,4,17,195,2,1,0,83,0,31,65,122,0,0,8,8,152,10,0,0,33,209,49,53,63,28,62,254,1,100,1,0,100,254,3,68,128,0,1,3,197]
[2026-03-12 13:05:11] debug: 	zh:zstack:unpi:parser: --> parsed 28 - 2 - 4 - 129 - [0,0,5,4,138,128,1,1,0,91,0,56,9,99,0,0,8,24,214,10,0,0,33,166,15,138,128,29] - 136
[2026-03-12 13:05:11] debug: 	zh:zstack:znp: <-- AREQ: AF - incomingMsg - {"groupid":0,"clusterid":1029,"srcaddr":32906,"srcendpoint":1,"dstendpoint":1,"wasbroadcast":0,"linkquality":91,"securityuse":0,"timestamp":6490424,"transseqnumber":0,"len":8,"data":{"type":"Buffer","data":[24,214,10,0,0,33,166,15]}}
[2026-03-12 13:05:11] debug: 	zh:controller: Received payload: clusterID=1029, address=32906, groupID=0, endpoint=1, destinationEndpoint=1, wasBroadcast=false, linkQuality=91, frame={"header":{"frameControl":{"frameType":0,"manufacturerSpecific":false,"direction":1,"disableDefaultResponse":true,"reservedBits":0},"transactionSequenceNumber":214,"commandIdentifier":10},"payload":[{"attrId":0,"dataType":33,"attrData":4006}],"command":{"ID":10,"name":"report","parameters":[{"name":"attrId","type":9},{"name":"dataType","type":8},{"name":"attrData","type":1000}]}}
[2026-03-12 13:05:11] debug: 	zh:zstack:unpi:parser: --- parseNext [254,37,68,129,0,0,3,4,138,128,1,1,0,91,0,67,10,99,0,0,17,24,215,10,0,0,41,215,3,20,0,40,255,16,0,41,105,38,138,128,29,23,254,5,69,196,17,195,1,53,63,93,254,28,68,129,0,0,0,4,17,195,2,1,0,83,0,119,189,112,0,0,8,8,151,10,0,0,33,234,49,53,63,28,148,254,5,69,196,17,195,1,53,63,93,254,28,68,129,0,0,0,4,17,195,2,1,0,83,0,31,65,122,0,0,8,8,152,10,0,0,33,209,49,53,63,28,62,254,1,100,1,0,100,254,3,68,128,0,1,3,197]
[2026-03-12 13:05:11] debug: 	zh:zstack:unpi:parser: --> parsed 37 - 2 - 4 - 129 - [0,0,3,4,138,128,1,1,0,91,0,67,10,99,0,0,17,24,215,10,0,0,41,215,3,20,0,40,255,16,0,41,105,38,138,128,29] - 23
[2026-03-12 13:05:12] debug: 	zh:zstack:znp: <-- AREQ: AF - incomingMsg - {"groupid":0,"clusterid":1027,"srcaddr":32906,"srcendpoint":1,"dstendpoint":1,"wasbroadcast":0,"linkquality":91,"securityuse":0,"timestamp":6490691,"transseqnumber":0,"len":17,"data":{"type":"Buffer","data":[24,215,10,0,0,41,215,3,20,0,40,255,16,0,41,105,38]}}
[2026-03-12 13:05:12] debug: 	zh:controller: Received payload: clusterID=1027, address=32906, groupID=0, endpoint=1, destinationEndpoint=1, wasBroadcast=false, linkQuality=91, frame={"header":{"frameControl":{"frameType":0,"manufacturerSpecific":false,"direction":1,"disableDefaultResponse":true,"reservedBits":0},"transactionSequenceNumber":215,"commandIdentifier":10},"payload":[{"attrId":0,"dataType":41,"attrData":983},{"attrId":20,"dataType":40,"attrData":-1},{"attrId":16,"dataType":41,"attrData":9833}],"command":{"ID":10,"name":"report","parameters":[{"name":"attrId","type":9},{"name":"dataType","type":8},{"name":"attrData","type":1000}]}}
[2026-03-12 13:05:12] debug: 	zh:zstack:unpi:parser: --- parseNext [254,5,69,196,17,195,1,53,63,93,254,28,68,129,0,0,0,4,17,195,2,1,0,83,0,119,189,112,0,0,8,8,151,10,0,0,33,234,49,53,63,28,148,254,5,69,196,17,195,1,53,63,93,254,28,68,129,0,0,0,4,17,195,2,1,0,83,0,31,65,122,0,0,8,8,152,10,0,0,33,209,49,53,63,28,62,254,1,100,1,0,100,254,3,68,128,0,1,3,197]
[2026-03-12 13:05:12] debug: 	zh:zstack:unpi:parser: --> parsed 5 - 2 - 5 - 196 - [17,195,1,53,63] - 93
[2026-03-12 13:05:12] debug: 	zh:zstack:znp: <-- AREQ: ZDO - srcRtgInd
[2026-03-12 13:05:12] debug: 	zh:zstack:unpi:parser: --- parseNext [254,28,68,129,0,0,0,4,17,195,2,1,0,83,0,119,189,112,0,0,8,8,151,10,0,0,33,234,49,53,63,28,148,254,5,69,196,17,195,1,53,63,93,254,28,68,129,0,0,0,4,17,195,2,1,0,83,0,31,65,122,0,0,8,8,152,10,0,0,33,209,49,53,63,28,62,254,1,100,1,0,100,254,3,68,128,0,1,3,197]
[2026-03-12 13:05:12] debug: 	zh:zstack:unpi:parser: --> parsed 28 - 2 - 4 - 129 - [0,0,0,4,17,195,2,1,0,83,0,119,189,112,0,0,8,8,151,10,0,0,33,234,49,53,63,28] - 148
[2026-03-12 13:05:12] debug: 	zh:zstack:znp: <-- AREQ: AF - incomingMsg - {"groupid":0,"clusterid":1024,"srcaddr":49937,"srcendpoint":2,"dstendpoint":1,"wasbroadcast":0,"linkquality":83,"securityuse":0,"timestamp":7388535,"transseqnumber":0,"len":8,"data":{"type":"Buffer","data":[8,151,10,0,0,33,234,49]}}
[2026-03-12 13:05:12] debug: 	zh:controller: Received payload: clusterID=1024, address=49937, groupID=0, endpoint=2, destinationEndpoint=1, wasBroadcast=false, linkQuality=83, frame={"header":{"frameControl":{"frameType":0,"manufacturerSpecific":false,"direction":1,"disableDefaultResponse":false,"reservedBits":0},"transactionSequenceNumber":151,"commandIdentifier":10},"payload":[{"attrId":0,"dataType":33,"attrData":12778}],"command":{"ID":10,"name":"report","parameters":[{"name":"attrId","type":9},{"name":"dataType","type":8},{"name":"attrData","type":1000}]}}
[2026-03-12 13:05:12] debug: 	zh:controller:endpoint: ZCL command 0x001788010916738d/2 msIlluminanceMeasurement.defaultRsp({"cmdId":10,"statusCode":0}, {"timeout":10000,"disableResponse":false,"disableRecovery":false,"disableDefaultResponse":true,"direction":1,"reservedBits":0,"transactionSequenceNumber":151,"writeUndiv":false})
[2026-03-12 13:05:12] debug: 	zh:zstack:unpi:parser: --- parseNext [254,5,69,196,17,195,1,53,63,93,254,28,68,129,0,0,0,4,17,195,2,1,0,83,0,31,65,122,0,0,8,8,152,10,0,0,33,209,49,53,63,28,62,254,1,100,1,0,100,254,3,68,128,0,1,3,197]
[2026-03-12 13:05:12] debug: 	zh:zstack:unpi:parser: --> parsed 5 - 2 - 5 - 196 - [17,195,1,53,63] - 93
[2026-03-12 13:05:12] debug: 	zh:zstack:znp: <-- AREQ: ZDO - srcRtgInd
[2026-03-12 13:05:12] debug: 	zh:zstack:unpi:parser: --- parseNext [254,28,68,129,0,0,0,4,17,195,2,1,0,83,0,31,65,122,0,0,8,8,152,10,0,0,33,209,49,53,63,28,62,254,1,100,1,0,100,254,3,68,128,0,1,3,197]
[2026-03-12 13:05:12] debug: 	zh:zstack:unpi:parser: --> parsed 28 - 2 - 4 - 129 - [0,0,0,4,17,195,2,1,0,83,0,31,65,122,0,0,8,8,152,10,0,0,33,209,49,53,63,28] - 62
[2026-03-12 13:05:12] debug: 	zh:zstack:znp: <-- AREQ: AF - incomingMsg - {"groupid":0,"clusterid":1024,"srcaddr":49937,"srcendpoint":2,"dstendpoint":1,"wasbroadcast":0,"linkquality":83,"securityuse":0,"timestamp":8012063,"transseqnumber":0,"len":8,"data":{"type":"Buffer","data":[8,152,10,0,0,33,209,49]}}
[2026-03-12 13:05:12] debug: 	zh:controller: Received payload: clusterID=1024, address=49937, groupID=0, endpoint=2, destinationEndpoint=1, wasBroadcast=false, linkQuality=83, frame={"header":{"frameControl":{"frameType":0,"manufacturerSpecific":false,"direction":1,"disableDefaultResponse":false,"reservedBits":0},"transactionSequenceNumber":152,"commandIdentifier":10},"payload":[{"attrId":0,"dataType":33,"attrData":12753}],"command":{"ID":10,"name":"report","parameters":[{"name":"attrId","type":9},{"name":"dataType","type":8},{"name":"attrData","type":1000}]}}
[2026-03-12 13:05:12] debug: 	zh:controller:endpoint: ZCL command 0x001788010916738d/2 msIlluminanceMeasurement.defaultRsp({"cmdId":10,"statusCode":0}, {"timeout":10000,"disableResponse":false,"disableRecovery":false,"disableDefaultResponse":true,"direction":1,"reservedBits":0,"transactionSequenceNumber":152,"writeUndiv":false})
[2026-03-12 13:05:12] debug: 	zh:zstack:unpi:parser: --- parseNext [254,1,100,1,0,100,254,3,68,128,0,1,3,197]
[2026-03-12 13:05:12] debug: 	zh:zstack:unpi:parser: --> parsed 1 - 3 - 4 - 1 - [0] - 100
[2026-03-12 13:05:12] debug: 	zh:zstack:znp: <-- SRSP: AF - dataRequest - {"status":0}
[2026-03-12 13:05:12] debug: 	zh:zstack:unpi:parser: --- parseNext [254,3,68,128,0,1,3,197]
[2026-03-12 13:05:12] debug: 	zh:zstack:unpi:parser: --> parsed 3 - 2 - 4 - 128 - [0,1,3] - 197
[2026-03-12 13:05:12] debug: 	zh:zstack:znp: <-- AREQ: AF - dataConfirm - {"status":0,"endpoint":1,"transid":3}
[2026-03-12 13:05:12] debug: 	zh:zstack:unpi:parser: --- parseNext []
[2026-03-12 13:05:12] debug: 	z2m: Received Zigbee message from 'Hue-Motiondetect', type 'attributeReport', cluster 'msIlluminanceMeasurement', data '{"measuredValue":19524}' from endpoint 2 with groupID 0
[2026-03-12 13:05:12] debug: 	z2m: Received Zigbee message from 'Hue-Motiondetect', type 'attributeReport', cluster 'msIlluminanceMeasurement', data '{"measuredValue":19529}' from endpoint 2 with groupID 0
[2026-03-12 13:05:12] debug: 	z2m: Received Zigbee message from 'Hue-Motiondetect', type 'attributeReport', cluster 'msIlluminanceMeasurement', data '{"measuredValue":19524}' from endpoint 2 with groupID 0
[2026-03-12 13:05:12] debug: 	z2m: Received Zigbee message from 'Hue-Motiondetect', type 'attributeReport', cluster 'msIlluminanceMeasurement', data '{"measuredValue":19410}' from endpoint 2 with groupID 0
[2026-03-12 13:05:12] debug: 	z2m: Received Zigbee message from 'Hue-Motiondetect', type 'attributeReport', cluster 'msIlluminanceMeasurement', data '{"measuredValue":19513}' from endpoint 2 with groupID 0
[2026-03-12 13:05:12] debug: 	z2m: Received Zigbee message from 'Hue-Motiondetect', type 'attributeReport', cluster 'msIlluminanceMeasurement', data '{"measuredValue":19003}' from endpoint 2 with groupID 0
[2026-03-12 13:05:12] debug: 	z2m: Received Zigbee message from 'Hue-Motiondetect', type 'attributeReport', cluster 'msTemperatureMeasurement', data '{"measuredValue":2247}' from endpoint 2 with groupID 0
[2026-03-12 13:05:12] debug: 	z2m: Received Zigbee message from 'Hue-Motiondetect', type 'attributeReport', cluster 'msIlluminanceMeasurement', data '{"measuredValue":18767}' from endpoint 2 with groupID 0
[2026-03-12 13:05:12] debug: 	z2m: Received Zigbee message from 'Hue-Motiondetect', type 'attributeReport', cluster 'msIlluminanceMeasurement', data '{"measuredValue":19231}' from endpoint 2 with groupID 0
[2026-03-12 13:05:12] debug: 	z2m: Received Zigbee message from 'Hue-Motiondetect', type 'attributeReport', cluster 'msIlluminanceMeasurement', data '{"measuredValue":19465}' from endpoint 2 with groupID 0
[2026-03-12 13:05:12] debug: 	z2m: Received Zigbee message from 'Hue-Motiondetect', type 'attributeReport', cluster 'msIlluminanceMeasurement', data '{"measuredValue":19460}' from endpoint 2 with groupID 0
[2026-03-12 13:05:12] debug: 	z2m: Received Zigbee message from 'Hue-Motiondetect', type 'attributeReport', cluster 'msIlluminanceMeasurement', data '{"measuredValue":19465}' from endpoint 2 with groupID 0
[2026-03-12 13:05:12] debug: 	z2m: Received Zigbee message from 'Hue-Motiondetect', type 'attributeReport', cluster 'msIlluminanceMeasurement', data '{"measuredValue":19470}' from endpoint 2 with groupID 0
[2026-03-12 13:05:12] debug: 	z2m: Received Zigbee message from 'Lampe-Bettbereich', type 'commandQueryNextImageRequest', cluster 'genOta', data '{"fieldControl":0,"fileVersion":537029168,"imageType":288,"manufacturerCode":4454}' from endpoint 1 with groupID 0
[2026-03-12 13:05:12] error: 	z2m: Not connected to MQTT server!
[2026-03-12 13:05:12] error: 	z2m: Cannot send message: topic: 'homeassistant/light/0x0c4314fffef7fae6/light/config', payload: '{"availability":[{"topic":"zigbee2mqtt/bridge/state","value_template":"{{ value_json.state }}"}],"brightness":true,"brightness_scale":254,"command_topic":"zigbee2mqtt/Lampe-Bettbereich/set","default_entity_id":"light.lampe-bettbereich","device":{"hw_version":1,"identifiers":["zigbee2mqtt_0x0c4314fffef7fae6"],"manufacturer":"Innr","model":"E27 filament bulb dimmable","model_id":"RF 263","name":"Lampe-Bettbereich","sw_version":"2.00.02","via_device":"zigbee2mqtt_bridge_0x00124b00257b6a6e"},"effect":true,"effect_list":["blink","breathe","okay","channel_change","finish_effect","stop_effect"],"name":null,"object_id":"lampe-bettbereich","origin":{"name":"Zigbee2MQTT","sw":"2.9.1","url":"https://www.zigbee2mqtt.io"},"schema":"json","state_topic":"zigbee2mqtt/Lampe-Bettbereich","supported_color_modes":["brightness"],"unique_id":"0x0c4314fffef7fae6_light_zigbee2mqtt"}
[2026-03-12 13:05:12] debug: 	z2m: Received Zigbee message from 'Lampe-Bettbereich', type 'commandQueryNextImageRequest', cluster 'genOta', data '{"fieldControl":0,"fileVersion":537029168,"imageType":288,"manufacturerCode":4454}' from endpoint 1 with groupID 0
[2026-03-12 13:05:12] debug: 	z2m: Received Zigbee message from 'Lampe-Bettbereich', type 'commandQueryNextImageRequest', cluster 'genOta', data '{"fieldControl":0,"fileVersion":537029168,"imageType":288,"manufacturerCode":4454}' from endpoint 1 with groupID 0
[2026-03-12 13:05:12] debug: 	z2m: Received Zigbee message from 'Lampe-Bettbereich', type 'commandQueryNextImageRequest', cluster 'genOta', data '{"fieldControl":0,"fileVersion":537029168,"imageType":288,"manufacturerCode":4454}' from endpoint 1 with groupID 0
[2026-03-12 13:05:12] debug: 	z2m: Received Zigbee message from 'Hue-Motiondetect', type 'attributeReport', cluster 'msIlluminanceMeasurement', data '{"measuredValue":19465}' from endpoint 2 with groupID 0
[2026-03-12 13:05:12] debug: 	z2m: Received Zigbee message from 'Lampe-Bettbereich', type 'commandQueryNextImageRequest', cluster 'genOta', data '{"fieldControl":0,"fileVersion":537029168,"imageType":288,"manufacturerCode":4454}' from endpoint 1 with groupID 0
[2026-03-12 13:05:12] debug: 	z2m: Received Zigbee message from 'Smert.Button.02', type 'attributeReport', cluster 'genPowerCfg', data '{"batteryPercentageRemaining":200}' from endpoint 1 with groupID 0
[2026-03-12 13:05:12] error: 	z2m: Not connected to MQTT server!
[2026-03-12 13:05:12] error: 	z2m: Cannot send message: topic: 'homeassistant/sensor/0x2c1165fffe2d42b7/battery/config', payload: '{"availability":[{"topic":"zigbee2mqtt/bridge/state","value_template":"{{ value_json.state }}"}],"default_entity_id":"sensor.smert.button.02_battery","device":{"hw_version":1,"identifiers":["zigbee2mqtt_0x2c1165fffe2d42b7"],"manufacturer":"Lidl","model":"Silvercrest smart button","model_id":"HG08164","name":"Smert.Button.02","via_device":"zigbee2mqtt_bridge_0x00124b00257b6a6e"},"device_class":"battery","enabled_by_default":true,"entity_category":"diagnostic","object_id":"smert.button.02_battery","origin":{"name":"Zigbee2MQTT","sw":"2.9.1","url":"https://www.zigbee2mqtt.io"},"state_class":"measurement","state_topic":"zigbee2mqtt/Smert.Button.02","unique_id":"0x2c1165fffe2d42b7_battery_zigbee2mqtt","unit_of_measurement":"%","value_template":"{{ value_json.battery }}"}
[2026-03-12 13:05:12] debug: 	z2m: Received Zigbee message from 'Hue-Motiondetect', type 'attributeReport', cluster 'msIlluminanceMeasurement', data '{"measuredValue":19470}' from endpoint 2 with groupID 0
[2026-03-12 13:05:12] debug: 	z2m: Received Zigbee message from 'Hue-Motiondetect', type 'attributeReport', cluster 'msIlluminanceMeasurement', data '{"measuredValue":19476}' from endpoint 2 with groupID 0
[2026-03-12 13:05:12] debug: 	z2m: Received Zigbee message from 'Hue-Motiondetect', type 'attributeReport', cluster 'msIlluminanceMeasurement', data '{"measuredValue":19481}' from endpoint 2 with groupID 0
[2026-03-12 13:05:12] debug: 	z2m: Received Zigbee message from 'Hue-Motiondetect', type 'attributeReport', cluster 'msIlluminanceMeasurement', data '{"measuredValue":19492}' from endpoint 2 with groupID 0
[2026-03-12 13:05:12] debug: 	z2m: Received Zigbee message from 'Hue-Motiondetect', type 'attributeReport', cluster 'msIlluminanceMeasurement', data '{"measuredValue":19503}' from endpoint 2 with groupID 0
[2026-03-12 13:05:12] debug: 	z2m: Received Zigbee message from 'Hue-Motiondetect', type 'attributeReport', cluster 'msIlluminanceMeasurement', data '{"measuredValue":19519}' from endpoint 2 with groupID 0
[2026-03-12 13:05:12] debug: 	z2m: Received Zigbee message from 'Smert.Button.02', type 'read', cluster 'genTime', data '["localTime"]' from endpoint 1 with groupID 0
[2026-03-12 13:05:12] debug: 	z2m: Received Zigbee message from 'Smert.Button.02', type 'read', cluster 'genTime', data '["localTime"]' from endpoint 1 with groupID 0
[2026-03-12 13:05:12] debug: 	z2m: Received Zigbee message from 'Smert.Button.02', type 'read', cluster 'genTime', data '["localTime"]' from endpoint 1 with groupID 0
[2026-03-12 13:05:12] debug: 	z2m: Received Zigbee message from 'Smert.Button.02', type 'read', cluster 'genTime', data '["localTime"]' from endpoint 1 with groupID 0
[2026-03-12 13:05:12] debug: 	z2m: Received Zigbee message from 'Smert.Button.02', type 'read', cluster 'genTime', data '["localTime"]' from endpoint 1 with groupID 0
[2026-03-12 13:05:12] debug: 	z2m: Received Zigbee message from 'Hue-Motiondetect', type 'attributeReport', cluster 'msIlluminanceMeasurement', data '{"measuredValue":19556}' from endpoint 2 with groupID 0
[2026-03-12 13:05:12] debug: 	z2m: Received Zigbee message from 'Hue-Motiondetect', type 'attributeReport', cluster 'msIlluminanceMeasurement', data '{"measuredValue":19609}' from endpoint 2 with groupID 0
[2026-03-12 13:05:12] debug: 	z2m: Received Zigbee message from 'Hue-Motiondetect', type 'attributeReport', cluster 'msIlluminanceMeasurement', data '{"measuredValue":16838}' from endpoint 2 with groupID 0
[2026-03-12 13:05:12] debug: 	z2m: Received Zigbee message from 'Hue-Motiondetect', type 'attributeReport', cluster 'msIlluminanceMeasurement', data '{"measuredValue":13324}' from endpoint 2 with groupID 0
[2026-03-12 13:05:12] debug: 	z2m: Received Zigbee message from 'Hue-Motiondetect', type 'attributeReport', cluster 'msIlluminanceMeasurement', data '{"measuredValue":13000}' from endpoint 2 with groupID 0
[2026-03-12 13:05:12] debug: 	z2m: Received Zigbee message from 'Hue-Motiondetect', type 'attributeReport', cluster 'msIlluminanceMeasurement', data '{"measuredValue":12829}' from endpoint 2 with groupID 0
[2026-03-12 13:05:12] debug: 	z2m: Received Zigbee message from 'LuMi.Wetter.PCbereich', type 'attributeReport', cluster 'msTemperatureMeasurement', data '{"measuredValue":2468}' from endpoint 1 with groupID 0
[2026-03-12 13:05:12] debug: 	z2m: Received Zigbee message from 'LuMi.Wetter.PCbereich', type 'attributeReport', cluster 'msRelativeHumidity', data '{"measuredValue":3827}' from endpoint 1 with groupID 0
[2026-03-12 13:05:12] debug: 	z2m: Received Zigbee message from 'LuMi.Wetter.PCbereich', type 'attributeReport', cluster 'msPressureMeasurement', data '{"measuredValue":983,"scale":-1,"scaledValue":9834}' from endpoint 1 with groupID 0
[2026-03-12 13:05:12] debug: 	z2m: Received Zigbee message from 'Smert.Button.02', type 'attributeReport', cluster 'genPowerCfg', data '{"batteryPercentageRemaining":200,"batteryVoltage":30}' from endpoint 1 with groupID 0
[2026-03-12 13:05:12] debug: 	z2m: Received Zigbee message from 'Smert.Button.02', type 'attributeReport', cluster 'genPowerCfg', data '{"batteryPercentageRemaining":200,"batteryVoltage":30}' from endpoint 1 with groupID 0
[2026-03-12 13:05:12] debug: 	z2m: Received Zigbee message from 'Smert.Button.02', type 'attributeReport', cluster 'genPowerCfg', data '{"batteryPercentageRemaining":200,"batteryVoltage":30}' from endpoint 1 with groupID 0
[2026-03-12 13:05:12] debug: 	z2m: Received Zigbee message from 'Smert.Button.02', type 'attributeReport', cluster 'genPowerCfg', data '{"batteryPercentageRemaining":200,"batteryVoltage":30}' from endpoint 1 with groupID 0
[2026-03-12 13:05:12] debug: 	z2m: Received Zigbee message from 'Smert.Button.02', type 'attributeReport', cluster 'genPowerCfg', data '{"batteryPercentageRemaining":200,"batteryVoltage":30}' from endpoint 1 with groupID 0
[2026-03-12 13:05:12] debug: 	z2m: Received Zigbee message from 'Hue-Motiondetect', type 'attributeReport', cluster 'msIlluminanceMeasurement', data '{"measuredValue":12753}' from endpoint 2 with groupID 0
[2026-03-12 13:05:12] debug: 	z2m: Received Zigbee message from 'Hue-Motiondetect', type 'attributeReport', cluster 'msIlluminanceMeasurement', data '{"measuredValue":12728}' from endpoint 2 with groupID 0
[2026-03-12 13:05:12] debug: 	z2m: Received Zigbee message from 'Hue-Motiondetect', type 'attributeReport', cluster 'msIlluminanceMeasurement', data '{"measuredValue":12753}' from endpoint 2 with groupID 0
[2026-03-12 13:05:12] debug: 	z2m: Received Zigbee message from 'Hue-Motiondetect', type 'attributeReport', cluster 'msIlluminanceMeasurement', data '{"measuredValue":12778}' from endpoint 2 with groupID 0
[2026-03-12 13:05:12] debug: 	z2m: Received Zigbee message from 'Hue-Motiondetect', type 'attributeReport', cluster 'msIlluminanceMeasurement', data '{"measuredValue":12804}' from endpoint 2 with groupID 0
[2026-03-12 13:05:12] debug: 	z2m: Received Zigbee message from 'LuMi.Wetter.3D-Drucker', type 'attributeReport', cluster 'msTemperatureMeasurement', data '{"measuredValue":2361}' from endpoint 1 with groupID 0
[2026-03-12 13:05:12] error: 	z2m: Not connected to MQTT server!
[2026-03-12 13:05:12] error: 	z2m: Cannot send message: topic: 'homeassistant/sensor/0x00158d008bc381e1/battery/config', payload: '{"availability":[{"topic":"zigbee2mqtt/bridge/state","value_template":"{{ value_json.state }}"}],"default_entity_id":"sensor.lumi.wetter.3d-drucker_battery","device":{"hw_version":30,"identifiers":["zigbee2mqtt_0x00158d008bc381e1"],"manufacturer":"Aqara","model":"Temperature and humidity sensor","model_id":"WSDCGQ11LM","name":"LuMi.Wetter.3D-Drucker","sw_version":"3000-0001","via_device":"zigbee2mqtt_bridge_0x00124b00257b6a6e"},"device_class":"battery","enabled_by_default":true,"entity_category":"diagnostic","object_id":"lumi.wetter.3d-drucker_battery","origin":{"name":"Zigbee2MQTT","sw":"2.9.1","url":"https://www.zigbee2mqtt.io"},"state_class":"measurement","state_topic":"zigbee2mqtt/LuMi.Wetter.3D-Drucker","unique_id":"0x00158d008bc381e1_battery_zigbee2mqtt","unit_of_measurement":"%","value_template":"{{ value_json.battery }}"}
[2026-03-12 13:05:12] debug: 	z2m: Received Zigbee message from 'LuMi.Wetter.3D-Drucker', type 'attributeReport', cluster 'msRelativeHumidity', data '{"measuredValue":4006}' from endpoint 1 with groupID 0
[2026-03-12 13:05:12] debug: 	z2m: Received Zigbee message from 'LuMi.Wetter.3D-Drucker', type 'attributeReport', cluster 'msPressureMeasurement', data '{"measuredValue":983,"scale":-1,"scaledValue":9833}' from endpoint 1 with groupID 0
[2026-03-12 13:05:12] debug: 	z2m: Received Zigbee message from 'Hue-Motiondetect', type 'attributeReport', cluster 'msIlluminanceMeasurement', data '{"measuredValue":12778}' from endpoint 2 with groupID 0
[2026-03-12 13:05:12] debug: 	z2m: Received Zigbee message from 'Hue-Motiondetect', type 'attributeReport', cluster 'msIlluminanceMeasurement', data '{"measuredValue":12753}' from endpoint 2 with groupID 0
[2026-03-12 13:05:12] error: 	z2m: Not connected to MQTT server!
[2026-03-12 13:05:12] error: 	z2m: Cannot send message: topic: 'homeassistant/select/0x0c4314fffef7fae6/effect/config', payload: '{"availability":[{"topic":"zigbee2mqtt/bridge/state","value_template":"{{ value_json.state }}"}],"command_topic":"zigbee2mqtt/Lampe-Bettbereich/set/effect","default_entity_id":"select.lampe-bettbereich_effect","device":{"hw_version":1,"identifiers":["zigbee2mqtt_0x0c4314fffef7fae6"],"manufacturer":"Innr","model":"E27 filament bulb dimmable","model_id":"RF 263","name":"Lampe-Bettbereich","sw_version":"2.00.02","via_device":"zigbee2mqtt_bridge_0x00124b00257b6a6e"},"enabled_by_default":false,"icon":"mdi:palette","name":"Effect","object_id":"lampe-bettbereich_effect","options":["blink","breathe","okay","channel_change","finish_effect","stop_effect"],"origin":{"name":"Zigbee2MQTT","sw":"2.9.1","url":"https://www.zigbee2mqtt.io"},"unique_id":"0x0c4314fffef7fae6_effect_zigbee2mqtt"}
[2026-03-12 13:05:12] error: 	z2m: Not connected to MQTT server!
[2026-03-12 13:05:12] error: 	z2m: Cannot send message: topic: 'homeassistant/sensor/0x2c1165fffe2d42b7/linkquality/config', payload: '{"availability":[{"topic":"zigbee2mqtt/bridge/state","value_template":"{{ value_json.state }}"}],"default_entity_id":"sensor.smert.button.02_linkquality","device":{"hw_version":1,"identifiers":["zigbee2mqtt_0x2c1165fffe2d42b7"],"manufacturer":"Lidl","model":"Silvercrest smart button","model_id":"HG08164","name":"Smert.Button.02","via_device":"zigbee2mqtt_bridge_0x00124b00257b6a6e"},"enabled_by_default":false,"entity_category":"diagnostic","icon":"mdi:signal","name":"Linkquality","object_id":"smert.button.02_linkquality","origin":{"name":"Zigbee2MQTT","sw":"2.9.1","url":"https://www.zigbee2mqtt.io"},"state_class":"measurement","state_topic":"zigbee2mqtt/Smert.Button.02","unique_id":"0x2c1165fffe2d42b7_linkquality_zigbee2mqtt","unit_of_measurement":"lqi","value_template":"{{ value_json.linkquality }}"}
[2026-03-12 13:05:12] error: 	z2m: Not connected to MQTT server!
[2026-03-12 13:05:12] error: 	z2m: Cannot send message: topic: 'homeassistant/sensor/0x00158d008bc381e1/temperature/config', payload: '{"availability":[{"topic":"zigbee2mqtt/bridge/state","value_template":"{{ value_json.state }}"}],"default_entity_id":"sensor.lumi.wetter.3d-drucker_temperature","device":{"hw_version":30,"identifiers":["zigbee2mqtt_0x00158d008bc381e1"],"manufacturer":"Aqara","model":"Temperature and humidity sensor","model_id":"WSDCGQ11LM","name":"LuMi.Wetter.3D-Drucker","sw_version":"3000-0001","via_device":"zigbee2mqtt_bridge_0x00124b00257b6a6e"},"device_class":"temperature","enabled_by_default":true,"object_id":"lumi.wetter.3d-drucker_temperature","origin":{"name":"Zigbee2MQTT","sw":"2.9.1","url":"https://www.zigbee2mqtt.io"},"state_class":"measurement","state_topic":"zigbee2mqtt/LuMi.Wetter.3D-Drucker","unique_id":"0x00158d008bc381e1_temperature_zigbee2mqtt","unit_of_measurement":"°C","value_template":"{{ value_json.temperature }}"}
[2026-03-12 13:05:12] error: 	z2m: Not connected to MQTT server!
[2026-03-12 13:05:12] error: 	z2m: Cannot send message: topic: 'homeassistant/select/0x0c4314fffef7fae6/power_on_behavior/config', payload: '{"availability":[{"topic":"zigbee2mqtt/bridge/state","value_template":"{{ value_json.state }}"}],"command_topic":"zigbee2mqtt/Lampe-Bettbereich/set/power_on_behavior","default_entity_id":"select.lampe-bettbereich_power_on_behavior","device":{"hw_version":1,"identifiers":["zigbee2mqtt_0x0c4314fffef7fae6"],"manufacturer":"Innr","model":"E27 filament bulb dimmable","model_id":"RF 263","name":"Lampe-Bettbereich","sw_version":"2.00.02","via_device":"zigbee2mqtt_bridge_0x00124b00257b6a6e"},"entity_category":"config","icon":"mdi:power-settings","name":"Power-on behavior","object_id":"lampe-bettbereich_power_on_behavior","options":["off","on","toggle","previous"],"origin":{"name":"Zigbee2MQTT","sw":"2.9.1","url":"https://www.zigbee2mqtt.io"},"state_topic":"zigbee2mqtt/Lampe-Bettbereich","unique_id":"0x0c4314fffef7fae6_power_on_behavior_zigbee2mqtt","value_template":"{{ value_json.power_on_behavior }}"}
[2026-03-12 13:05:12] error: 	z2m: Not connected to MQTT server!
[2026-03-12 13:05:12] error: 	z2m: Cannot send message: topic: 'homeassistant/sensor/0x00158d008bc381e1/humidity/config', payload: '{"availability":[{"topic":"zigbee2mqtt/bridge/state","value_template":"{{ value_json.state }}"}],"default_entity_id":"sensor.lumi.wetter.3d-drucker_humidity","device":{"hw_version":30,"identifiers":["zigbee2mqtt_0x00158d008bc381e1"],"manufacturer":"Aqara","model":"Temperature and humidity sensor","model_id":"WSDCGQ11LM","name":"LuMi.Wetter.3D-Drucker","sw_version":"3000-0001","via_device":"zigbee2mqtt_bridge_0x00124b00257b6a6e"},"device_class":"humidity","enabled_by_default":true,"object_id":"lumi.wetter.3d-drucker_humidity","origin":{"name":"Zigbee2MQTT","sw":"2.9.1","url":"https://www.zigbee2mqtt.io"},"state_class":"measurement","state_topic":"zigbee2mqtt/LuMi.Wetter.3D-Drucker","unique_id":"0x00158d008bc381e1_humidity_zigbee2mqtt","unit_of_measurement":"%","value_template":"{{ value_json.humidity }}"}
[2026-03-12 13:05:12] error: 	z2m: Not connected to MQTT server!
[2026-03-12 13:05:12] error: 	z2m: Cannot send message: topic: 'homeassistant/sensor/0x0c4314fffef7fae6/linkquality/config', payload: '{"availability":[{"topic":"zigbee2mqtt/bridge/state","value_template":"{{ value_json.state }}"}],"default_entity_id":"sensor.lampe-bettbereich_linkquality","device":{"hw_version":1,"identifiers":["zigbee2mqtt_0x0c4314fffef7fae6"],"manufacturer":"Innr","model":"E27 filament bulb dimmable","model_id":"RF 263","name":"Lampe-Bettbereich","sw_version":"2.00.02","via_device":"zigbee2mqtt_bridge_0x00124b00257b6a6e"},"enabled_by_default":false,"entity_category":"diagnostic","icon":"mdi:signal","name":"Linkquality","object_id":"lampe-bettbereich_linkquality","origin":{"name":"Zigbee2MQTT","sw":"2.9.1","url":"https://www.zigbee2mqtt.io"},"state_class":"measurement","state_topic":"zigbee2mqtt/Lampe-Bettbereich","unique_id":"0x0c4314fffef7fae6_linkquality_zigbee2mqtt","unit_of_measurement":"lqi","value_template":"{{ value_json.linkquality }}"}
[2026-03-12 13:05:12] error: 	z2m: Not connected to MQTT server!
[2026-03-12 13:05:12] error: 	z2m: Cannot send message: topic: 'homeassistant/sensor/0x00158d008bc381e1/pressure/config', payload: '{"availability":[{"topic":"zigbee2mqtt/bridge/state","value_template":"{{ value_json.state }}"}],"default_entity_id":"sensor.lumi.wetter.3d-drucker_pressure","device":{"hw_version":30,"identifiers":["zigbee2mqtt_0x00158d008bc381e1"],"manufacturer":"Aqara","model":"Temperature and humidity sensor","model_id":"WSDCGQ11LM","name":"LuMi.Wetter.3D-Drucker","sw_version":"3000-0001","via_device":"zigbee2mqtt_bridge_0x00124b00257b6a6e"},"device_class":"atmospheric_pressure","enabled_by_default":true,"object_id":"lumi.wetter.3d-drucker_pressure","origin":{"name":"Zigbee2MQTT","sw":"2.9.1","url":"https://www.zigbee2mqtt.io"},"state_class":"measurement","state_topic":"zigbee2mqtt/LuMi.Wetter.3D-Drucker","unique_id":"0x00158d008bc381e1_pressure_zigbee2mqtt","unit_of_measurement":"hPa","value_template":"{{ value_json.pressure }}"}
[2026-03-12 13:05:12] error: 	z2m: Not connected to MQTT server!
[2026-03-12 13:05:12] error: 	z2m: Cannot send message: topic: 'homeassistant/update/0x0c4314fffef7fae6/update/config', payload: '{"availability":[{"topic":"zigbee2mqtt/bridge/state","value_template":"{{ value_json.state }}"}],"command_topic":"zigbee2mqtt/bridge/request/device/ota_update/update","default_entity_id":"update.lampe-bettbereich","device":{"hw_version":1,"identifiers":["zigbee2mqtt_0x0c4314fffef7fae6"],"manufacturer":"Innr","model":"E27 filament bulb dimmable","model_id":"RF 263","name":"Lampe-Bettbereich","sw_version":"2.00.02","via_device":"zigbee2mqtt_bridge_0x00124b00257b6a6e"},"device_class":"firmware","entity_category":"config","entity_picture":"https://github.com/Koenkk/zigbee2mqtt/raw/master/images/logo.png","name":null,"object_id":"lampe-bettbereich","origin":{"name":"Zigbee2MQTT","sw":"2.9.1","url":"https://www.zigbee2mqtt.io"},"payload_install":"{\"id\": \"0x0c4314fffef7fae6\"}","state_topic":"zigbee2mqtt/Lampe-Bettbereich","unique_id":"0x0c4314fffef7fae6_update_zigbee2mqtt","value_template":"{\"latest_version\":\"{{ value_json['update']['latest_version'] }}\",\"installed_version\":\"{{ value_json['update']['installed_version'] }}\",\"update_percentage\":{{ value_json['update'].get('progress', 'null') }},\"in_progress\":{{ (value_json['update']['state'] == 'updating')|lower }}}"}
[2026-03-12 13:05:12] error: 	z2m: Not connected to MQTT server!
[2026-03-12 13:05:12] error: 	z2m: Cannot send message: topic: 'homeassistant/sensor/0x00158d008bc381e1/voltage/config', payload: '{"availability":[{"topic":"zigbee2mqtt/bridge/state","value_template":"{{ value_json.state }}"}],"default_entity_id":"sensor.lumi.wetter.3d-drucker_voltage","device":{"hw_version":30,"identifiers":["zigbee2mqtt_0x00158d008bc381e1"],"manufacturer":"Aqara","model":"Temperature and humidity sensor","model_id":"WSDCGQ11LM","name":"LuMi.Wetter.3D-Drucker","sw_version":"3000-0001","via_device":"zigbee2mqtt_bridge_0x00124b00257b6a6e"},"device_class":"voltage","enabled_by_default":true,"entity_category":"diagnostic","object_id":"lumi.wetter.3d-drucker_voltage","origin":{"name":"Zigbee2MQTT","sw":"2.9.1","url":"https://www.zigbee2mqtt.io"},"state_class":"measurement","state_topic":"zigbee2mqtt/LuMi.Wetter.3D-Drucker","unique_id":"0x00158d008bc381e1_voltage_zigbee2mqtt","unit_of_measurement":"mV","value_template":"{{ value_json.voltage }}"}
[2026-03-12 13:05:12] debug: 	zh:zstack: sendZclFrameToEndpointInternal 0x001788010916738d:49937/2 (0,0,69)
[2026-03-12 13:05:12] debug: 	zh:zstack:znp: --> SREQ: AF - dataRequest - {"dstaddr":49937,"destendpoint":2,"srcendpoint":1,"clusterid":1024,"transid":5,"options":0,"radius":30,"len":5,"data":{"type":"Buffer","data":[24,89,11,10,0]}}
[2026-03-12 13:05:12] debug: 	zh:zstack:unpi:writer: --> frame [254,15,36,1,17,195,2,1,0,4,5,0,30,5,24,89,11,10,0,161]
[2026-03-12 13:05:12] error: 	z2m: Not connected to MQTT server!
[2026-03-12 13:05:12] error: 	z2m: Cannot send message: topic: 'homeassistant/sensor/0x00158d008bc381e1/linkquality/config', payload: '{"availability":[{"topic":"zigbee2mqtt/bridge/state","value_template":"{{ value_json.state }}"}],"default_entity_id":"sensor.lumi.wetter.3d-drucker_linkquality","device":{"hw_version":30,"identifiers":["zigbee2mqtt_0x00158d008bc381e1"],"manufacturer":"Aqara","model":"Temperature and humidity sensor","model_id":"WSDCGQ11LM","name":"LuMi.Wetter.3D-Drucker","sw_version":"3000-0001","via_device":"zigbee2mqtt_bridge_0x00124b00257b6a6e"},"enabled_by_default":false,"entity_category":"diagnostic","icon":"mdi:signal","name":"Linkquality","object_id":"lumi.wetter.3d-drucker_linkquality","origin":{"name":"Zigbee2MQTT","sw":"2.9.1","url":"https://www.zigbee2mqtt.io"},"state_class":"measurement","state_topic":"zigbee2mqtt/LuMi.Wetter.3D-Drucker","unique_id":"0x00158d008bc381e1_linkquality_zigbee2mqtt","unit_of_measurement":"lqi","value_template":"{{ value_json.linkquality }}"}
[2026-03-12 13:05:12] debug: 	zh:zstack:unpi:parser: <-- [254,1,100,1,0,100,254,3,68,128,0,1,4,194]
[2026-03-12 13:05:12] debug: 	zh:zstack:unpi:parser: --- parseNext [254,1,100,1,0,100,254,3,68,128,0,1,4,194]
[2026-03-12 13:05:12] debug: 	zh:zstack:unpi:parser: --> parsed 1 - 3 - 4 - 1 - [0] - 100
[2026-03-12 13:05:12] debug: 	zh:zstack:znp: <-- SRSP: AF - dataRequest - {"status":0}
[2026-03-12 13:05:12] debug: 	zh:zstack:unpi:parser: --- parseNext [254,3,68,128,0,1,4,194]
[2026-03-12 13:05:12] debug: 	zh:zstack:unpi:parser: --> parsed 3 - 2 - 4 - 128 - [0,1,4] - 194
[2026-03-12 13:05:12] debug: 	zh:zstack:znp: <-- AREQ: AF - dataConfirm - {"status":0,"endpoint":1,"transid":4}
[2026-03-12 13:05:12] debug: 	zh:zstack:unpi:parser: --- parseNext []
[2026-03-12 13:05:12] debug: 	zh:zstack: sendZclFrameToEndpointInternal 0x2c1165fffe2d42b7:38355/1 (0,0,68)
[2026-03-12 13:05:12] debug: 	zh:zstack:znp: --> SREQ: AF - dataRequest - {"dstaddr":38355,"destendpoint":1,"srcendpoint":1,"clusterid":10,"transid":6,"options":0,"radius":30,"len":11,"data":{"type":"Buffer","data":[24,20,1,7,0,0,35,134,118,69,49]}}
[2026-03-12 13:05:12] debug: 	zh:zstack:unpi:writer: --> frame [254,21,36,1,211,149,1,1,10,0,6,0,30,11,24,20,1,7,0,0,35,134,118,69,49,194]
[2026-03-12 13:05:12] debug: 	z2m: Retrieving state of 'Hue-Motiondetect' after reconnect
[2026-03-12 13:05:12] debug: 	zh:zstack:unpi:parser: <-- [254,1,100,1,0,100,254,3,68,128,0,1,5,195,254,1,100,1,0,100,254,3,68,128,0,1,6,192]
[2026-03-12 13:05:12] debug: 	zh:zstack:unpi:parser: --- parseNext [254,1,100,1,0,100,254,3,68,128,0,1,5,195,254,1,100,1,0,100,254,3,68,128,0,1,6,192]
[2026-03-12 13:05:12] debug: 	zh:zstack:unpi:parser: --> parsed 1 - 3 - 4 - 1 - [0] - 100
[2026-03-12 13:05:12] debug: 	zh:zstack:znp: <-- SRSP: AF - dataRequest - {"status":0}
[2026-03-12 13:05:12] debug: 	zh:zstack:unpi:parser: --- parseNext [254,3,68,128,0,1,5,195,254,1,100,1,0,100,254,3,68,128,0,1,6,192]
[2026-03-12 13:05:12] debug: 	zh:zstack:unpi:parser: --> parsed 3 - 2 - 4 - 128 - [0,1,5] - 195
[2026-03-12 13:05:12] debug: 	zh:zstack:znp: <-- AREQ: AF - dataConfirm - {"status":0,"endpoint":1,"transid":5}
[2026-03-12 13:05:12] debug: 	zh:zstack:unpi:parser: --- parseNext [254,1,100,1,0,100,254,3,68,128,0,1,6,192]
[2026-03-12 13:05:12] debug: 	zh:zstack:unpi:parser: --> parsed 1 - 3 - 4 - 1 - [0] - 100
[2026-03-12 13:05:12] debug: 	zh:zstack:znp: <-- SRSP: AF - dataRequest - {"status":0}
[2026-03-12 13:05:12] debug: 	zh:zstack:unpi:parser: --- parseNext [254,3,68,128,0,1,6,192]
[2026-03-12 13:05:12] debug: 	zh:zstack:unpi:parser: --> parsed 3 - 2 - 4 - 128 - [0,1,6] - 192
[2026-03-12 13:05:12] debug: 	zh:zstack:znp: <-- AREQ: AF - dataConfirm - {"status":0,"endpoint":1,"transid":6}
[2026-03-12 13:05:12] debug: 	zh:zstack:unpi:parser: --- parseNext []
[2026-03-12 13:05:12] debug: 	zh:zstack: sendZclFrameToEndpointInternal 0x001788010916738d:49937/2 (0,0,67)
[2026-03-12 13:05:12] debug: 	zh:zstack:znp: --> SREQ: AF - dataRequest - {"dstaddr":49937,"destendpoint":2,"srcendpoint":1,"clusterid":1024,"transid":7,"options":0,"radius":30,"len":5,"data":{"type":"Buffer","data":[24,91,11,10,0]}}
[2026-03-12 13:05:12] debug: 	zh:zstack:unpi:writer: --> frame [254,15,36,1,17,195,2,1,0,4,7,0,30,5,24,91,11,10,0,161]
[2026-03-12 13:05:12] debug: 	zh:zstack: sendZclFrameToEndpointInternal 0x2c1165fffe2d42b7:38355/1 (0,0,66)
[2026-03-12 13:05:12] debug: 	z2m: Saving state to file /config/zigbee2mqtt/state.json
[2026-03-12 13:05:12] error: 	z2m: Not connected to MQTT server!
[2026-03-12 13:05:12] error: 	z2m: Cannot send message: topic: 'zigbee2mqtt/bridge/state', payload: '{"state":"offline"}
[2026-03-12 13:05:12] info: 	z2m: Disconnecting from MQTT server
[2026-03-12 13:05:12] debug: 	zh:zstack:unpi:parser: <-- [254,1,100,1,0,100,254,3,68,128,0,1,7,193]
[2026-03-12 13:05:12] debug: 	zh:zstack:unpi:parser: --- parseNext [254,1,100,1,0,100,254,3,68,128,0,1,7,193]
[2026-03-12 13:05:12] debug: 	zh:zstack:unpi:parser: --> parsed 1 - 3 - 4 - 1 - [0] - 100
[2026-03-12 13:05:12] debug: 	zh:zstack:znp: <-- SRSP: AF - dataRequest - {"status":0}
[2026-03-12 13:05:12] debug: 	zh:zstack:unpi:parser: --- parseNext [254,3,68,128,0,1,7,193]
[2026-03-12 13:05:12] debug: 	zh:zstack:unpi:parser: --> parsed 3 - 2 - 4 - 128 - [0,1,7] - 193
[2026-03-12 13:05:12] debug: 	zh:zstack:znp: <-- AREQ: AF - dataConfirm - {"status":0,"endpoint":1,"transid":7}
[2026-03-12 13:05:12] debug: 	zh:zstack:unpi:parser: --- parseNext []
[2026-03-12 13:05:12] debug: 	zh:zstack:znp: --> SREQ: AF - dataRequest - {"dstaddr":38355,"destendpoint":1,"srcendpoint":1,"clusterid":10,"transid":8,"options":0,"radius":30,"len":11,"data":{"type":"Buffer","data":[24,20,1,7,0,0,35,134,118,69,49]}}
[2026-03-12 13:05:12] debug: 	zh:zstack:unpi:writer: --> frame [254,21,36,1,211,149,1,1,10,0,8,0,30,11,24,20,1,7,0,0,35,134,118,69,49,204]
[2026-03-12 13:05:12] debug: 	zh:zstack: sendZclFrameToEndpointInternal 0x001788010916738d:49937/2 (0,0,65)
[2026-03-12 13:05:12] debug: 	zh:zstack:unpi:parser: <-- [254,1,100,1,0,100,254,3,68,128,0,1,8,206]
[2026-03-12 13:05:12] debug: 	zh:zstack:unpi:parser: --- parseNext [254,1,100,1,0,100,254,3,68,128,0,1,8,206]
[2026-03-12 13:05:12] debug: 	zh:zstack:unpi:parser: --> parsed 1 - 3 - 4 - 1 - [0] - 100
[2026-03-12 13:05:12] debug: 	zh:zstack:znp: <-- SRSP: AF - dataRequest - {"status":0}
[2026-03-12 13:05:12] debug: 	zh:zstack:unpi:parser: --- parseNext [254,3,68,128,0,1,8,206]
[2026-03-12 13:05:12] debug: 	zh:zstack:unpi:parser: --> parsed 3 - 2 - 4 - 128 - [0,1,8] - 206
[2026-03-12 13:05:12] debug: 	zh:zstack:znp: <-- AREQ: AF - dataConfirm - {"status":0,"endpoint":1,"transid":8}
[2026-03-12 13:05:12] debug: 	zh:zstack:unpi:parser: --- parseNext []
[2026-03-12 13:05:12] debug: 	zh:zstack:znp: --> SREQ: AF - dataRequest - {"dstaddr":49937,"destendpoint":2,"srcendpoint":1,"clusterid":1024,"transid":9,"options":0,"radius":30,"len":5,"data":{"type":"Buffer","data":[24,93,11,10,0]}}
[2026-03-12 13:05:12] debug: 	zh:zstack:unpi:writer: --> frame [254,15,36,1,17,195,2,1,0,4,9,0,30,5,24,93,11,10,0,169]
[2026-03-12 13:05:12] debug: 	zh:zstack: sendZclFrameToEndpointInternal 0x2c1165fffe2d42b7:38355/1 (0,0,64)
[2026-03-12 13:05:12] debug: 	zh:zstack:unpi:parser: <-- [254,1,100,1,0,100,254,3,68,128,0,1,9,207]
[2026-03-12 13:05:12] debug: 	zh:zstack:unpi:parser: --- parseNext [254,1,100,1,0,100,254,3,68,128,0,1,9,207]
[2026-03-12 13:05:12] debug: 	zh:zstack:unpi:parser: --> parsed 1 - 3 - 4 - 1 - [0] - 100
[2026-03-12 13:05:12] debug: 	zh:zstack:znp: <-- SRSP: AF - dataRequest - {"status":0}
[2026-03-12 13:05:12] debug: 	zh:zstack:unpi:parser: --- parseNext [254,3,68,128,0,1,9,207]
[2026-03-12 13:05:12] debug: 	zh:zstack:unpi:parser: --> parsed 3 - 2 - 4 - 128 - [0,1,9] - 207
[2026-03-12 13:05:12] debug: 	zh:zstack:znp: <-- AREQ: AF - dataConfirm - {"status":0,"endpoint":1,"transid":9}
[2026-03-12 13:05:12] debug: 	zh:zstack:unpi:parser: --- parseNext []
[2026-03-12 13:05:12] debug: 	zh:zstack:znp: --> SREQ: AF - dataRequest - {"dstaddr":38355,"destendpoint":1,"srcendpoint":1,"clusterid":10,"transid":10,"options":0,"radius":30,"len":11,"data":{"type":"Buffer","data":[24,20,1,7,0,0,35,134,118,69,49]}}
[2026-03-12 13:05:12] debug: 	zh:zstack:unpi:writer: --> frame [254,21,36,1,211,149,1,1,10,0,10,0,30,11,24,20,1,7,0,0,35,134,118,69,49,206]
[2026-03-12 13:05:12] debug: 	zh:zstack: sendZclFrameToEndpointInternal 0x001788010916738d:49937/2 (0,0,63)
[2026-03-12 13:05:12] debug: 	zh:zstack:unpi:parser: <-- [254,1,100,1,0,100,254,3,68,128,0,1,10,204]
[2026-03-12 13:05:12] debug: 	zh:zstack:unpi:parser: --- parseNext [254,1,100,1,0,100,254,3,68,128,0,1,10,204]
[2026-03-12 13:05:12] debug: 	zh:zstack:unpi:parser: --> parsed 1 - 3 - 4 - 1 - [0] - 100
[2026-03-12 13:05:12] debug: 	zh:zstack:znp: <-- SRSP: AF - dataRequest - {"status":0}
[2026-03-12 13:05:12] debug: 	zh:zstack:unpi:parser: --- parseNext [254,3,68,128,0,1,10,204]
[2026-03-12 13:05:12] debug: 	zh:zstack:unpi:parser: --> parsed 3 - 2 - 4 - 128 - [0,1,10] - 204
[2026-03-12 13:05:12] debug: 	zh:zstack:znp: <-- AREQ: AF - dataConfirm - {"status":0,"endpoint":1,"transid":10}
[2026-03-12 13:05:12] debug: 	zh:zstack:unpi:parser: --- parseNext []
[2026-03-12 13:05:12] debug: 	zh:zstack:znp: --> SREQ: AF - dataRequest - {"dstaddr":49937,"destendpoint":2,"srcendpoint":1,"clusterid":1024,"transid":11,"options":0,"radius":30,"len":5,"data":{"type":"Buffer","data":[24,94,11,10,0]}}
[2026-03-12 13:05:12] debug: 	zh:zstack:unpi:writer: --> frame [254,15,36,1,17,195,2,1,0,4,11,0,30,5,24,94,11,10,0,168]
[2026-03-12 13:05:12] debug: 	zh:zstack: sendZclFrameToEndpointInternal 0x2c1165fffe2d42b7:38355/1 (0,0,62)
[2026-03-12 13:05:12] debug: 	zh:zstack:unpi:parser: <-- [254,1,100,1,0,100,254,3,68,128,0,1,11,205]
[2026-03-12 13:05:12] debug: 	zh:zstack:unpi:parser: --- parseNext [254,1,100,1,0,100,254,3,68,128,0,1,11,205]
[2026-03-12 13:05:12] debug: 	zh:zstack:unpi:parser: --> parsed 1 - 3 - 4 - 1 - [0] - 100
[2026-03-12 13:05:12] debug: 	zh:zstack:znp: <-- SRSP: AF - dataRequest - {"status":0}
[2026-03-12 13:05:12] debug: 	zh:zstack:unpi:parser: --- parseNext [254,3,68,128,0,1,11,205]
[2026-03-12 13:05:12] debug: 	zh:zstack:unpi:parser: --> parsed 3 - 2 - 4 - 128 - [0,1,11] - 205
[2026-03-12 13:05:12] debug: 	zh:zstack:znp: <-- AREQ: AF - dataConfirm - {"status":0,"endpoint":1,"transid":11}
[2026-03-12 13:05:12] debug: 	zh:zstack:unpi:parser: --- parseNext []
[2026-03-12 13:05:12] debug: 	zh:zstack:znp: --> SREQ: AF - dataRequest - {"dstaddr":38355,"destendpoint":1,"srcendpoint":1,"clusterid":10,"transid":12,"options":0,"radius":30,"len":11,"data":{"type":"Buffer","data":[24,20,1,7,0,0,35,134,118,69,49]}}
[2026-03-12 13:05:12] debug: 	zh:zstack:unpi:writer: --> frame [254,21,36,1,211,149,1,1,10,0,12,0,30,11,24,20,1,7,0,0,35,134,118,69,49,200]
[2026-03-12 13:05:12] debug: 	zh:zstack: Discovering route to 49937
[2026-03-12 13:05:12] debug: 	zh:zstack:unpi:parser: <-- [254,1,100,1,0,100,254,3,68,128,0,1,12,202]
[2026-03-12 13:05:12] debug: 	zh:zstack:unpi:parser: --- parseNext [254,1,100,1,0,100,254,3,68,128,0,1,12,202]
[2026-03-12 13:05:12] debug: 	zh:zstack:unpi:parser: --> parsed 1 - 3 - 4 - 1 - [0] - 100
[2026-03-12 13:05:12] debug: 	zh:zstack:znp: <-- SRSP: AF - dataRequest - {"status":0}
[2026-03-12 13:05:12] debug: 	zh:zstack:unpi:parser: --- parseNext [254,3,68,128,0,1,12,202]
[2026-03-12 13:05:12] debug: 	zh:zstack:unpi:parser: --> parsed 3 - 2 - 4 - 128 - [0,1,12] - 202
[2026-03-12 13:05:12] debug: 	zh:zstack:znp: <-- AREQ: AF - dataConfirm - {"status":0,"endpoint":1,"transid":12}
[2026-03-12 13:05:12] debug: 	zh:zstack:unpi:parser: --- parseNext []
[2026-03-12 13:05:12] debug: 	zh:zstack:znp: --> SREQ: ZDO - extRouteDisc - {"dstAddr":49937,"options":0,"radius":30}
[2026-03-12 13:05:12] debug: 	zh:zstack:unpi:writer: --> frame [254,4,37,69,17,195,0,30,168]
[2026-03-12 13:05:12] debug: 	zh:zstack: sendZclFrameToEndpointInternal 0x2c1165fffe2d42b7:38355/1 (0,0,60)
[2026-03-12 13:05:12] debug: 	zh:zstack:unpi:parser: <-- [254,1,101,69,0,33]
[2026-03-12 13:05:12] debug: 	zh:zstack:unpi:parser: --- parseNext [254,1,101,69,0,33]
[2026-03-12 13:05:12] debug: 	zh:zstack:unpi:parser: --> parsed 1 - 3 - 5 - 69 - [0] - 33
[2026-03-12 13:05:12] debug: 	zh:zstack:znp: <-- SRSP: ZDO - extRouteDisc
[2026-03-12 13:05:12] debug: 	zh:zstack:unpi:parser: --- parseNext []
[2026-03-12 13:05:12] debug: 	zh:zstack:znp: --> SREQ: AF - dataRequest - {"dstaddr":38355,"destendpoint":1,"srcendpoint":1,"clusterid":1,"transid":13,"options":0,"radius":30,"len":5,"data":{"type":"Buffer","data":[24,21,11,10,0]}}
[2026-03-12 13:05:12] debug: 	zh:zstack:unpi:writer: --> frame [254,15,36,1,211,149,1,1,1,0,13,0,30,5,24,21,11,10,0,119]
[2026-03-12 13:05:12] debug: 	zh:zstack: sendZclFrameToEndpointInternal 0x001788010916738d:49937/2 (0,0,59)
[2026-03-12 13:05:12] debug: 	zh:controller:device: OTA upgrade image availability for 0x0c4314fffea75c93, available={"fileName":"1166-0120-20026A30-RF_263-upgradeMe.ota","fileVersion":537029168,"fileSize":231406,"url":"https://raw.githubusercontent.com/Koenkk/zigbee-OTA/master/images/Innr/1166-0120-20026A30-RF_263-upgradeMe.ota","imageType":288,"manufacturerCode":4454,"sha512":"83410df888984666b83ecf87ee4fc0059082ac30acfbbadd8a3cdce62302501cc927aabd631dc741f3e351526caac506e7b80d5b26601c36b7064a1210ed2064","otaHeaderString":"EBL C688_Freelocate"}
[2026-03-12 13:05:12] error: 	z2m: Not connected to MQTT server!
[2026-03-12 13:05:12] error: 	z2m: Cannot send message: topic: 'zigbee2mqtt/PC-Lampe', payload: '{"brightness":254,"effect":null,"level_config":{"on_level":"previous"},"linkquality":200,"power_on_behavior":"on","state":"OFF","update":{"installed_version":537029168,"latest_release_notes":null,"latest_source":"https://raw.githubusercontent.com/Koenkk/zigbee-OTA/master/images/Innr/1166-0120-20026A30-RF_263-upgradeMe.ota","latest_version":537029168,"state":"idle"}}
[2026-03-12 13:05:12] debug: 	zh:controller:endpoint: CommandResponse 0x0c4314fffea75c93/1 genOta.queryNextImageResponse({"status":152}, {"timeout":10000,"disableResponse":false,"disableRecovery":false,"disableDefaultResponse":true,"direction":1,"reservedBits":0,"writeUndiv":false})
[2026-03-12 13:05:12] debug: 	zh:zstack: sendZclFrameToEndpointInternal 0x0c4314fffea75c93:58689/1 (0,0,60)
[2026-03-12 13:05:12] debug: 	zh:zstack:unpi:parser: <-- [254,1,100,1,0,100,254,3,68,128,0,1,13,203]
[2026-03-12 13:05:12] debug: 	zh:zstack:unpi:parser: --- parseNext [254,1,100,1,0,100,254,3,68,128,0,1,13,203]
[2026-03-12 13:05:12] debug: 	zh:zstack:unpi:parser: --> parsed 1 - 3 - 4 - 1 - [0] - 100
[2026-03-12 13:05:12] debug: 	zh:zstack:znp: <-- SRSP: AF - dataRequest - {"status":0}
[2026-03-12 13:05:12] debug: 	zh:zstack:unpi:parser: --- parseNext [254,3,68,128,0,1,13,203]
[2026-03-12 13:05:12] debug: 	zh:zstack:unpi:parser: --> parsed 3 - 2 - 4 - 128 - [0,1,13] - 203
[2026-03-12 13:05:12] debug: 	zh:zstack:znp: <-- AREQ: AF - dataConfirm - {"status":0,"endpoint":1,"transid":13}
[2026-03-12 13:05:12] debug: 	zh:zstack:unpi:parser: --- parseNext []
[2026-03-12 13:05:12] debug: 	zh:zstack:znp: --> SREQ: AF - dataRequest - {"dstaddr":49937,"destendpoint":2,"srcendpoint":1,"clusterid":1024,"transid":14,"options":0,"radius":30,"len":5,"data":{"type":"Buffer","data":[24,95,11,10,0]}}
[2026-03-12 13:05:12] debug: 	zh:zstack:unpi:writer: --> frame [254,15,36,1,17,195,2,1,0,4,14,0,30,5,24,95,11,10,0,172]
[2026-03-12 13:05:12] debug: 	zh:controller:device: OTA upgrade image availability for 0x001788010916738d, available={"fileName":"Sensor-ATmega_0012.sbl-ota","fileVersion":1124102917,"fileSize":240760,"url":"https://raw.githubusercontent.com/Koenkk/zigbee-OTA/master/images/Hue/Sensor-ATmega_0012.sbl-ota","imageType":269,"manufacturerCode":4107,"sha512":"ba7cc0e3632c1f6c50ccb6f3a33ee44947de643425743c35657ce34dae3c0c9c45d48b05479b1183fcb9f1572df68d9d5b8c6f2f0a86c72d095773e817e8147f","otaHeaderString":"","originalUrl":"https://otau.meethue.com/storage/ZGB_100B_010D/fa14f094-f99f-497d-9bd5-cc2742b2cb69/Sensor-ATmega_0012.sbl-ota"}
[2026-03-12 13:05:12] error: 	z2m: Not connected to MQTT server!
[2026-03-12 13:05:12] error: 	z2m: Cannot send message: topic: 'zigbee2mqtt/Hue-Motiondetect', payload: '{"battery":100,"illuminance":89,"illuminance_raw":19519,"led_indication":true,"linkquality":83,"motion_sensitivity":"low","occupancy":true,"occupancy_timeout":6403,"temperature":21.91,"update":{"installed_version":1124103169,"latest_release_notes":null,"latest_source":"https://raw.githubusercontent.com/Koenkk/zigbee-OTA/master/images/Hue/Sensor-ATmega_0012.sbl-ota","latest_version":1124102917,"state":"idle"}}
[2026-03-12 13:05:12] debug: 	zh:controller:endpoint: CommandResponse 0x001788010916738d/2 genOta.queryNextImageResponse({"status":152}, {"timeout":10000,"disableResponse":false,"disableRecovery":false,"disableDefaultResponse":true,"direction":1,"reservedBits":0,"writeUndiv":false})
[2026-03-12 13:05:12] debug: 	zh:controller:device: OTA upgrade image availability for 0x7cb03eaa0a0b0dc0, available={"fileName":"ZLL_Plug01_OnOff_MK_0x01020509.ota","fileVersion":16909577,"fileSize":121680,"url":"https://raw.githubusercontent.com/Koenkk/zigbee-OTA/master/images/Osram/ZLL_Plug01_OnOff_MK_0x01020509.ota","imageType":39,"manufacturerCode":4364,"sha512":"65aa917e46d1f31cc1a148a2d0cbe9d24bac3267deb6d6567e27f584b9124ca0fabe0d2be26aa185461605194c1ab0ab68a99dd0e71148e35e21ddc4815e2d21","otaHeaderString":"NULL"}
[2026-03-12 13:05:12] error: 	z2m: Not connected to MQTT server!
[2026-03-12 13:05:12] error: 	z2m: Cannot send message: topic: 'zigbee2mqtt/Steckdose.AVM2Unify', payload: '{"linkquality":80,"state":"ON","update":{"installed_version":16909577,"latest_release_notes":null,"latest_source":"https://raw.githubusercontent.com/Koenkk/zigbee-OTA/master/images/Osram/ZLL_Plug01_OnOff_MK_0x01020509.ota","latest_version":16909577,"state":"idle"}}
[2026-03-12 13:05:12] debug: 	zh:controller:endpoint: CommandResponse 0x7cb03eaa0a0b0dc0/3 genOta.queryNextImageResponse({"status":152}, {"timeout":10000,"disableResponse":false,"disableRecovery":false,"disableDefaultResponse":true,"direction":1,"reservedBits":0,"writeUndiv":false})
[2026-03-12 13:05:12] debug: 	zh:zstack: sendZclFrameToEndpointInternal 0x7cb03eaa0a0b0dc0:14534/3 (0,0,61)
[2026-03-12 13:05:12] debug: 	zh:zstack:unpi:parser: <-- [254,1,100,1,0,100,254,3,68,128,0,1,14,200]
[2026-03-12 13:05:12] debug: 	zh:zstack:unpi:parser: --- parseNext [254,1,100,1,0,100,254,3,68,128,0,1,14,200]
[2026-03-12 13:05:12] debug: 	zh:zstack:unpi:parser: --> parsed 1 - 3 - 4 - 1 - [0] - 100
[2026-03-12 13:05:12] debug: 	zh:zstack:znp: <-- SRSP: AF - dataRequest - {"status":0}
[2026-03-12 13:05:12] debug: 	zh:zstack:unpi:parser: --- parseNext [254,3,68,128,0,1,14,200]
[2026-03-12 13:05:12] debug: 	zh:zstack:unpi:parser: --> parsed 3 - 2 - 4 - 128 - [0,1,14] - 200
[2026-03-12 13:05:12] debug: 	zh:zstack:znp: <-- AREQ: AF - dataConfirm - {"status":0,"endpoint":1,"transid":14}
[2026-03-12 13:05:12] debug: 	zh:zstack:unpi:parser: --- parseNext []
[2026-03-12 13:05:12] debug: 	zh:zstack:znp: --> SREQ: AF - dataRequest - {"dstaddr":58689,"destendpoint":1,"srcendpoint":1,"clusterid":25,"transid":15,"options":0,"radius":30,"len":4,"data":{"type":"Buffer","data":[25,11,2,152]}}
[2026-03-12 13:05:12] debug: 	zh:zstack:unpi:writer: --> frame [254,14,36,1,65,229,1,1,25,0,15,0,30,4,25,11,2,152,11]
[2026-03-12 13:05:12] debug: 	zh:zstack: sendZclFrameToEndpointInternal 0x001788010916738d:49937/2 (0,0,60)
[2026-03-12 13:05:12] debug: 	zh:zstack:unpi:parser: <-- [254,1,100,1,0,100]
[2026-03-12 13:05:12] debug: 	zh:zstack:unpi:parser: --- parseNext [254,1,100,1,0,100]
[2026-03-12 13:05:12] debug: 	zh:zstack:unpi:parser: --> parsed 1 - 3 - 4 - 1 - [0] - 100
[2026-03-12 13:05:12] debug: 	zh:zstack:znp: <-- SRSP: AF - dataRequest - {"status":0}
[2026-03-12 13:05:12] debug: 	zh:zstack:unpi:parser: --- parseNext []
[2026-03-12 13:05:12] debug: 	zh:zstack:znp: --> SREQ: AF - dataRequest - {"dstaddr":14534,"destendpoint":3,"srcendpoint":1,"clusterid":25,"transid":16,"options":0,"radius":30,"len":4,"data":{"type":"Buffer","data":[25,63,2,152]}}
[2026-03-12 13:05:12] debug: 	zh:zstack:unpi:writer: --> frame [254,14,36,1,198,56,3,1,25,0,16,0,30,4,25,63,2,152,120]
[2026-03-12 13:05:12] debug: 	zh:zstack:unpi:parser: <-- [254,3,68,128,0,1,15,201]
[2026-03-12 13:05:12] debug: 	zh:zstack:unpi:parser: --- parseNext [254,3,68,128,0,1,15,201]
[2026-03-12 13:05:12] debug: 	zh:zstack:unpi:parser: --> parsed 3 - 2 - 4 - 128 - [0,1,15] - 201
[2026-03-12 13:05:12] debug: 	zh:zstack:znp: <-- AREQ: AF - dataConfirm - {"status":0,"endpoint":1,"transid":15}
[2026-03-12 13:05:12] debug: 	zh:zstack:unpi:parser: --- parseNext []
[2026-03-12 13:05:12] debug: 	z2m: Responded to OTA request of 'PC-Lampe' with 'NO_IMAGE_AVAILABLE'
[2026-03-12 13:05:12] debug: 	zh:zstack:unpi:parser: <-- [254,1,100,1,0,100,254,3,69,196,65,229,0,38,254,3,68,128,0,1,16,214]
[2026-03-12 13:05:12] debug: 	zh:zstack:unpi:parser: --- parseNext [254,1,100,1,0,100,254,3,69,196,65,229,0,38,254,3,68,128,0,1,16,214]
[2026-03-12 13:05:12] debug: 	zh:zstack:unpi:parser: --> parsed 1 - 3 - 4 - 1 - [0] - 100
[2026-03-12 13:05:12] debug: 	zh:zstack:znp: <-- SRSP: AF - dataRequest - {"status":0}
[2026-03-12 13:05:12] debug: 	zh:zstack:unpi:parser: --- parseNext [254,3,69,196,65,229,0,38,254,3,68,128,0,1,16,214]
[2026-03-12 13:05:12] debug: 	zh:zstack:unpi:parser: --> parsed 3 - 2 - 5 - 196 - [65,229,0] - 38
[2026-03-12 13:05:12] debug: 	zh:zstack:znp: <-- AREQ: ZDO - srcRtgInd
[2026-03-12 13:05:12] debug: 	zh:zstack:unpi:parser: --- parseNext [254,3,68,128,0,1,16,214]
[2026-03-12 13:05:12] debug: 	zh:zstack:unpi:parser: --> parsed 3 - 2 - 4 - 128 - [0,1,16] - 214
[2026-03-12 13:05:12] debug: 	zh:zstack:znp: <-- AREQ: AF - dataConfirm - {"status":0,"endpoint":1,"transid":16}
[2026-03-12 13:05:12] debug: 	zh:zstack:unpi:parser: --- parseNext []
[2026-03-12 13:05:12] debug: 	zh:zstack:znp: --> SREQ: AF - dataRequest - {"dstaddr":49937,"destendpoint":2,"srcendpoint":1,"clusterid":1024,"transid":17,"options":0,"radius":30,"len":5,"data":{"type":"Buffer","data":[24,96,11,10,0]}}
[2026-03-12 13:05:12] debug: 	zh:zstack:unpi:writer: --> frame [254,15,36,1,17,195,2,1,0,4,17,0,30,5,24,96,11,10,0,140]
[2026-03-12 13:05:12] debug: 	z2m: Responded to OTA request of 'Steckdose.AVM2Unify' with 'NO_IMAGE_AVAILABLE'
[2026-03-12 13:05:12] debug: 	zh:zstack:unpi:parser: <-- [254,1,100,1,0,100]
[2026-03-12 13:05:12] debug: 	zh:zstack:unpi:parser: --- parseNext [254,1,100,1,0,100]
[2026-03-12 13:05:12] debug: 	zh:zstack:unpi:parser: --> parsed 1 - 3 - 4 - 1 - [0] - 100
[2026-03-12 13:05:12] debug: 	zh:zstack:znp: <-- SRSP: AF - dataRequest - {"status":0}
[2026-03-12 13:05:12] debug: 	zh:zstack:unpi:parser: --- parseNext []
[2026-03-12 13:05:12] debug: 	zh:zstack:unpi:parser: <-- [254,3,68,128,0,1,17,215]
[2026-03-12 13:05:12] debug: 	zh:zstack:unpi:parser: --- parseNext [254,3,68,128,0,1,17,215]
[2026-03-12 13:05:12] debug: 	zh:zstack:unpi:parser: --> parsed 3 - 2 - 4 - 128 - [0,1,17] - 215
[2026-03-12 13:05:12] debug: 	zh:zstack:znp: <-- AREQ: AF - dataConfirm - {"status":0,"endpoint":1,"transid":17}
[2026-03-12 13:05:12] debug: 	zh:zstack:unpi:parser: --- parseNext []
[2026-03-12 13:05:12] debug: 	zh:zstack: sendZclFrameToEndpointInternal 0x001788010916738d:49937/2 (0,0,57)
[2026-03-12 13:05:12] debug: 	zh:zstack:znp: --> SREQ: AF - dataRequest - {"dstaddr":49937,"destendpoint":2,"srcendpoint":1,"clusterid":1024,"transid":18,"options":0,"radius":30,"len":5,"data":{"type":"Buffer","data":[24,97,11,10,0]}}
[2026-03-12 13:05:12] debug: 	zh:zstack:unpi:writer: --> frame [254,15,36,1,17,195,2,1,0,4,18,0,30,5,24,97,11,10,0,142]
[2026-03-12 13:05:12] debug: 	zh:zstack:unpi:parser: <-- [254,25,68,129,0,0,25,0,65,229,1,1,0,200,0,135,217,128,0,0,5,0,11,11,2,1,65,229,29,200]
[2026-03-12 13:05:12] debug: 	zh:zstack:unpi:parser: --- parseNext [254,25,68,129,0,0,25,0,65,229,1,1,0,200,0,135,217,128,0,0,5,0,11,11,2,1,65,229,29,200]
[2026-03-12 13:05:12] debug: 	zh:zstack:unpi:parser: --> parsed 25 - 2 - 4 - 129 - [0,0,25,0,65,229,1,1,0,200,0,135,217,128,0,0,5,0,11,11,2,1,65,229,29] - 200
[2026-03-12 13:05:12] debug: 	zh:zstack:znp: <-- AREQ: AF - incomingMsg - {"groupid":0,"clusterid":25,"srcaddr":58689,"srcendpoint":1,"dstendpoint":1,"wasbroadcast":0,"linkquality":200,"securityuse":0,"timestamp":8444295,"transseqnumber":0,"len":5,"data":{"type":"Buffer","data":[0,11,11,2,1]}}
[2026-03-12 13:05:12] debug: 	zh:controller: Received payload: clusterID=25, address=58689, groupID=0, endpoint=1, destinationEndpoint=1, wasBroadcast=false, linkQuality=200, frame={"header":{"frameControl":{"frameType":0,"manufacturerSpecific":false,"direction":0,"disableDefaultResponse":false,"reservedBits":0},"transactionSequenceNumber":11,"commandIdentifier":11},"payload":{"cmdId":2,"statusCode":1},"command":{"ID":11,"name":"defaultRsp","parameters":[{"name":"cmdId","type":8},{"name":"statusCode","type":48}]}}
[2026-03-12 13:05:12] debug: 	zh:controller: Failure default response from '58689': clusterID=25 cmdId=2 status=FAILURE
[2026-03-12 13:05:12] debug: 	zh:zstack:unpi:parser: --- parseNext []
[2026-03-12 13:05:12] debug: 	zh:zstack:unpi:parser: <-- [254,1,100,1,0,100]
[2026-03-12 13:05:12] debug: 	zh:zstack:unpi:parser: --- parseNext [254,1,100,1,0,100]
[2026-03-12 13:05:12] debug: 	zh:zstack:unpi:parser: --> parsed 1 - 3 - 4 - 1 - [0] - 100
[2026-03-12 13:05:12] debug: 	zh:zstack:znp: <-- SRSP: AF - dataRequest - {"status":0}
[2026-03-12 13:05:12] debug: 	zh:zstack:unpi:parser: --- parseNext []
[2026-03-12 13:05:12] debug: 	zh:zstack:unpi:parser: <-- [254,3,68,128,0,1,18,212]
[2026-03-12 13:05:12] debug: 	zh:zstack:unpi:parser: --- parseNext [254,3,68,128,0,1,18,212]
[2026-03-12 13:05:12] debug: 	zh:zstack:unpi:parser: --> parsed 3 - 2 - 4 - 128 - [0,1,18] - 212
[2026-03-12 13:05:12] debug: 	zh:zstack:znp: <-- AREQ: AF - dataConfirm - {"status":0,"endpoint":1,"transid":18}
[2026-03-12 13:05:12] debug: 	zh:zstack:unpi:parser: --- parseNext []
[2026-03-12 13:05:12] debug: 	zh:zstack: sendZclFrameToEndpointInternal 0x001788010916738d:49937/2 (0,0,56)
[2026-03-12 13:05:12] debug: 	zh:zstack:znp: --> SREQ: AF - dataRequest - {"dstaddr":49937,"destendpoint":2,"srcendpoint":1,"clusterid":1024,"transid":19,"options":0,"radius":30,"len":5,"data":{"type":"Buffer","data":[24,98,11,10,0]}}
[2026-03-12 13:05:12] debug: 	zh:zstack:unpi:writer: --> frame [254,15,36,1,17,195,2,1,0,4,19,0,30,5,24,98,11,10,0,140]
[2026-03-12 13:05:12] debug: 	zh:zstack:unpi:parser: <-- [254,1,100,1,0,100]
[2026-03-12 13:05:12] debug: 	zh:zstack:unpi:parser: --- parseNext [254,1,100,1,0,100]
[2026-03-12 13:05:12] debug: 	zh:zstack:unpi:parser: --> parsed 1 - 3 - 4 - 1 - [0] - 100
[2026-03-12 13:05:12] debug: 	zh:zstack:znp: <-- SRSP: AF - dataRequest - {"status":0}
[2026-03-12 13:05:12] debug: 	zh:zstack:unpi:parser: --- parseNext []
[2026-03-12 13:05:12] debug: 	zh:zstack:unpi:parser: <-- [254,3,68,128,0,1,19,213]
[2026-03-12 13:05:12] debug: 	zh:zstack:unpi:parser: --- parseNext [254,3,68,128,0,1,19,213]
[2026-03-12 13:05:12] debug: 	zh:zstack:unpi:parser: --> parsed 3 - 2 - 4 - 128 - [0,1,19] - 213
[2026-03-12 13:05:12] debug: 	zh:zstack:znp: <-- AREQ: AF - dataConfirm - {"status":0,"endpoint":1,"transid":19}
[2026-03-12 13:05:12] debug: 	zh:zstack:unpi:parser: --- parseNext []
[2026-03-12 13:05:12] debug: 	zh:zstack: sendZclFrameToEndpointInternal 0x001788010916738d:49937/2 (0,0,55)
[2026-03-12 13:05:12] debug: 	zh:zstack:znp: --> SREQ: AF - dataRequest - {"dstaddr":49937,"destendpoint":2,"srcendpoint":1,"clusterid":1024,"transid":20,"options":0,"radius":30,"len":5,"data":{"type":"Buffer","data":[24,99,11,10,0]}}
[2026-03-12 13:05:12] debug: 	zh:zstack:unpi:writer: --> frame [254,15,36,1,17,195,2,1,0,4,20,0,30,5,24,99,11,10,0,138]
[2026-03-12 13:05:12] debug: 	zh:zstack:unpi:parser: <-- [254,1,100,1,0,100]
[2026-03-12 13:05:12] debug: 	zh:zstack:unpi:parser: --- parseNext [254,1,100,1,0,100]
[2026-03-12 13:05:12] debug: 	zh:zstack:unpi:parser: --> parsed 1 - 3 - 4 - 1 - [0] - 100
[2026-03-12 13:05:12] debug: 	zh:zstack:znp: <-- SRSP: AF - dataRequest - {"status":0}
[2026-03-12 13:05:12] debug: 	zh:zstack:unpi:parser: --- parseNext []
[2026-03-12 13:05:12] debug: 	zh:zstack:unpi:parser: <-- [254,3,68,128,0,1,20,210]
[2026-03-12 13:05:12] debug: 	zh:zstack:unpi:parser: --- parseNext [254,3,68,128,0,1,20,210]
[2026-03-12 13:05:12] debug: 	zh:zstack:unpi:parser: --> parsed 3 - 2 - 4 - 128 - [0,1,20] - 210
[2026-03-12 13:05:12] debug: 	zh:zstack:znp: <-- AREQ: AF - dataConfirm - {"status":0,"endpoint":1,"transid":20}
[2026-03-12 13:05:12] debug: 	zh:zstack:unpi:parser: --- parseNext []
[2026-03-12 13:05:12] debug: 	zh:zstack: sendZclFrameToEndpointInternal 0x001788010916738d:49937/2 (0,0,54)
[2026-03-12 13:05:12] debug: 	zh:zstack:znp: --> SREQ: AF - dataRequest - {"dstaddr":49937,"destendpoint":2,"srcendpoint":1,"clusterid":1024,"transid":21,"options":0,"radius":30,"len":5,"data":{"type":"Buffer","data":[24,100,11,10,0]}}
[2026-03-12 13:05:12] debug: 	zh:zstack:unpi:writer: --> frame [254,15,36,1,17,195,2,1,0,4,21,0,30,5,24,100,11,10,0,140]
[2026-03-12 13:05:12] debug: 	zh:zstack:unpi:parser: <-- [254,1,100,1,0,100]
[2026-03-12 13:05:12] debug: 	zh:zstack:unpi:parser: --- parseNext [254,1,100,1,0,100]
[2026-03-12 13:05:12] debug: 	zh:zstack:unpi:parser: --> parsed 1 - 3 - 4 - 1 - [0] - 100
[2026-03-12 13:05:12] debug: 	zh:zstack:znp: <-- SRSP: AF - dataRequest - {"status":0}
[2026-03-12 13:05:12] debug: 	zh:zstack:unpi:parser: --- parseNext []
[2026-03-12 13:05:12] debug: 	zh:zstack:unpi:parser: <-- [254,3,68,128,0,1,21,211]
[2026-03-12 13:05:12] debug: 	zh:zstack:unpi:parser: --- parseNext [254,3,68,128,0,1,21,211]
[2026-03-12 13:05:12] debug: 	zh:zstack:unpi:parser: --> parsed 3 - 2 - 4 - 128 - [0,1,21] - 211
[2026-03-12 13:05:12] debug: 	zh:zstack:znp: <-- AREQ: AF - dataConfirm - {"status":0,"endpoint":1,"transid":21}
[2026-03-12 13:05:12] debug: 	zh:zstack:unpi:parser: --- parseNext []
[2026-03-12 13:05:12] debug: 	zh:zstack: sendZclFrameToEndpointInternal 0x001788010916738d:49937/2 (0,0,53)
[2026-03-12 13:05:12] debug: 	zh:zstack:znp: --> SREQ: AF - dataRequest - {"dstaddr":49937,"destendpoint":2,"srcendpoint":1,"clusterid":1024,"transid":22,"options":0,"radius":30,"len":5,"data":{"type":"Buffer","data":[24,101,11,10,0]}}
[2026-03-12 13:05:12] debug: 	zh:zstack:unpi:writer: --> frame [254,15,36,1,17,195,2,1,0,4,22,0,30,5,24,101,11,10,0,142]
[2026-03-12 13:05:12] debug: 	zh:zstack:unpi:parser: <-- [254,1,100,1,0,100]
[2026-03-12 13:05:12] debug: 	zh:zstack:unpi:parser: --- parseNext [254,1,100,1,0,100]
[2026-03-12 13:05:12] debug: 	zh:zstack:unpi:parser: --> parsed 1 - 3 - 4 - 1 - [0] - 100
[2026-03-12 13:05:12] debug: 	zh:zstack:znp: <-- SRSP: AF - dataRequest - {"status":0}
[2026-03-12 13:05:12] debug: 	zh:zstack:unpi:parser: --- parseNext []
[2026-03-12 13:05:12] debug: 	zh:zstack:unpi:parser: <-- [254,3,68,128,0,1,22,208]
[2026-03-12 13:05:12] debug: 	zh:zstack:unpi:parser: --- parseNext [254,3,68,128,0,1,22,208]
[2026-03-12 13:05:12] debug: 	zh:zstack:unpi:parser: --> parsed 3 - 2 - 4 - 128 - [0,1,22] - 208
[2026-03-12 13:05:12] debug: 	zh:zstack:znp: <-- AREQ: AF - dataConfirm - {"status":0,"endpoint":1,"transid":22}
[2026-03-12 13:05:12] debug: 	zh:zstack:unpi:parser: --- parseNext []
[2026-03-12 13:05:12] debug: 	zh:zstack: sendZclFrameToEndpointInternal 0x001788010916738d:49937/2 (0,0,52)
[2026-03-12 13:05:12] debug: 	zh:zstack:znp: --> SREQ: AF - dataRequest - {"dstaddr":49937,"destendpoint":2,"srcendpoint":1,"clusterid":1024,"transid":23,"options":0,"radius":30,"len":5,"data":{"type":"Buffer","data":[24,102,11,10,0]}}
[2026-03-12 13:05:12] debug: 	zh:zstack:unpi:writer: --> frame [254,15,36,1,17,195,2,1,0,4,23,0,30,5,24,102,11,10,0,140]
[2026-03-12 13:05:12] debug: 	zh:zstack:unpi:parser: <-- [254,1,100,1,0,100,254,3,68,128,0,1,23,209]
[2026-03-12 13:05:12] debug: 	zh:zstack:unpi:parser: --- parseNext [254,1,100,1,0,100,254,3,68,128,0,1,23,209]
[2026-03-12 13:05:12] debug: 	zh:zstack:unpi:parser: --> parsed 1 - 3 - 4 - 1 - [0] - 100
[2026-03-12 13:05:12] debug: 	zh:zstack:znp: <-- SRSP: AF - dataRequest - {"status":0}
[2026-03-12 13:05:12] debug: 	zh:zstack:unpi:parser: --- parseNext [254,3,68,128,0,1,23,209]
[2026-03-12 13:05:12] debug: 	zh:zstack:unpi:parser: --> parsed 3 - 2 - 4 - 128 - [0,1,23] - 209
[2026-03-12 13:05:12] debug: 	zh:zstack:znp: <-- AREQ: AF - dataConfirm - {"status":0,"endpoint":1,"transid":23}
[2026-03-12 13:05:12] debug: 	zh:zstack:unpi:parser: --- parseNext []
[2026-03-12 13:05:12] debug: 	zh:zstack: sendZclFrameToEndpointInternal 0x001788010916738d:49937/2 (0,0,51)
[2026-03-12 13:05:12] debug: 	zh:zstack:znp: --> SREQ: AF - dataRequest - {"dstaddr":49937,"destendpoint":2,"srcendpoint":1,"clusterid":1024,"transid":24,"options":0,"radius":30,"len":5,"data":{"type":"Buffer","data":[24,103,11,10,0]}}
[2026-03-12 13:05:12] debug: 	zh:zstack:unpi:writer: --> frame [254,15,36,1,17,195,2,1,0,4,24,0,30,5,24,103,11,10,0,130]
[2026-03-12 13:05:12] debug: 	zh:zstack:unpi:parser: <-- [254,1,100,1,0,100,254,3,68,128,0,1,24,222]
[2026-03-12 13:05:12] debug: 	zh:zstack:unpi:parser: --- parseNext [254,1,100,1,0,100,254,3,68,128,0,1,24,222]
[2026-03-12 13:05:12] debug: 	zh:zstack:unpi:parser: --> parsed 1 - 3 - 4 - 1 - [0] - 100
[2026-03-12 13:05:12] debug: 	zh:zstack:znp: <-- SRSP: AF - dataRequest - {"status":0}
[2026-03-12 13:05:12] debug: 	zh:zstack:unpi:parser: --- parseNext [254,3,68,128,0,1,24,222]
[2026-03-12 13:05:12] debug: 	zh:zstack:unpi:parser: --> parsed 3 - 2 - 4 - 128 - [0,1,24] - 222
[2026-03-12 13:05:12] debug: 	zh:zstack:znp: <-- AREQ: AF - dataConfirm - {"status":0,"endpoint":1,"transid":24}
[2026-03-12 13:05:12] debug: 	zh:zstack:unpi:parser: --- parseNext []
[2026-03-12 13:05:12] debug: 	zh:zstack: sendZclFrameToEndpointInternal 0x001788010916738d:49937/2 (0,0,50)
[2026-03-12 13:05:12] debug: 	zh:zstack:znp: --> SREQ: AF - dataRequest - {"dstaddr":49937,"destendpoint":2,"srcendpoint":1,"clusterid":1024,"transid":25,"options":0,"radius":30,"len":5,"data":{"type":"Buffer","data":[24,104,11,10,0]}}
[2026-03-12 13:05:12] debug: 	zh:zstack:unpi:writer: --> frame [254,15,36,1,17,195,2,1,0,4,25,0,30,5,24,104,11,10,0,140]
[2026-03-12 13:05:12] debug: 	zh:zstack:unpi:parser: <-- [254,1,100,1,0,100]
[2026-03-12 13:05:12] debug: 	zh:zstack:unpi:parser: --- parseNext [254,1,100,1,0,100]
[2026-03-12 13:05:12] debug: 	zh:zstack:unpi:parser: --> parsed 1 - 3 - 4 - 1 - [0] - 100
[2026-03-12 13:05:12] debug: 	zh:zstack:znp: <-- SRSP: AF - dataRequest - {"status":0}
[2026-03-12 13:05:12] debug: 	zh:zstack:unpi:parser: --- parseNext []
[2026-03-12 13:05:12] debug: 	zh:zstack:unpi:parser: <-- [254,3,68,128,0,1,25,223]
[2026-03-12 13:05:12] debug: 	zh:zstack:unpi:parser: --- parseNext [254,3,68,128,0,1,25,223]
[2026-03-12 13:05:12] debug: 	zh:zstack:unpi:parser: --> parsed 3 - 2 - 4 - 128 - [0,1,25] - 223
[2026-03-12 13:05:12] debug: 	zh:zstack:znp: <-- AREQ: AF - dataConfirm - {"status":0,"endpoint":1,"transid":25}
[2026-03-12 13:05:12] debug: 	zh:zstack:unpi:parser: --- parseNext []
[2026-03-12 13:05:12] debug: 	zh:zstack: sendZclFrameToEndpointInternal 0x001788010916738d:49937/2 (0,0,49)
[2026-03-12 13:05:12] debug: 	zh:zstack:znp: --> SREQ: AF - dataRequest - {"dstaddr":49937,"destendpoint":2,"srcendpoint":1,"clusterid":1024,"transid":26,"options":0,"radius":30,"len":5,"data":{"type":"Buffer","data":[24,105,11,10,0]}}
[2026-03-12 13:05:12] debug: 	zh:zstack:unpi:writer: --> frame [254,15,36,1,17,195,2,1,0,4,26,0,30,5,24,105,11,10,0,142]
[2026-03-12 13:05:12] debug: 	zh:zstack:unpi:parser: <-- [254,1,100,1,0,100]
[2026-03-12 13:05:12] debug: 	zh:zstack:unpi:parser: --- parseNext [254,1,100,1,0,100]
[2026-03-12 13:05:12] debug: 	zh:zstack:unpi:parser: --> parsed 1 - 3 - 4 - 1 - [0] - 100
[2026-03-12 13:05:12] debug: 	zh:zstack:znp: <-- SRSP: AF - dataRequest - {"status":0}
[2026-03-12 13:05:12] debug: 	zh:zstack:unpi:parser: --- parseNext []
[2026-03-12 13:05:12] debug: 	zh:zstack:unpi:parser: <-- [254,3,68,128,0,1,26,220]
[2026-03-12 13:05:12] debug: 	zh:zstack:unpi:parser: --- parseNext [254,3,68,128,0,1,26,220]
[2026-03-12 13:05:12] debug: 	zh:zstack:unpi:parser: --> parsed 3 - 2 - 4 - 128 - [0,1,26] - 220
[2026-03-12 13:05:12] debug: 	zh:zstack:znp: <-- AREQ: AF - dataConfirm - {"status":0,"endpoint":1,"transid":26}
[2026-03-12 13:05:12] debug: 	zh:zstack:unpi:parser: --- parseNext []
[2026-03-12 13:05:12] debug: 	zh:zstack: sendZclFrameToEndpointInternal 0x001788010916738d:49937/2 (0,0,48)
[2026-03-12 13:05:12] debug: 	zh:zstack:znp: --> SREQ: AF - dataRequest - {"dstaddr":49937,"destendpoint":2,"srcendpoint":1,"clusterid":1024,"transid":27,"options":0,"radius":30,"len":5,"data":{"type":"Buffer","data":[24,106,11,10,0]}}
[2026-03-12 13:05:12] debug: 	zh:zstack:unpi:writer: --> frame [254,15,36,1,17,195,2,1,0,4,27,0,30,5,24,106,11,10,0,140]
[2026-03-12 13:05:12] debug: 	zh:zstack:unpi:parser: <-- [254,1,100,1,0,100]
[2026-03-12 13:05:12] debug: 	zh:zstack:unpi:parser: --- parseNext [254,1,100,1,0,100]
[2026-03-12 13:05:12] debug: 	zh:zstack:unpi:parser: --> parsed 1 - 3 - 4 - 1 - [0] - 100
[2026-03-12 13:05:12] debug: 	zh:zstack:znp: <-- SRSP: AF - dataRequest - {"status":0}
[2026-03-12 13:05:12] debug: 	zh:zstack:unpi:parser: --- parseNext []
[2026-03-12 13:05:12] debug: 	zh:zstack:unpi:parser: <-- [254,3,68,128,0,1,27,221]
[2026-03-12 13:05:12] debug: 	zh:zstack:unpi:parser: --- parseNext [254,3,68,128,0,1,27,221]
[2026-03-12 13:05:12] debug: 	zh:zstack:unpi:parser: --> parsed 3 - 2 - 4 - 128 - [0,1,27] - 221
[2026-03-12 13:05:12] debug: 	zh:zstack:znp: <-- AREQ: AF - dataConfirm - {"status":0,"endpoint":1,"transid":27}
[2026-03-12 13:05:12] debug: 	zh:zstack:unpi:parser: --- parseNext []
[2026-03-12 13:05:12] debug: 	zh:zstack: sendZclFrameToEndpointInternal 0x001788010916738d:49937/2 (0,0,47)
[2026-03-12 13:05:12] debug: 	zh:zstack:znp: --> SREQ: AF - dataRequest - {"dstaddr":49937,"destendpoint":2,"srcendpoint":1,"clusterid":1024,"transid":28,"options":0,"radius":30,"len":5,"data":{"type":"Buffer","data":[24,107,11,10,0]}}
[2026-03-12 13:05:12] debug: 	zh:zstack:unpi:writer: --> frame [254,15,36,1,17,195,2,1,0,4,28,0,30,5,24,107,11,10,0,138]
[2026-03-12 13:05:12] debug: 	zh:zstack:unpi:parser: <-- [254,1,100,1,0,100]
[2026-03-12 13:05:12] debug: 	zh:zstack:unpi:parser: --- parseNext [254,1,100,1,0,100]
[2026-03-12 13:05:12] debug: 	zh:zstack:unpi:parser: --> parsed 1 - 3 - 4 - 1 - [0] - 100
[2026-03-12 13:05:12] debug: 	zh:zstack:znp: <-- SRSP: AF - dataRequest - {"status":0}
[2026-03-12 13:05:12] debug: 	zh:zstack:unpi:parser: --- parseNext []
[2026-03-12 13:05:12] debug: 	zh:zstack:unpi:parser: <-- [254,3,68,128,0,1,28,218]
[2026-03-12 13:05:12] debug: 	zh:zstack:unpi:parser: --- parseNext [254,3,68,128,0,1,28,218]
[2026-03-12 13:05:12] debug: 	zh:zstack:unpi:parser: --> parsed 3 - 2 - 4 - 128 - [0,1,28] - 218
[2026-03-12 13:05:12] debug: 	zh:zstack:znp: <-- AREQ: AF - dataConfirm - {"status":0,"endpoint":1,"transid":28}
[2026-03-12 13:05:12] debug: 	zh:zstack:unpi:parser: --- parseNext []
[2026-03-12 13:05:12] debug: 	zh:zstack: sendZclFrameToEndpointInternal 0x001788010916738d:49937/2 (0,0,46)
[2026-03-12 13:05:12] debug: 	zh:zstack:znp: --> SREQ: AF - dataRequest - {"dstaddr":49937,"destendpoint":2,"srcendpoint":1,"clusterid":1024,"transid":29,"options":0,"radius":30,"len":5,"data":{"type":"Buffer","data":[24,108,11,10,0]}}
[2026-03-12 13:05:12] debug: 	zh:zstack:unpi:writer: --> frame [254,15,36,1,17,195,2,1,0,4,29,0,30,5,24,108,11,10,0,140]
[2026-03-12 13:05:12] debug: 	zh:zstack:unpi:parser: <-- [254,1,100,1,0,100]
[2026-03-12 13:05:12] debug: 	zh:zstack:unpi:parser: --- parseNext [254,1,100,1,0,100]
[2026-03-12 13:05:12] debug: 	zh:zstack:unpi:parser: --> parsed 1 - 3 - 4 - 1 - [0] - 100
[2026-03-12 13:05:12] debug: 	zh:zstack:znp: <-- SRSP: AF - dataRequest - {"status":0}
[2026-03-12 13:05:12] debug: 	zh:zstack:unpi:parser: --- parseNext []
[2026-03-12 13:05:12] debug: 	zh:zstack:unpi:parser: <-- [254,3,68,128,0,1,29,219]
[2026-03-12 13:05:12] debug: 	zh:zstack:unpi:parser: --- parseNext [254,3,68,128,0,1,29,219]
[2026-03-12 13:05:12] debug: 	zh:zstack:unpi:parser: --> parsed 3 - 2 - 4 - 128 - [0,1,29] - 219
[2026-03-12 13:05:12] debug: 	zh:zstack:znp: <-- AREQ: AF - dataConfirm - {"status":0,"endpoint":1,"transid":29}
[2026-03-12 13:05:12] debug: 	zh:zstack:unpi:parser: --- parseNext []
[2026-03-12 13:05:12] debug: 	zh:zstack: sendZclFrameToEndpointInternal 0x001788010916738d:49937/2 (0,0,45)
[2026-03-12 13:05:12] debug: 	zh:zstack:znp: --> SREQ: AF - dataRequest - {"dstaddr":49937,"destendpoint":2,"srcendpoint":1,"clusterid":1024,"transid":30,"options":0,"radius":30,"len":5,"data":{"type":"Buffer","data":[24,109,11,10,0]}}
[2026-03-12 13:05:12] debug: 	zh:zstack:unpi:writer: --> frame [254,15,36,1,17,195,2,1,0,4,30,0,30,5,24,109,11,10,0,142]
[2026-03-12 13:05:12] debug: 	zh:zstack:unpi:parser: <-- [254,1,100,1,0,100]
[2026-03-12 13:05:12] debug: 	zh:zstack:unpi:parser: --- parseNext [254,1,100,1,0,100]
[2026-03-12 13:05:12] debug: 	zh:zstack:unpi:parser: --> parsed 1 - 3 - 4 - 1 - [0] - 100
[2026-03-12 13:05:12] debug: 	zh:zstack:znp: <-- SRSP: AF - dataRequest - {"status":0}
[2026-03-12 13:05:12] debug: 	zh:zstack:unpi:parser: --- parseNext []
[2026-03-12 13:05:12] debug: 	zh:zstack:unpi:parser: <-- [254,3,68,128,0,1,30,216]
[2026-03-12 13:05:12] debug: 	zh:zstack:unpi:parser: --- parseNext [254,3,68,128,0,1,30,216]
[2026-03-12 13:05:12] debug: 	zh:zstack:unpi:parser: --> parsed 3 - 2 - 4 - 128 - [0,1,30] - 216
[2026-03-12 13:05:12] debug: 	zh:zstack:znp: <-- AREQ: AF - dataConfirm - {"status":0,"endpoint":1,"transid":30}
[2026-03-12 13:05:12] debug: 	zh:zstack:unpi:parser: --- parseNext []
[2026-03-12 13:05:12] debug: 	zh:zstack: sendZclFrameToEndpointInternal 0x001788010916738d:49937/2 (0,0,44)
[2026-03-12 13:05:12] debug: 	zh:zstack:znp: --> SREQ: AF - dataRequest - {"dstaddr":49937,"destendpoint":2,"srcendpoint":1,"clusterid":1024,"transid":31,"options":0,"radius":30,"len":5,"data":{"type":"Buffer","data":[24,110,11,10,0]}}
[2026-03-12 13:05:12] debug: 	zh:zstack:unpi:writer: --> frame [254,15,36,1,17,195,2,1,0,4,31,0,30,5,24,110,11,10,0,140]
[2026-03-12 13:05:12] debug: 	zh:zstack:unpi:parser: <-- [254,1,100,1,0,100]
[2026-03-12 13:05:12] debug: 	zh:zstack:unpi:parser: --- parseNext [254,1,100,1,0,100]
[2026-03-12 13:05:12] debug: 	zh:zstack:unpi:parser: --> parsed 1 - 3 - 4 - 1 - [0] - 100
[2026-03-12 13:05:12] debug: 	zh:zstack:znp: <-- SRSP: AF - dataRequest - {"status":0}
[2026-03-12 13:05:12] debug: 	zh:zstack:unpi:parser: --- parseNext []
[2026-03-12 13:05:12] debug: 	zh:zstack:unpi:parser: <-- [254,3,68,128,0,1,31,217]
[2026-03-12 13:05:12] debug: 	zh:zstack:unpi:parser: --- parseNext [254,3,68,128,0,1,31,217]
[2026-03-12 13:05:12] debug: 	zh:zstack:unpi:parser: --> parsed 3 - 2 - 4 - 128 - [0,1,31] - 217
[2026-03-12 13:05:12] debug: 	zh:zstack:znp: <-- AREQ: AF - dataConfirm - {"status":0,"endpoint":1,"transid":31}
[2026-03-12 13:05:12] debug: 	zh:zstack:unpi:parser: --- parseNext []
[2026-03-12 13:05:12] debug: 	zh:zstack: sendZclFrameToEndpointInternal 0x001788010916738d:49937/2 (0,0,43)
[2026-03-12 13:05:12] debug: 	zh:zstack:znp: --> SREQ: AF - dataRequest - {"dstaddr":49937,"destendpoint":2,"srcendpoint":1,"clusterid":1024,"transid":32,"options":0,"radius":30,"len":5,"data":{"type":"Buffer","data":[24,111,11,10,0]}}
[2026-03-12 13:05:12] debug: 	zh:zstack:unpi:writer: --> frame [254,15,36,1,17,195,2,1,0,4,32,0,30,5,24,111,11,10,0,178]
[2026-03-12 13:05:12] debug: 	zh:zstack:unpi:parser: <-- [254,1,100,1,0,100]
[2026-03-12 13:05:12] debug: 	zh:zstack:unpi:parser: --- parseNext [254,1,100,1,0,100]
[2026-03-12 13:05:12] debug: 	zh:zstack:unpi:parser: --> parsed 1 - 3 - 4 - 1 - [0] - 100
[2026-03-12 13:05:12] debug: 	zh:zstack:znp: <-- SRSP: AF - dataRequest - {"status":0}
[2026-03-12 13:05:12] debug: 	zh:zstack:unpi:parser: --- parseNext []
[2026-03-12 13:05:12] debug: 	zh:zstack:unpi:parser: <-- [254,3,68,128,0,1,32,230]
[2026-03-12 13:05:12] debug: 	zh:zstack:unpi:parser: --- parseNext [254,3,68,128,0,1,32,230]
[2026-03-12 13:05:12] debug: 	zh:zstack:unpi:parser: --> parsed 3 - 2 - 4 - 128 - [0,1,32] - 230
[2026-03-12 13:05:12] debug: 	zh:zstack:znp: <-- AREQ: AF - dataConfirm - {"status":0,"endpoint":1,"transid":32}
[2026-03-12 13:05:12] debug: 	zh:zstack:unpi:parser: --- parseNext []
[2026-03-12 13:05:12] debug: 	zh:zstack: sendZclFrameToEndpointInternal 0x001788010916738d:49937/2 (0,0,42)
[2026-03-12 13:05:12] debug: 	zh:zstack:znp: --> SREQ: AF - dataRequest - {"dstaddr":49937,"destendpoint":2,"srcendpoint":1,"clusterid":1024,"transid":33,"options":0,"radius":30,"len":5,"data":{"type":"Buffer","data":[24,112,11,10,0]}}
[2026-03-12 13:05:12] debug: 	zh:zstack:unpi:writer: --> frame [254,15,36,1,17,195,2,1,0,4,33,0,30,5,24,112,11,10,0,172]
[2026-03-12 13:05:12] debug: 	zh:zstack:unpi:parser: <-- [254,1,100,1,0,100]
[2026-03-12 13:05:12] debug: 	zh:zstack:unpi:parser: --- parseNext [254,1,100,1,0,100]
[2026-03-12 13:05:12] debug: 	zh:zstack:unpi:parser: --> parsed 1 - 3 - 4 - 1 - [0] - 100
[2026-03-12 13:05:12] debug: 	zh:zstack:znp: <-- SRSP: AF - dataRequest - {"status":0}
[2026-03-12 13:05:12] debug: 	zh:zstack:unpi:parser: --- parseNext []
[2026-03-12 13:05:12] debug: 	zh:zstack:unpi:parser: <-- [254,3,68,128,0,1,33,231]
[2026-03-12 13:05:12] debug: 	zh:zstack:unpi:parser: --- parseNext [254,3,68,128,0,1,33,231]
[2026-03-12 13:05:12] debug: 	zh:zstack:unpi:parser: --> parsed 3 - 2 - 4 - 128 - [0,1,33] - 231
[2026-03-12 13:05:12] debug: 	zh:zstack:znp: <-- AREQ: AF - dataConfirm - {"status":0,"endpoint":1,"transid":33}
[2026-03-12 13:05:12] debug: 	zh:zstack:unpi:parser: --- parseNext []
[2026-03-12 13:05:12] debug: 	zh:zstack: sendZclFrameToEndpointInternal 0x001788010916738d:49937/2 (0,0,41)
[2026-03-12 13:05:12] debug: 	zh:zstack:znp: --> SREQ: AF - dataRequest - {"dstaddr":49937,"destendpoint":2,"srcendpoint":1,"clusterid":1024,"transid":34,"options":0,"radius":30,"len":5,"data":{"type":"Buffer","data":[24,113,11,10,0]}}
[2026-03-12 13:05:12] debug: 	zh:zstack:unpi:writer: --> frame [254,15,36,1,17,195,2,1,0,4,34,0,30,5,24,113,11,10,0,174]
[2026-03-12 13:05:12] debug: 	zh:zstack:unpi:parser: <-- [254,1,100,1,0,100]
[2026-03-12 13:05:12] debug: 	zh:zstack:unpi:parser: --- parseNext [254,1,100,1,0,100]
[2026-03-12 13:05:12] debug: 	zh:zstack:unpi:parser: --> parsed 1 - 3 - 4 - 1 - [0] - 100
[2026-03-12 13:05:12] debug: 	zh:zstack:znp: <-- SRSP: AF - dataRequest - {"status":0}
[2026-03-12 13:05:12] debug: 	zh:zstack:unpi:parser: --- parseNext []
[2026-03-12 13:05:12] debug: 	zh:zstack:unpi:parser: <-- [254,3,68,128,0,1,34,228]
[2026-03-12 13:05:12] debug: 	zh:zstack:unpi:parser: --- parseNext [254,3,68,128,0,1,34,228]
[2026-03-12 13:05:12] debug: 	zh:zstack:unpi:parser: --> parsed 3 - 2 - 4 - 128 - [0,1,34] - 228
[2026-03-12 13:05:12] debug: 	zh:zstack:znp: <-- AREQ: AF - dataConfirm - {"status":0,"endpoint":1,"transid":34}
[2026-03-12 13:05:12] debug: 	zh:zstack:unpi:parser: --- parseNext []
[2026-03-12 13:05:12] debug: 	zh:zstack: sendZclFrameToEndpointInternal 0x001788010916738d:49937/2 (0,0,40)
[2026-03-12 13:05:12] debug: 	zh:zstack:znp: --> SREQ: AF - dataRequest - {"dstaddr":49937,"destendpoint":2,"srcendpoint":1,"clusterid":1024,"transid":35,"options":0,"radius":30,"len":5,"data":{"type":"Buffer","data":[24,114,11,10,0]}}
[2026-03-12 13:05:12] debug: 	zh:zstack:unpi:writer: --> frame [254,15,36,1,17,195,2,1,0,4,35,0,30,5,24,114,11,10,0,172]
[2026-03-12 13:05:12] debug: 	zh:zstack:unpi:parser: <-- [254,1,100,1,0,100]
[2026-03-12 13:05:12] debug: 	zh:zstack:unpi:parser: --- parseNext [254,1,100,1,0,100]
[2026-03-12 13:05:12] debug: 	zh:zstack:unpi:parser: --> parsed 1 - 3 - 4 - 1 - [0] - 100
[2026-03-12 13:05:12] debug: 	zh:zstack:znp: <-- SRSP: AF - dataRequest - {"status":0}
[2026-03-12 13:05:12] debug: 	zh:zstack:unpi:parser: --- parseNext []
[2026-03-12 13:05:12] debug: 	zh:zstack:unpi:parser: <-- [254,3,68,128,0,1,35,229]
[2026-03-12 13:05:12] debug: 	zh:zstack:unpi:parser: --- parseNext [254,3,68,128,0,1,35,229]
[2026-03-12 13:05:12] debug: 	zh:zstack:unpi:parser: --> parsed 3 - 2 - 4 - 128 - [0,1,35] - 229
[2026-03-12 13:05:12] debug: 	zh:zstack:znp: <-- AREQ: AF - dataConfirm - {"status":0,"endpoint":1,"transid":35}
[2026-03-12 13:05:12] debug: 	zh:zstack:unpi:parser: --- parseNext []
[2026-03-12 13:05:12] debug: 	zh:zstack: sendZclFrameToEndpointInternal 0x001788010916738d:49937/2 (0,0,39)
[2026-03-12 13:05:12] debug: 	zh:zstack:znp: --> SREQ: AF - dataRequest - {"dstaddr":49937,"destendpoint":2,"srcendpoint":1,"clusterid":1024,"transid":36,"options":0,"radius":30,"len":5,"data":{"type":"Buffer","data":[24,115,11,10,0]}}
[2026-03-12 13:05:12] debug: 	zh:zstack:unpi:writer: --> frame [254,15,36,1,17,195,2,1,0,4,36,0,30,5,24,115,11,10,0,170]
[2026-03-12 13:05:12] debug: 	zh:zstack:unpi:parser: <-- [254,1,100,1,0,100]
[2026-03-12 13:05:12] debug: 	zh:zstack:unpi:parser: --- parseNext [254,1,100,1,0,100]
[2026-03-12 13:05:12] debug: 	zh:zstack:unpi:parser: --> parsed 1 - 3 - 4 - 1 - [0] - 100
[2026-03-12 13:05:12] debug: 	zh:zstack:znp: <-- SRSP: AF - dataRequest - {"status":0}
[2026-03-12 13:05:12] debug: 	zh:zstack:unpi:parser: --- parseNext []
[2026-03-12 13:05:12] debug: 	zh:zstack:unpi:parser: <-- [254,3,68,128,0,1,36,226]
[2026-03-12 13:05:12] debug: 	zh:zstack:unpi:parser: --- parseNext [254,3,68,128,0,1,36,226]
[2026-03-12 13:05:12] debug: 	zh:zstack:unpi:parser: --> parsed 3 - 2 - 4 - 128 - [0,1,36] - 226
[2026-03-12 13:05:12] debug: 	zh:zstack:znp: <-- AREQ: AF - dataConfirm - {"status":0,"endpoint":1,"transid":36}
[2026-03-12 13:05:12] debug: 	zh:zstack:unpi:parser: --- parseNext []
[2026-03-12 13:05:12] debug: 	zh:zstack: sendZclFrameToEndpointInternal 0x001788010916738d:49937/2 (0,0,38)
[2026-03-12 13:05:12] debug: 	zh:zstack:znp: --> SREQ: AF - dataRequest - {"dstaddr":49937,"destendpoint":2,"srcendpoint":1,"clusterid":1024,"transid":37,"options":0,"radius":30,"len":5,"data":{"type":"Buffer","data":[24,116,11,10,0]}}
[2026-03-12 13:05:12] debug: 	zh:zstack:unpi:writer: --> frame [254,15,36,1,17,195,2,1,0,4,37,0,30,5,24,116,11,10,0,172]
[2026-03-12 13:05:12] debug: 	zh:zstack:unpi:parser: <-- [254,1,100,1,0,100]
[2026-03-12 13:05:12] debug: 	zh:zstack:unpi:parser: --- parseNext [254,1,100,1,0,100]
[2026-03-12 13:05:12] debug: 	zh:zstack:unpi:parser: --> parsed 1 - 3 - 4 - 1 - [0] - 100
[2026-03-12 13:05:12] debug: 	zh:zstack:znp: <-- SRSP: AF - dataRequest - {"status":0}
[2026-03-12 13:05:12] debug: 	zh:zstack:unpi:parser: --- parseNext []
[2026-03-12 13:05:12] debug: 	zh:zstack:unpi:parser: <-- [254,3,68,128,0,1,37,227]
[2026-03-12 13:05:12] debug: 	zh:zstack:unpi:parser: --- parseNext [254,3,68,128,0,1,37,227]
[2026-03-12 13:05:12] debug: 	zh:zstack:unpi:parser: --> parsed 3 - 2 - 4 - 128 - [0,1,37] - 227
[2026-03-12 13:05:12] debug: 	zh:zstack:znp: <-- AREQ: AF - dataConfirm - {"status":0,"endpoint":1,"transid":37}
[2026-03-12 13:05:12] debug: 	zh:zstack:unpi:parser: --- parseNext []
[2026-03-12 13:05:12] debug: 	zh:zstack: sendZclFrameToEndpointInternal 0x001788010916738d:49937/2 (0,0,37)
[2026-03-12 13:05:12] debug: 	zh:zstack:znp: --> SREQ: AF - dataRequest - {"dstaddr":49937,"destendpoint":2,"srcendpoint":1,"clusterid":1024,"transid":38,"options":0,"radius":30,"len":5,"data":{"type":"Buffer","data":[24,117,11,10,0]}}
[2026-03-12 13:05:12] debug: 	zh:zstack:unpi:writer: --> frame [254,15,36,1,17,195,2,1,0,4,38,0,30,5,24,117,11,10,0,174]
[2026-03-12 13:05:12] debug: 	zh:zstack:unpi:parser: <-- [254,1,100,1,0,100]
[2026-03-12 13:05:12] debug: 	zh:zstack:unpi:parser: --- parseNext [254,1,100,1,0,100]
[2026-03-12 13:05:12] debug: 	zh:zstack:unpi:parser: --> parsed 1 - 3 - 4 - 1 - [0] - 100
[2026-03-12 13:05:12] debug: 	zh:zstack:znp: <-- SRSP: AF - dataRequest - {"status":0}
[2026-03-12 13:05:12] debug: 	zh:zstack:unpi:parser: --- parseNext []
[2026-03-12 13:05:12] debug: 	zh:zstack:unpi:parser: <-- [254,3,68,128,0,1,38,224]
[2026-03-12 13:05:12] debug: 	zh:zstack:unpi:parser: --- parseNext [254,3,68,128,0,1,38,224]
[2026-03-12 13:05:12] debug: 	zh:zstack:unpi:parser: --> parsed 3 - 2 - 4 - 128 - [0,1,38] - 224
[2026-03-12 13:05:12] debug: 	zh:zstack:znp: <-- AREQ: AF - dataConfirm - {"status":0,"endpoint":1,"transid":38}
[2026-03-12 13:05:12] debug: 	zh:zstack:unpi:parser: --- parseNext []
[2026-03-12 13:05:12] debug: 	zh:zstack: sendZclFrameToEndpointInternal 0x001788010916738d:49937/2 (0,0,36)
[2026-03-12 13:05:12] debug: 	zh:zstack:znp: --> SREQ: AF - dataRequest - {"dstaddr":49937,"destendpoint":2,"srcendpoint":1,"clusterid":1024,"transid":39,"options":0,"radius":30,"len":5,"data":{"type":"Buffer","data":[24,118,11,10,0]}}
[2026-03-12 13:05:12] debug: 	zh:zstack:unpi:writer: --> frame [254,15,36,1,17,195,2,1,0,4,39,0,30,5,24,118,11,10,0,172]
[2026-03-12 13:05:12] debug: 	zh:zstack:unpi:parser: <-- [254,1,100,1,0,100]
[2026-03-12 13:05:12] debug: 	zh:zstack:unpi:parser: --- parseNext [254,1,100,1,0,100]
[2026-03-12 13:05:12] debug: 	zh:zstack:unpi:parser: --> parsed 1 - 3 - 4 - 1 - [0] - 100
[2026-03-12 13:05:12] debug: 	zh:zstack:znp: <-- SRSP: AF - dataRequest - {"status":0}
[2026-03-12 13:05:12] debug: 	zh:zstack:unpi:parser: --- parseNext []
[2026-03-12 13:05:12] debug: 	zh:zstack:unpi:parser: <-- [254,3,68,128,0,1,39,225]
[2026-03-12 13:05:12] debug: 	zh:zstack:unpi:parser: --- parseNext [254,3,68,128,0,1,39,225]
[2026-03-12 13:05:12] debug: 	zh:zstack:unpi:parser: --> parsed 3 - 2 - 4 - 128 - [0,1,39] - 225
[2026-03-12 13:05:12] debug: 	zh:zstack:znp: <-- AREQ: AF - dataConfirm - {"status":0,"endpoint":1,"transid":39}
[2026-03-12 13:05:12] debug: 	zh:zstack:unpi:parser: --- parseNext []
[2026-03-12 13:05:12] debug: 	zh:zstack: sendZclFrameToEndpointInternal 0x001788010916738d:49937/2 (0,0,35)
[2026-03-12 13:05:12] debug: 	zh:zstack:znp: --> SREQ: AF - dataRequest - {"dstaddr":49937,"destendpoint":2,"srcendpoint":1,"clusterid":1024,"transid":40,"options":0,"radius":30,"len":5,"data":{"type":"Buffer","data":[24,119,11,10,0]}}
[2026-03-12 13:05:12] debug: 	zh:zstack:unpi:writer: --> frame [254,15,36,1,17,195,2,1,0,4,40,0,30,5,24,119,11,10,0,162]
[2026-03-12 13:05:12] debug: 	zh:zstack:unpi:parser: <-- [254,1,100,1,0,100]
[2026-03-12 13:05:12] debug: 	zh:zstack:unpi:parser: --- parseNext [254,1,100,1,0,100]
[2026-03-12 13:05:12] debug: 	zh:zstack:unpi:parser: --> parsed 1 - 3 - 4 - 1 - [0] - 100
[2026-03-12 13:05:12] debug: 	zh:zstack:znp: <-- SRSP: AF - dataRequest - {"status":0}
[2026-03-12 13:05:12] debug: 	zh:zstack:unpi:parser: --- parseNext []
[2026-03-12 13:05:12] debug: 	zh:zstack:unpi:parser: <-- [254,3,68,128,0,1,40,238]
[2026-03-12 13:05:12] debug: 	zh:zstack:unpi:parser: --- parseNext [254,3,68,128,0,1,40,238]
[2026-03-12 13:05:12] debug: 	zh:zstack:unpi:parser: --> parsed 3 - 2 - 4 - 128 - [0,1,40] - 238
[2026-03-12 13:05:12] debug: 	zh:zstack:znp: <-- AREQ: AF - dataConfirm - {"status":0,"endpoint":1,"transid":40}
[2026-03-12 13:05:12] debug: 	zh:zstack:unpi:parser: --- parseNext []
[2026-03-12 13:05:12] debug: 	zh:zstack: sendZclFrameToEndpointInternal 0x001788010916738d:49937/2 (0,0,34)
[2026-03-12 13:05:12] debug: 	zh:zstack:znp: --> SREQ: AF - dataRequest - {"dstaddr":49937,"destendpoint":2,"srcendpoint":1,"clusterid":1024,"transid":41,"options":0,"radius":30,"len":5,"data":{"type":"Buffer","data":[24,120,11,10,0]}}
[2026-03-12 13:05:12] debug: 	zh:zstack:unpi:writer: --> frame [254,15,36,1,17,195,2,1,0,4,41,0,30,5,24,120,11,10,0,172]
[2026-03-12 13:05:12] debug: 	zh:zstack:unpi:parser: <-- [254,1,100,1,0,100]
[2026-03-12 13:05:12] debug: 	zh:zstack:unpi:parser: --- parseNext [254,1,100,1,0,100]
[2026-03-12 13:05:12] debug: 	zh:zstack:unpi:parser: --> parsed 1 - 3 - 4 - 1 - [0] - 100
[2026-03-12 13:05:12] debug: 	zh:zstack:znp: <-- SRSP: AF - dataRequest - {"status":0}
[2026-03-12 13:05:12] debug: 	zh:zstack:unpi:parser: --- parseNext []
[2026-03-12 13:05:12] debug: 	zh:zstack:unpi:parser: <-- [254,3,68,128,0,1,41,239]
[2026-03-12 13:05:12] debug: 	zh:zstack:unpi:parser: --- parseNext [254,3,68,128,0,1,41,239]
[2026-03-12 13:05:12] debug: 	zh:zstack:unpi:parser: --> parsed 3 - 2 - 4 - 128 - [0,1,41] - 239
[2026-03-12 13:05:12] debug: 	zh:zstack:znp: <-- AREQ: AF - dataConfirm - {"status":0,"endpoint":1,"transid":41}
[2026-03-12 13:05:12] debug: 	zh:zstack:unpi:parser: --- parseNext []
[2026-03-12 13:05:12] debug: 	zh:zstack: sendZclFrameToEndpointInternal 0x001788010916738d:49937/2 (0,0,33)
[2026-03-12 13:05:12] debug: 	zh:zstack:znp: --> SREQ: AF - dataRequest - {"dstaddr":49937,"destendpoint":2,"srcendpoint":1,"clusterid":1024,"transid":42,"options":0,"radius":30,"len":5,"data":{"type":"Buffer","data":[24,121,11,10,0]}}
[2026-03-12 13:05:12] debug: 	zh:zstack:unpi:writer: --> frame [254,15,36,1,17,195,2,1,0,4,42,0,30,5,24,121,11,10,0,174]
[2026-03-12 13:05:12] debug: 	zh:zstack:unpi:parser: <-- [254,1,100,1,0,100]
[2026-03-12 13:05:12] debug: 	zh:zstack:unpi:parser: --- parseNext [254,1,100,1,0,100]
[2026-03-12 13:05:12] debug: 	zh:zstack:unpi:parser: --> parsed 1 - 3 - 4 - 1 - [0] - 100
[2026-03-12 13:05:12] debug: 	zh:zstack:znp: <-- SRSP: AF - dataRequest - {"status":0}
[2026-03-12 13:05:12] debug: 	zh:zstack:unpi:parser: --- parseNext []
[2026-03-12 13:05:12] debug: 	zh:zstack:unpi:parser: <-- [254,3,68,128,0,1,42,236]
[2026-03-12 13:05:12] debug: 	zh:zstack:unpi:parser: --- parseNext [254,3,68,128,0,1,42,236]
[2026-03-12 13:05:12] debug: 	zh:zstack:unpi:parser: --> parsed 3 - 2 - 4 - 128 - [0,1,42] - 236
[2026-03-12 13:05:12] debug: 	zh:zstack:znp: <-- AREQ: AF - dataConfirm - {"status":0,"endpoint":1,"transid":42}
[2026-03-12 13:05:12] debug: 	zh:zstack:unpi:parser: --- parseNext []
[2026-03-12 13:05:12] debug: 	zh:zstack: sendZclFrameToEndpointInternal 0x001788010916738d:49937/2 (0,0,32)
[2026-03-12 13:05:12] debug: 	zh:zstack:znp: --> SREQ: AF - dataRequest - {"dstaddr":49937,"destendpoint":2,"srcendpoint":1,"clusterid":1024,"transid":43,"options":0,"radius":30,"len":5,"data":{"type":"Buffer","data":[24,122,11,10,0]}}
[2026-03-12 13:05:12] debug: 	zh:zstack:unpi:writer: --> frame [254,15,36,1,17,195,2,1,0,4,43,0,30,5,24,122,11,10,0,172]
[2026-03-12 13:05:12] debug: 	zh:zstack:unpi:parser: <-- [254,1,100,1,0,100]
[2026-03-12 13:05:12] debug: 	zh:zstack:unpi:parser: --- parseNext [254,1,100,1,0,100]
[2026-03-12 13:05:12] debug: 	zh:zstack:unpi:parser: --> parsed 1 - 3 - 4 - 1 - [0] - 100
[2026-03-12 13:05:12] debug: 	zh:zstack:znp: <-- SRSP: AF - dataRequest - {"status":0}
[2026-03-12 13:05:12] debug: 	zh:zstack:unpi:parser: --- parseNext []
[2026-03-12 13:05:12] debug: 	zh:zstack:unpi:parser: <-- [254,3,68,128,0,1,43,237]
[2026-03-12 13:05:12] debug: 	zh:zstack:unpi:parser: --- parseNext [254,3,68,128,0,1,43,237]
[2026-03-12 13:05:12] debug: 	zh:zstack:unpi:parser: --> parsed 3 - 2 - 4 - 128 - [0,1,43] - 237
[2026-03-12 13:05:12] debug: 	zh:zstack:znp: <-- AREQ: AF - dataConfirm - {"status":0,"endpoint":1,"transid":43}
[2026-03-12 13:05:12] debug: 	zh:zstack:unpi:parser: --- parseNext []
[2026-03-12 13:05:12] debug: 	zh:zstack: sendZclFrameToEndpointInternal 0x001788010916738d:49937/2 (0,0,31)
[2026-03-12 13:05:12] debug: 	zh:zstack:znp: --> SREQ: AF - dataRequest - {"dstaddr":49937,"destendpoint":2,"srcendpoint":1,"clusterid":1024,"transid":44,"options":0,"radius":30,"len":5,"data":{"type":"Buffer","data":[24,123,11,10,0]}}
[2026-03-12 13:05:12] debug: 	zh:zstack:unpi:writer: --> frame [254,15,36,1,17,195,2,1,0,4,44,0,30,5,24,123,11,10,0,170]
[2026-03-12 13:05:13] debug: 	zh:zstack:unpi:parser: <-- [254,1,100,1,0,100]
[2026-03-12 13:05:13] debug: 	zh:zstack:unpi:parser: --- parseNext [254,1,100,1,0,100]
[2026-03-12 13:05:13] debug: 	zh:zstack:unpi:parser: --> parsed 1 - 3 - 4 - 1 - [0] - 100
[2026-03-12 13:05:13] debug: 	zh:zstack:znp: <-- SRSP: AF - dataRequest - {"status":0}
[2026-03-12 13:05:13] debug: 	zh:zstack:unpi:parser: --- parseNext []
[2026-03-12 13:05:13] debug: 	zh:zstack:unpi:parser: <-- [254,3,68,128,0,1,44,234]
[2026-03-12 13:05:13] debug: 	zh:zstack:unpi:parser: --- parseNext [254,3,68,128,0,1,44,234]
[2026-03-12 13:05:13] debug: 	zh:zstack:unpi:parser: --> parsed 3 - 2 - 4 - 128 - [0,1,44] - 234
[2026-03-12 13:05:13] debug: 	zh:zstack:znp: <-- AREQ: AF - dataConfirm - {"status":0,"endpoint":1,"transid":44}
[2026-03-12 13:05:13] debug: 	zh:zstack:unpi:parser: --- parseNext []
[2026-03-12 13:05:13] debug: 	zh:zstack: sendZclFrameToEndpointInternal 0x001788010916738d:49937/2 (0,0,30)
[2026-03-12 13:05:13] debug: 	zh:zstack:znp: --> SREQ: AF - dataRequest - {"dstaddr":49937,"destendpoint":2,"srcendpoint":1,"clusterid":1024,"transid":45,"options":0,"radius":30,"len":5,"data":{"type":"Buffer","data":[24,124,11,10,0]}}
[2026-03-12 13:05:13] debug: 	zh:zstack:unpi:writer: --> frame [254,15,36,1,17,195,2,1,0,4,45,0,30,5,24,124,11,10,0,172]
[2026-03-12 13:05:13] debug: 	zh:zstack:unpi:parser: <-- [254,1,100,1,0,100]
[2026-03-12 13:05:13] debug: 	zh:zstack:unpi:parser: --- parseNext [254,1,100,1,0,100]
[2026-03-12 13:05:13] debug: 	zh:zstack:unpi:parser: --> parsed 1 - 3 - 4 - 1 - [0] - 100
[2026-03-12 13:05:13] debug: 	zh:zstack:znp: <-- SRSP: AF - dataRequest - {"status":0}
[2026-03-12 13:05:13] debug: 	zh:zstack:unpi:parser: --- parseNext []
[2026-03-12 13:05:13] debug: 	zh:zstack:unpi:parser: <-- [254,3,68,128,0,1,45,235]
[2026-03-12 13:05:13] debug: 	zh:zstack:unpi:parser: --- parseNext [254,3,68,128,0,1,45,235]
[2026-03-12 13:05:13] debug: 	zh:zstack:unpi:parser: --> parsed 3 - 2 - 4 - 128 - [0,1,45] - 235
[2026-03-12 13:05:13] debug: 	zh:zstack:znp: <-- AREQ: AF - dataConfirm - {"status":0,"endpoint":1,"transid":45}
[2026-03-12 13:05:13] debug: 	zh:zstack:unpi:parser: --- parseNext []
[2026-03-12 13:05:13] debug: 	zh:zstack: sendZclFrameToEndpointInternal 0x001788010916738d:49937/2 (0,0,29)
[2026-03-12 13:05:13] debug: 	zh:zstack:znp: --> SREQ: AF - dataRequest - {"dstaddr":49937,"destendpoint":2,"srcendpoint":1,"clusterid":1024,"transid":46,"options":0,"radius":30,"len":5,"data":{"type":"Buffer","data":[24,125,11,10,0]}}
[2026-03-12 13:05:13] debug: 	zh:zstack:unpi:writer: --> frame [254,15,36,1,17,195,2,1,0,4,46,0,30,5,24,125,11,10,0,174]
[2026-03-12 13:05:13] debug: 	zh:zstack:unpi:parser: <-- [254,1,100,1,0,100]
[2026-03-12 13:05:13] debug: 	zh:zstack:unpi:parser: --- parseNext [254,1,100,1,0,100]
[2026-03-12 13:05:13] debug: 	zh:zstack:unpi:parser: --> parsed 1 - 3 - 4 - 1 - [0] - 100
[2026-03-12 13:05:13] debug: 	zh:zstack:znp: <-- SRSP: AF - dataRequest - {"status":0}
[2026-03-12 13:05:13] debug: 	zh:zstack:unpi:parser: --- parseNext []
[2026-03-12 13:05:13] debug: 	zh:zstack:unpi:parser: <-- [254,3,68,128,0,1,46,232]
[2026-03-12 13:05:13] debug: 	zh:zstack:unpi:parser: --- parseNext [254,3,68,128,0,1,46,232]
[2026-03-12 13:05:13] debug: 	zh:zstack:unpi:parser: --> parsed 3 - 2 - 4 - 128 - [0,1,46] - 232
[2026-03-12 13:05:13] debug: 	zh:zstack:znp: <-- AREQ: AF - dataConfirm - {"status":0,"endpoint":1,"transid":46}
[2026-03-12 13:05:13] debug: 	zh:zstack:unpi:parser: --- parseNext []
[2026-03-12 13:05:13] debug: 	zh:zstack: sendZclFrameToEndpointInternal 0x001788010916738d:49937/2 (0,0,28)
[2026-03-12 13:05:13] debug: 	zh:zstack:znp: --> SREQ: AF - dataRequest - {"dstaddr":49937,"destendpoint":2,"srcendpoint":1,"clusterid":1026,"transid":47,"options":0,"radius":30,"len":5,"data":{"type":"Buffer","data":[24,126,11,10,0]}}
[2026-03-12 13:05:13] debug: 	zh:zstack:unpi:writer: --> frame [254,15,36,1,17,195,2,1,2,4,47,0,30,5,24,126,11,10,0,174]
[2026-03-12 13:05:13] debug: 	zh:zstack:unpi:parser: <-- [254,1,100,1,0,100]
[2026-03-12 13:05:13] debug: 	zh:zstack:unpi:parser: --- parseNext [254,1,100,1,0,100]
[2026-03-12 13:05:13] debug: 	zh:zstack:unpi:parser: --> parsed 1 - 3 - 4 - 1 - [0] - 100
[2026-03-12 13:05:13] debug: 	zh:zstack:znp: <-- SRSP: AF - dataRequest - {"status":0}
[2026-03-12 13:05:13] debug: 	zh:zstack:unpi:parser: --- parseNext []
[2026-03-12 13:05:13] debug: 	zh:zstack:unpi:parser: <-- [254,3,68,128,0,1,47,233]
[2026-03-12 13:05:13] debug: 	zh:zstack:unpi:parser: --- parseNext [254,3,68,128,0,1,47,233]
[2026-03-12 13:05:13] debug: 	zh:zstack:unpi:parser: --> parsed 3 - 2 - 4 - 128 - [0,1,47] - 233
[2026-03-12 13:05:13] debug: 	zh:zstack:znp: <-- AREQ: AF - dataConfirm - {"status":0,"endpoint":1,"transid":47}
[2026-03-12 13:05:13] debug: 	zh:zstack:unpi:parser: --- parseNext []
[2026-03-12 13:05:13] debug: 	zh:zstack: sendZclFrameToEndpointInternal 0x001788010916738d:49937/2 (0,0,27)
[2026-03-12 13:05:13] debug: 	zh:zstack:znp: --> SREQ: AF - dataRequest - {"dstaddr":49937,"destendpoint":2,"srcendpoint":1,"clusterid":1024,"transid":48,"options":0,"radius":30,"len":5,"data":{"type":"Buffer","data":[24,127,11,10,0]}}
[2026-03-12 13:05:13] debug: 	zh:zstack:unpi:writer: --> frame [254,15,36,1,17,195,2,1,0,4,48,0,30,5,24,127,11,10,0,178]
[2026-03-12 13:05:13] debug: 	zh:zstack:unpi:parser: <-- [254,1,100,1,0,100]
[2026-03-12 13:05:13] debug: 	zh:zstack:unpi:parser: --- parseNext [254,1,100,1,0,100]
[2026-03-12 13:05:13] debug: 	zh:zstack:unpi:parser: --> parsed 1 - 3 - 4 - 1 - [0] - 100
[2026-03-12 13:05:13] debug: 	zh:zstack:znp: <-- SRSP: AF - dataRequest - {"status":0}
[2026-03-12 13:05:13] debug: 	zh:zstack:unpi:parser: --- parseNext []
[2026-03-12 13:05:13] debug: 	zh:zstack:unpi:parser: <-- [254,3,68,128,0,1,48,246]
[2026-03-12 13:05:13] debug: 	zh:zstack:unpi:parser: --- parseNext [254,3,68,128,0,1,48,246]
[2026-03-12 13:05:13] debug: 	zh:zstack:unpi:parser: --> parsed 3 - 2 - 4 - 128 - [0,1,48] - 246
[2026-03-12 13:05:13] debug: 	zh:zstack:znp: <-- AREQ: AF - dataConfirm - {"status":0,"endpoint":1,"transid":48}
[2026-03-12 13:05:13] debug: 	zh:zstack:unpi:parser: --- parseNext []
[2026-03-12 13:05:13] debug: 	zh:zstack: sendZclFrameToEndpointInternal 0x001788010916738d:49937/2 (0,0,26)
[2026-03-12 13:05:13] debug: 	zh:zstack:znp: --> SREQ: AF - dataRequest - {"dstaddr":49937,"destendpoint":2,"srcendpoint":1,"clusterid":1024,"transid":49,"options":0,"radius":30,"len":5,"data":{"type":"Buffer","data":[24,128,11,10,0]}}
[2026-03-12 13:05:13] debug: 	zh:zstack:unpi:writer: --> frame [254,15,36,1,17,195,2,1,0,4,49,0,30,5,24,128,11,10,0,76]
[2026-03-12 13:05:13] debug: 	zh:zstack:unpi:parser: <-- [254,1,100,1,0,100]
[2026-03-12 13:05:13] debug: 	zh:zstack:unpi:parser: --- parseNext [254,1,100,1,0,100]
[2026-03-12 13:05:13] debug: 	zh:zstack:unpi:parser: --> parsed 1 - 3 - 4 - 1 - [0] - 100
[2026-03-12 13:05:13] debug: 	zh:zstack:znp: <-- SRSP: AF - dataRequest - {"status":0}
[2026-03-12 13:05:13] debug: 	zh:zstack:unpi:parser: --- parseNext []
[2026-03-12 13:05:13] debug: 	zh:zstack:unpi:parser: <-- [254,3,68,128,0,1,49,247]
[2026-03-12 13:05:13] debug: 	zh:zstack:unpi:parser: --- parseNext [254,3,68,128,0,1,49,247]
[2026-03-12 13:05:13] debug: 	zh:zstack:unpi:parser: --> parsed 3 - 2 - 4 - 128 - [0,1,49] - 247
[2026-03-12 13:05:13] debug: 	zh:zstack:znp: <-- AREQ: AF - dataConfirm - {"status":0,"endpoint":1,"transid":49}
[2026-03-12 13:05:13] debug: 	zh:zstack:unpi:parser: --- parseNext []
[2026-03-12 13:05:13] debug: 	zh:zstack: sendZclFrameToEndpointInternal 0x001788010916738d:49937/2 (0,0,25)
[2026-03-12 13:05:13] debug: 	zh:zstack:znp: --> SREQ: AF - dataRequest - {"dstaddr":49937,"destendpoint":2,"srcendpoint":1,"clusterid":1024,"transid":50,"options":0,"radius":30,"len":5,"data":{"type":"Buffer","data":[24,129,11,10,0]}}
[2026-03-12 13:05:13] debug: 	zh:zstack:unpi:writer: --> frame [254,15,36,1,17,195,2,1,0,4,50,0,30,5,24,129,11,10,0,78]
[2026-03-12 13:05:13] debug: 	zh:zstack:unpi:parser: <-- [254,1,100,1,0,100]
[2026-03-12 13:05:13] debug: 	zh:zstack:unpi:parser: --- parseNext [254,1,100,1,0,100]
[2026-03-12 13:05:13] debug: 	zh:zstack:unpi:parser: --> parsed 1 - 3 - 4 - 1 - [0] - 100
[2026-03-12 13:05:13] debug: 	zh:zstack:znp: <-- SRSP: AF - dataRequest - {"status":0}
[2026-03-12 13:05:13] debug: 	zh:zstack:unpi:parser: --- parseNext []
[2026-03-12 13:05:13] debug: 	zh:zstack:unpi:parser: <-- [254,3,68,128,0,1,50,244]
[2026-03-12 13:05:13] debug: 	zh:zstack:unpi:parser: --- parseNext [254,3,68,128,0,1,50,244]
[2026-03-12 13:05:13] debug: 	zh:zstack:unpi:parser: --> parsed 3 - 2 - 4 - 128 - [0,1,50] - 244
[2026-03-12 13:05:13] debug: 	zh:zstack:znp: <-- AREQ: AF - dataConfirm - {"status":0,"endpoint":1,"transid":50}
[2026-03-12 13:05:13] debug: 	zh:zstack:unpi:parser: --- parseNext []
[2026-03-12 13:05:13] debug: 	zh:zstack: sendZclFrameToEndpointInternal 0x001788010916738d:49937/2 (0,0,24)
[2026-03-12 13:05:13] debug: 	zh:zstack:znp: --> SREQ: AF - dataRequest - {"dstaddr":49937,"destendpoint":2,"srcendpoint":1,"clusterid":1024,"transid":51,"options":0,"radius":30,"len":5,"data":{"type":"Buffer","data":[24,130,11,10,0]}}
[2026-03-12 13:05:13] debug: 	zh:zstack:unpi:writer: --> frame [254,15,36,1,17,195,2,1,0,4,51,0,30,5,24,130,11,10,0,76]
[2026-03-12 13:05:13] debug: 	zh:zstack:unpi:parser: <-- [254,1,100,1,0,100]
[2026-03-12 13:05:13] debug: 	zh:zstack:unpi:parser: --- parseNext [254,1,100,1,0,100]
[2026-03-12 13:05:13] debug: 	zh:zstack:unpi:parser: --> parsed 1 - 3 - 4 - 1 - [0] - 100
[2026-03-12 13:05:13] debug: 	zh:zstack:znp: <-- SRSP: AF - dataRequest - {"status":0}
[2026-03-12 13:05:13] debug: 	zh:zstack:unpi:parser: --- parseNext []
[2026-03-12 13:05:13] debug: 	zh:zstack:unpi:parser: <-- [254,3,68,128,0,1,51,245]
[2026-03-12 13:05:13] debug: 	zh:zstack:unpi:parser: --- parseNext [254,3,68,128,0,1,51,245]
[2026-03-12 13:05:13] debug: 	zh:zstack:unpi:parser: --> parsed 3 - 2 - 4 - 128 - [0,1,51] - 245
[2026-03-12 13:05:13] debug: 	zh:zstack:znp: <-- AREQ: AF - dataConfirm - {"status":0,"endpoint":1,"transid":51}
[2026-03-12 13:05:13] debug: 	zh:zstack:unpi:parser: --- parseNext []
[2026-03-12 13:05:13] debug: 	zh:zstack: sendZclFrameToEndpointInternal 0x001788010916738d:49937/2 (0,0,23)
[2026-03-12 13:05:13] debug: 	zh:zstack:znp: --> SREQ: AF - dataRequest - {"dstaddr":49937,"destendpoint":2,"srcendpoint":1,"clusterid":1024,"transid":52,"options":0,"radius":30,"len":5,"data":{"type":"Buffer","data":[24,131,11,10,0]}}
[2026-03-12 13:05:13] debug: 	zh:zstack:unpi:writer: --> frame [254,15,36,1,17,195,2,1,0,4,52,0,30,5,24,131,11,10,0,74]
[2026-03-12 13:05:13] debug: 	zh:zstack:unpi:parser: <-- [254,1,100,1,0,100]
[2026-03-12 13:05:13] debug: 	zh:zstack:unpi:parser: --- parseNext [254,1,100,1,0,100]
[2026-03-12 13:05:13] debug: 	zh:zstack:unpi:parser: --> parsed 1 - 3 - 4 - 1 - [0] - 100
[2026-03-12 13:05:13] debug: 	zh:zstack:znp: <-- SRSP: AF - dataRequest - {"status":0}
[2026-03-12 13:05:13] debug: 	zh:zstack:unpi:parser: --- parseNext []
[2026-03-12 13:05:13] debug: 	zh:zstack:unpi:parser: <-- [254,3,68,128,0,1,52,242]
[2026-03-12 13:05:13] debug: 	zh:zstack:unpi:parser: --- parseNext [254,3,68,128,0,1,52,242]
[2026-03-12 13:05:13] debug: 	zh:zstack:unpi:parser: --> parsed 3 - 2 - 4 - 128 - [0,1,52] - 242
[2026-03-12 13:05:13] debug: 	zh:zstack:znp: <-- AREQ: AF - dataConfirm - {"status":0,"endpoint":1,"transid":52}
[2026-03-12 13:05:13] debug: 	zh:zstack:unpi:parser: --- parseNext []
[2026-03-12 13:05:13] debug: 	zh:zstack: sendZclFrameToEndpointInternal 0x001788010916738d:49937/2 (0,0,22)
[2026-03-12 13:05:13] debug: 	zh:zstack:znp: --> SREQ: AF - dataRequest - {"dstaddr":49937,"destendpoint":2,"srcendpoint":1,"clusterid":1024,"transid":53,"options":0,"radius":30,"len":5,"data":{"type":"Buffer","data":[24,132,11,10,0]}}
[2026-03-12 13:05:13] debug: 	zh:zstack:unpi:writer: --> frame [254,15,36,1,17,195,2,1,0,4,53,0,30,5,24,132,11,10,0,76]
[2026-03-12 13:05:13] debug: 	zh:zstack:unpi:parser: <-- [254,1,100,1,0,100]
[2026-03-12 13:05:13] debug: 	zh:zstack:unpi:parser: --- parseNext [254,1,100,1,0,100]
[2026-03-12 13:05:13] debug: 	zh:zstack:unpi:parser: --> parsed 1 - 3 - 4 - 1 - [0] - 100
[2026-03-12 13:05:13] debug: 	zh:zstack:znp: <-- SRSP: AF - dataRequest - {"status":0}
[2026-03-12 13:05:13] debug: 	zh:zstack:unpi:parser: --- parseNext []
[2026-03-12 13:05:13] debug: 	zh:zstack:unpi:parser: <-- [254,3,68,128,0,1,53,243]
[2026-03-12 13:05:13] debug: 	zh:zstack:unpi:parser: --- parseNext [254,3,68,128,0,1,53,243]
[2026-03-12 13:05:13] debug: 	zh:zstack:unpi:parser: --> parsed 3 - 2 - 4 - 128 - [0,1,53] - 243
[2026-03-12 13:05:13] debug: 	zh:zstack:znp: <-- AREQ: AF - dataConfirm - {"status":0,"endpoint":1,"transid":53}
[2026-03-12 13:05:13] debug: 	zh:zstack:unpi:parser: --- parseNext []
[2026-03-12 13:05:13] debug: 	zh:zstack: sendZclFrameToEndpointInternal 0x001788010916738d:49937/2 (0,0,21)
[2026-03-12 13:05:13] debug: 	zh:zstack:znp: --> SREQ: AF - dataRequest - {"dstaddr":49937,"destendpoint":2,"srcendpoint":1,"clusterid":1024,"transid":54,"options":0,"radius":30,"len":5,"data":{"type":"Buffer","data":[24,133,11,10,0]}}
[2026-03-12 13:05:13] debug: 	zh:zstack:unpi:writer: --> frame [254,15,36,1,17,195,2,1,0,4,54,0,30,5,24,133,11,10,0,78]
[2026-03-12 13:05:13] debug: 	zh:zstack:unpi:parser: <-- [254,1,100,1,0,100,254,3,68,128,0,1,54,240]
[2026-03-12 13:05:13] debug: 	zh:zstack:unpi:parser: --- parseNext [254,1,100,1,0,100,254,3,68,128,0,1,54,240]
[2026-03-12 13:05:13] debug: 	zh:zstack:unpi:parser: --> parsed 1 - 3 - 4 - 1 - [0] - 100
[2026-03-12 13:05:13] debug: 	zh:zstack:znp: <-- SRSP: AF - dataRequest - {"status":0}
[2026-03-12 13:05:13] debug: 	zh:zstack:unpi:parser: --- parseNext [254,3,68,128,0,1,54,240]
[2026-03-12 13:05:13] debug: 	zh:zstack:unpi:parser: --> parsed 3 - 2 - 4 - 128 - [0,1,54] - 240
[2026-03-12 13:05:13] debug: 	zh:zstack:znp: <-- AREQ: AF - dataConfirm - {"status":0,"endpoint":1,"transid":54}
[2026-03-12 13:05:13] debug: 	zh:zstack:unpi:parser: --- parseNext []
[2026-03-12 13:05:13] debug: 	zh:zstack: sendZclFrameToEndpointInternal 0x001788010916738d:49937/2 (0,0,20)
[2026-03-12 13:05:13] debug: 	zh:zstack:znp: --> SREQ: AF - dataRequest - {"dstaddr":49937,"destendpoint":2,"srcendpoint":1,"clusterid":1024,"transid":55,"options":0,"radius":30,"len":5,"data":{"type":"Buffer","data":[24,134,11,10,0]}}
[2026-03-12 13:05:13] debug: 	zh:zstack:unpi:writer: --> frame [254,15,36,1,17,195,2,1,0,4,55,0,30,5,24,134,11,10,0,76]
[2026-03-12 13:05:13] debug: 	zh:zstack:unpi:parser: <-- [254,1,100,1,0,100]
[2026-03-12 13:05:13] debug: 	zh:zstack:unpi:parser: --- parseNext [254,1,100,1,0,100]
[2026-03-12 13:05:13] debug: 	zh:zstack:unpi:parser: --> parsed 1 - 3 - 4 - 1 - [0] - 100
[2026-03-12 13:05:13] debug: 	zh:zstack:znp: <-- SRSP: AF - dataRequest - {"status":0}
[2026-03-12 13:05:13] debug: 	zh:zstack:unpi:parser: --- parseNext []
[2026-03-12 13:05:13] debug: 	zh:zstack:unpi:parser: <-- [254,3,68,128,0,1,55,241]
[2026-03-12 13:05:13] debug: 	zh:zstack:unpi:parser: --- parseNext [254,3,68,128,0,1,55,241]
[2026-03-12 13:05:13] debug: 	zh:zstack:unpi:parser: --> parsed 3 - 2 - 4 - 128 - [0,1,55] - 241
[2026-03-12 13:05:13] debug: 	zh:zstack:znp: <-- AREQ: AF - dataConfirm - {"status":0,"endpoint":1,"transid":55}
[2026-03-12 13:05:13] debug: 	zh:zstack:unpi:parser: --- parseNext []
[2026-03-12 13:05:13] debug: 	zh:zstack: sendZclFrameToEndpointInternal 0x001788010916738d:49937/2 (0,0,19)
[2026-03-12 13:05:13] debug: 	zh:zstack:znp: --> SREQ: AF - dataRequest - {"dstaddr":49937,"destendpoint":2,"srcendpoint":1,"clusterid":1024,"transid":56,"options":0,"radius":30,"len":5,"data":{"type":"Buffer","data":[24,135,11,10,0]}}
[2026-03-12 13:05:13] debug: 	zh:zstack:unpi:writer: --> frame [254,15,36,1,17,195,2,1,0,4,56,0,30,5,24,135,11,10,0,66]
[2026-03-12 13:05:13] debug: 	zh:zstack:unpi:parser: <-- [254,1,100,1,0,100]
[2026-03-12 13:05:13] debug: 	zh:zstack:unpi:parser: --- parseNext [254,1,100,1,0,100]
[2026-03-12 13:05:13] debug: 	zh:zstack:unpi:parser: --> parsed 1 - 3 - 4 - 1 - [0] - 100
[2026-03-12 13:05:13] debug: 	zh:zstack:znp: <-- SRSP: AF - dataRequest - {"status":0}
[2026-03-12 13:05:13] debug: 	zh:zstack:unpi:parser: --- parseNext []
[2026-03-12 13:05:13] debug: 	zh:zstack:unpi:parser: <-- [254,3,68,128,0,1,56,254]
[2026-03-12 13:05:13] debug: 	zh:zstack:unpi:parser: --- parseNext [254,3,68,128,0,1,56,254]
[2026-03-12 13:05:13] debug: 	zh:zstack:unpi:parser: --> parsed 3 - 2 - 4 - 128 - [0,1,56] - 254
[2026-03-12 13:05:13] debug: 	zh:zstack:znp: <-- AREQ: AF - dataConfirm - {"status":0,"endpoint":1,"transid":56}
[2026-03-12 13:05:13] debug: 	zh:zstack:unpi:parser: --- parseNext []
[2026-03-12 13:05:13] debug: 	zh:zstack: sendZclFrameToEndpointInternal 0x001788010916738d:49937/2 (0,0,18)
[2026-03-12 13:05:13] debug: 	zh:zstack:znp: --> SREQ: AF - dataRequest - {"dstaddr":49937,"destendpoint":2,"srcendpoint":1,"clusterid":1024,"transid":57,"options":0,"radius":30,"len":5,"data":{"type":"Buffer","data":[24,136,11,10,0]}}
[2026-03-12 13:05:13] debug: 	zh:zstack:unpi:writer: --> frame [254,15,36,1,17,195,2,1,0,4,57,0,30,5,24,136,11,10,0,76]
[2026-03-12 13:05:13] debug: 	zh:zstack:unpi:parser: <-- [254,1,100,1,0,100]
[2026-03-12 13:05:13] debug: 	zh:zstack:unpi:parser: --- parseNext [254,1,100,1,0,100]
[2026-03-12 13:05:13] debug: 	zh:zstack:unpi:parser: --> parsed 1 - 3 - 4 - 1 - [0] - 100
[2026-03-12 13:05:13] debug: 	zh:zstack:znp: <-- SRSP: AF - dataRequest - {"status":0}
[2026-03-12 13:05:13] debug: 	zh:zstack:unpi:parser: --- parseNext []
[2026-03-12 13:05:13] debug: 	zh:zstack:unpi:parser: <-- [254,3,68,128,0,1,57,255]
[2026-03-12 13:05:13] debug: 	zh:zstack:unpi:parser: --- parseNext [254,3,68,128,0,1,57,255]
[2026-03-12 13:05:13] debug: 	zh:zstack:unpi:parser: --> parsed 3 - 2 - 4 - 128 - [0,1,57] - 255
[2026-03-12 13:05:13] debug: 	zh:zstack:znp: <-- AREQ: AF - dataConfirm - {"status":0,"endpoint":1,"transid":57}
[2026-03-12 13:05:13] debug: 	zh:zstack:unpi:parser: --- parseNext []
[2026-03-12 13:05:13] debug: 	zh:zstack: sendZclFrameToEndpointInternal 0x001788010916738d:49937/2 (0,0,17)
[2026-03-12 13:05:13] debug: 	zh:zstack:znp: --> SREQ: AF - dataRequest - {"dstaddr":49937,"destendpoint":2,"srcendpoint":1,"clusterid":1024,"transid":58,"options":0,"radius":30,"len":5,"data":{"type":"Buffer","data":[24,137,11,10,0]}}
[2026-03-12 13:05:13] debug: 	zh:zstack:unpi:writer: --> frame [254,15,36,1,17,195,2,1,0,4,58,0,30,5,24,137,11,10,0,78]
[2026-03-12 13:05:13] debug: 	zh:zstack:unpi:parser: <-- [254,1,100,1,0,100]
[2026-03-12 13:05:13] debug: 	zh:zstack:unpi:parser: --- parseNext [254,1,100,1,0,100]
[2026-03-12 13:05:13] debug: 	zh:zstack:unpi:parser: --> parsed 1 - 3 - 4 - 1 - [0] - 100
[2026-03-12 13:05:13] debug: 	zh:zstack:znp: <-- SRSP: AF - dataRequest - {"status":0}
[2026-03-12 13:05:13] debug: 	zh:zstack:unpi:parser: --- parseNext []
[2026-03-12 13:05:13] debug: 	zh:zstack:unpi:parser: <-- [254,3,68,128,0,1,58,252]
[2026-03-12 13:05:13] debug: 	zh:zstack:unpi:parser: --- parseNext [254,3,68,128,0,1,58,252]
[2026-03-12 13:05:13] debug: 	zh:zstack:unpi:parser: --> parsed 3 - 2 - 4 - 128 - [0,1,58] - 252
[2026-03-12 13:05:13] debug: 	zh:zstack:znp: <-- AREQ: AF - dataConfirm - {"status":0,"endpoint":1,"transid":58}
[2026-03-12 13:05:13] debug: 	zh:zstack:unpi:parser: --- parseNext []
[2026-03-12 13:05:13] debug: 	zh:zstack: sendZclFrameToEndpointInternal 0x001788010916738d:49937/2 (0,0,16)
[2026-03-12 13:05:13] debug: 	zh:zstack:znp: --> SREQ: AF - dataRequest - {"dstaddr":49937,"destendpoint":2,"srcendpoint":1,"clusterid":1024,"transid":59,"options":0,"radius":30,"len":5,"data":{"type":"Buffer","data":[24,138,11,10,0]}}
[2026-03-12 13:05:13] debug: 	zh:zstack:unpi:writer: --> frame [254,15,36,1,17,195,2,1,0,4,59,0,30,5,24,138,11,10,0,76]
[2026-03-12 13:05:13] debug: 	zh:zstack:unpi:parser: <-- [254,1,100,1,0,100]
[2026-03-12 13:05:13] debug: 	zh:zstack:unpi:parser: --- parseNext [254,1,100,1,0,100]
[2026-03-12 13:05:13] debug: 	zh:zstack:unpi:parser: --> parsed 1 - 3 - 4 - 1 - [0] - 100
[2026-03-12 13:05:13] debug: 	zh:zstack:znp: <-- SRSP: AF - dataRequest - {"status":0}
[2026-03-12 13:05:13] debug: 	zh:zstack:unpi:parser: --- parseNext []
[2026-03-12 13:05:13] debug: 	zh:zstack:unpi:parser: <-- [254,3,68,128,0,1,59,253]
[2026-03-12 13:05:13] debug: 	zh:zstack:unpi:parser: --- parseNext [254,3,68,128,0,1,59,253]
[2026-03-12 13:05:13] debug: 	zh:zstack:unpi:parser: --> parsed 3 - 2 - 4 - 128 - [0,1,59] - 253
[2026-03-12 13:05:13] debug: 	zh:zstack:znp: <-- AREQ: AF - dataConfirm - {"status":0,"endpoint":1,"transid":59}
[2026-03-12 13:05:13] debug: 	zh:zstack:unpi:parser: --- parseNext []
[2026-03-12 13:05:13] debug: 	zh:zstack: sendZclFrameToEndpointInternal 0x001788010916738d:49937/2 (0,0,15)
[2026-03-12 13:05:13] debug: 	zh:zstack:znp: --> SREQ: AF - dataRequest - {"dstaddr":49937,"destendpoint":2,"srcendpoint":1,"clusterid":1024,"transid":60,"options":0,"radius":30,"len":5,"data":{"type":"Buffer","data":[24,139,11,10,0]}}
[2026-03-12 13:05:13] debug: 	zh:zstack:unpi:writer: --> frame [254,15,36,1,17,195,2,1,0,4,60,0,30,5,24,139,11,10,0,74]
[2026-03-12 13:05:13] debug: 	zh:zstack:unpi:parser: <-- [254,1,100,1,0,100]
[2026-03-12 13:05:13] debug: 	zh:zstack:unpi:parser: --- parseNext [254,1,100,1,0,100]
[2026-03-12 13:05:13] debug: 	zh:zstack:unpi:parser: --> parsed 1 - 3 - 4 - 1 - [0] - 100
[2026-03-12 13:05:13] debug: 	zh:zstack:znp: <-- SRSP: AF - dataRequest - {"status":0}
[2026-03-12 13:05:13] debug: 	zh:zstack:unpi:parser: --- parseNext []
[2026-03-12 13:05:13] debug: 	zh:zstack:unpi:parser: <-- [254,3,68,128,0,1,60,250]
[2026-03-12 13:05:13] debug: 	zh:zstack:unpi:parser: --- parseNext [254,3,68,128,0,1,60,250]
[2026-03-12 13:05:13] debug: 	zh:zstack:unpi:parser: --> parsed 3 - 2 - 4 - 128 - [0,1,60] - 250
[2026-03-12 13:05:13] debug: 	zh:zstack:znp: <-- AREQ: AF - dataConfirm - {"status":0,"endpoint":1,"transid":60}
[2026-03-12 13:05:13] debug: 	zh:zstack:unpi:parser: --- parseNext []
[2026-03-12 13:05:13] debug: 	zh:zstack: sendZclFrameToEndpointInternal 0x001788010916738d:49937/2 (0,0,14)
[2026-03-12 13:05:13] debug: 	zh:zstack:znp: --> SREQ: AF - dataRequest - {"dstaddr":49937,"destendpoint":2,"srcendpoint":1,"clusterid":1024,"transid":61,"options":0,"radius":30,"len":5,"data":{"type":"Buffer","data":[24,140,11,10,0]}}
[2026-03-12 13:05:13] debug: 	zh:zstack:unpi:writer: --> frame [254,15,36,1,17,195,2,1,0,4,61,0,30,5,24,140,11,10,0,76]
[2026-03-12 13:05:13] debug: 	zh:zstack:unpi:parser: <-- [254,1,100,1,0,100,254,3,68,128,0,1,61,251]
[2026-03-12 13:05:13] debug: 	zh:zstack:unpi:parser: --- parseNext [254,1,100,1,0,100,254,3,68,128,0,1,61,251]
[2026-03-12 13:05:13] debug: 	zh:zstack:unpi:parser: --> parsed 1 - 3 - 4 - 1 - [0] - 100
[2026-03-12 13:05:13] debug: 	zh:zstack:znp: <-- SRSP: AF - dataRequest - {"status":0}
[2026-03-12 13:05:13] debug: 	zh:zstack:unpi:parser: --- parseNext [254,3,68,128,0,1,61,251]
[2026-03-12 13:05:13] debug: 	zh:zstack:unpi:parser: --> parsed 3 - 2 - 4 - 128 - [0,1,61] - 251
[2026-03-12 13:05:13] debug: 	zh:zstack:znp: <-- AREQ: AF - dataConfirm - {"status":0,"endpoint":1,"transid":61}
[2026-03-12 13:05:13] debug: 	zh:zstack:unpi:parser: --- parseNext []
[2026-03-12 13:05:13] debug: 	zh:zstack: sendZclFrameToEndpointInternal 0x001788010916738d:49937/2 (0,0,13)
[2026-03-12 13:05:13] debug: 	zh:zstack:znp: --> SREQ: AF - dataRequest - {"dstaddr":49937,"destendpoint":2,"srcendpoint":1,"clusterid":1024,"transid":62,"options":0,"radius":30,"len":5,"data":{"type":"Buffer","data":[24,141,11,10,0]}}
[2026-03-12 13:05:13] debug: 	zh:zstack:unpi:writer: --> frame [254,15,36,1,17,195,2,1,0,4,62,0,30,5,24,141,11,10,0,78]
[2026-03-12 13:05:13] debug: 	zh:zstack:unpi:parser: <-- [254,1,100,1,0,100]
[2026-03-12 13:05:13] debug: 	zh:zstack:unpi:parser: --- parseNext [254,1,100,1,0,100]
[2026-03-12 13:05:13] debug: 	zh:zstack:unpi:parser: --> parsed 1 - 3 - 4 - 1 - [0] - 100
[2026-03-12 13:05:13] debug: 	zh:zstack:znp: <-- SRSP: AF - dataRequest - {"status":0}
[2026-03-12 13:05:13] debug: 	zh:zstack:unpi:parser: --- parseNext []
[2026-03-12 13:05:13] debug: 	zh:zstack:unpi:parser: <-- [254,3,68,128,0,1,62,248]
[2026-03-12 13:05:13] debug: 	zh:zstack:unpi:parser: --- parseNext [254,3,68,128,0,1,62,248]
[2026-03-12 13:05:13] debug: 	zh:zstack:unpi:parser: --> parsed 3 - 2 - 4 - 128 - [0,1,62] - 248
[2026-03-12 13:05:13] debug: 	zh:zstack:znp: <-- AREQ: AF - dataConfirm - {"status":0,"endpoint":1,"transid":62}
[2026-03-12 13:05:13] debug: 	zh:zstack:unpi:parser: --- parseNext []
[2026-03-12 13:05:13] debug: 	zh:zstack: sendZclFrameToEndpointInternal 0x001788010916738d:49937/2 (0,0,12)
[2026-03-12 13:05:13] debug: 	zh:zstack:znp: --> SREQ: AF - dataRequest - {"dstaddr":49937,"destendpoint":2,"srcendpoint":1,"clusterid":1024,"transid":63,"options":0,"radius":30,"len":5,"data":{"type":"Buffer","data":[24,142,11,10,0]}}
[2026-03-12 13:05:13] debug: 	zh:zstack:unpi:writer: --> frame [254,15,36,1,17,195,2,1,0,4,63,0,30,5,24,142,11,10,0,76]
[2026-03-12 13:05:13] debug: 	zh:zstack:unpi:parser: <-- [254,1,100,1,0,100]
[2026-03-12 13:05:13] debug: 	zh:zstack:unpi:parser: --- parseNext [254,1,100,1,0,100]
[2026-03-12 13:05:13] debug: 	zh:zstack:unpi:parser: --> parsed 1 - 3 - 4 - 1 - [0] - 100
[2026-03-12 13:05:13] debug: 	zh:zstack:znp: <-- SRSP: AF - dataRequest - {"status":0}
[2026-03-12 13:05:13] debug: 	zh:zstack:unpi:parser: --- parseNext []
[2026-03-12 13:05:13] debug: 	zh:zstack:unpi:parser: <-- [254,3,68,128,0,1,63,249]
[2026-03-12 13:05:13] debug: 	zh:zstack:unpi:parser: --- parseNext [254,3,68,128,0,1,63,249]
[2026-03-12 13:05:13] debug: 	zh:zstack:unpi:parser: --> parsed 3 - 2 - 4 - 128 - [0,1,63] - 249
[2026-03-12 13:05:13] debug: 	zh:zstack:znp: <-- AREQ: AF - dataConfirm - {"status":0,"endpoint":1,"transid":63}
[2026-03-12 13:05:13] debug: 	zh:zstack:unpi:parser: --- parseNext []
[2026-03-12 13:05:13] debug: 	zh:zstack: sendZclFrameToEndpointInternal 0x001788010916738d:49937/2 (0,0,11)
[2026-03-12 13:05:13] debug: 	zh:zstack:znp: --> SREQ: AF - dataRequest - {"dstaddr":49937,"destendpoint":2,"srcendpoint":1,"clusterid":1024,"transid":64,"options":0,"radius":30,"len":5,"data":{"type":"Buffer","data":[24,143,11,10,0]}}
[2026-03-12 13:05:13] debug: 	zh:zstack:unpi:writer: --> frame [254,15,36,1,17,195,2,1,0,4,64,0,30,5,24,143,11,10,0,50]
[2026-03-12 13:05:13] debug: 	zh:zstack:unpi:parser: <-- [254,1,100,1,0,100]
[2026-03-12 13:05:13] debug: 	zh:zstack:unpi:parser: --- parseNext [254,1,100,1,0,100]
[2026-03-12 13:05:13] debug: 	zh:zstack:unpi:parser: --> parsed 1 - 3 - 4 - 1 - [0] - 100
[2026-03-12 13:05:13] debug: 	zh:zstack:znp: <-- SRSP: AF - dataRequest - {"status":0}
[2026-03-12 13:05:13] debug: 	zh:zstack:unpi:parser: --- parseNext []
[2026-03-12 13:05:13] debug: 	zh:zstack:unpi:parser: <-- [254,3,68,128,0,1,64,134]
[2026-03-12 13:05:13] debug: 	zh:zstack:unpi:parser: --- parseNext [254,3,68,128,0,1,64,134]
[2026-03-12 13:05:13] debug: 	zh:zstack:unpi:parser: --> parsed 3 - 2 - 4 - 128 - [0,1,64] - 134
[2026-03-12 13:05:13] debug: 	zh:zstack:znp: <-- AREQ: AF - dataConfirm - {"status":0,"endpoint":1,"transid":64}
[2026-03-12 13:05:13] debug: 	zh:zstack:unpi:parser: --- parseNext []
[2026-03-12 13:05:13] debug: 	zh:zstack: sendZclFrameToEndpointInternal 0x001788010916738d:49937/2 (0,0,10)
[2026-03-12 13:05:13] debug: 	zh:zstack:znp: --> SREQ: AF - dataRequest - {"dstaddr":49937,"destendpoint":2,"srcendpoint":1,"clusterid":1024,"transid":65,"options":0,"radius":30,"len":5,"data":{"type":"Buffer","data":[24,144,11,10,0]}}
[2026-03-12 13:05:13] debug: 	zh:zstack:unpi:writer: --> frame [254,15,36,1,17,195,2,1,0,4,65,0,30,5,24,144,11,10,0,44]
[2026-03-12 13:05:13] debug: 	zh:zstack:unpi:parser: <-- [254,1,100,1,0,100]
[2026-03-12 13:05:13] debug: 	zh:zstack:unpi:parser: --- parseNext [254,1,100,1,0,100]
[2026-03-12 13:05:13] debug: 	zh:zstack:unpi:parser: --> parsed 1 - 3 - 4 - 1 - [0] - 100
[2026-03-12 13:05:13] debug: 	zh:zstack:znp: <-- SRSP: AF - dataRequest - {"status":0}
[2026-03-12 13:05:13] debug: 	zh:zstack:unpi:parser: --- parseNext []
[2026-03-12 13:05:13] debug: 	zh:zstack:unpi:parser: <-- [254,3,68,128,0,1,65,135]
[2026-03-12 13:05:13] debug: 	zh:zstack:unpi:parser: --- parseNext [254,3,68,128,0,1,65,135]
[2026-03-12 13:05:13] debug: 	zh:zstack:unpi:parser: --> parsed 3 - 2 - 4 - 128 - [0,1,65] - 135
[2026-03-12 13:05:13] debug: 	zh:zstack:znp: <-- AREQ: AF - dataConfirm - {"status":0,"endpoint":1,"transid":65}
[2026-03-12 13:05:13] debug: 	zh:zstack:unpi:parser: --- parseNext []
[2026-03-12 13:05:13] debug: 	zh:zstack: sendZclFrameToEndpointInternal 0x001788010916738d:49937/2 (0,0,9)
[2026-03-12 13:05:13] debug: 	zh:zstack:znp: --> SREQ: AF - dataRequest - {"dstaddr":49937,"destendpoint":2,"srcendpoint":1,"clusterid":1024,"transid":66,"options":0,"radius":30,"len":5,"data":{"type":"Buffer","data":[24,145,11,10,0]}}
[2026-03-12 13:05:13] debug: 	zh:zstack:unpi:writer: --> frame [254,15,36,1,17,195,2,1,0,4,66,0,30,5,24,145,11,10,0,46]
[2026-03-12 13:05:13] debug: 	zh:zstack:unpi:parser: <-- [254,1,100,1,0,100]
[2026-03-12 13:05:13] debug: 	zh:zstack:unpi:parser: --- parseNext [254,1,100,1,0,100]
[2026-03-12 13:05:13] debug: 	zh:zstack:unpi:parser: --> parsed 1 - 3 - 4 - 1 - [0] - 100
[2026-03-12 13:05:13] debug: 	zh:zstack:znp: <-- SRSP: AF - dataRequest - {"status":0}
[2026-03-12 13:05:13] debug: 	zh:zstack:unpi:parser: --- parseNext []
[2026-03-12 13:05:13] debug: 	zh:zstack:unpi:parser: <-- [254,3,68,128,0,1,66,132]
[2026-03-12 13:05:13] debug: 	zh:zstack:unpi:parser: --- parseNext [254,3,68,128,0,1,66,132]
[2026-03-12 13:05:13] debug: 	zh:zstack:unpi:parser: --> parsed 3 - 2 - 4 - 128 - [0,1,66] - 132
[2026-03-12 13:05:13] debug: 	zh:zstack:znp: <-- AREQ: AF - dataConfirm - {"status":0,"endpoint":1,"transid":66}
[2026-03-12 13:05:13] debug: 	zh:zstack:unpi:parser: --- parseNext []
[2026-03-12 13:05:13] debug: 	zh:zstack: sendZclFrameToEndpointInternal 0x001788010916738d:49937/2 (0,0,8)
[2026-03-12 13:05:13] debug: 	zh:zstack:znp: --> SREQ: AF - dataRequest - {"dstaddr":49937,"destendpoint":2,"srcendpoint":1,"clusterid":1024,"transid":67,"options":0,"radius":30,"len":5,"data":{"type":"Buffer","data":[24,146,11,10,0]}}
[2026-03-12 13:05:13] debug: 	zh:zstack:unpi:writer: --> frame [254,15,36,1,17,195,2,1,0,4,67,0,30,5,24,146,11,10,0,44]
[2026-03-12 13:05:13] debug: 	zh:zstack:unpi:parser: <-- [254,1,100,1,0,100]
[2026-03-12 13:05:13] debug: 	zh:zstack:unpi:parser: --- parseNext [254,1,100,1,0,100]
[2026-03-12 13:05:13] debug: 	zh:zstack:unpi:parser: --> parsed 1 - 3 - 4 - 1 - [0] - 100
[2026-03-12 13:05:13] debug: 	zh:zstack:znp: <-- SRSP: AF - dataRequest - {"status":0}
[2026-03-12 13:05:13] debug: 	zh:zstack:unpi:parser: --- parseNext []
[2026-03-12 13:05:13] debug: 	zh:zstack:unpi:parser: <-- [254,3,68,128,0,1,67,133]
[2026-03-12 13:05:13] debug: 	zh:zstack:unpi:parser: --- parseNext [254,3,68,128,0,1,67,133]
[2026-03-12 13:05:13] debug: 	zh:zstack:unpi:parser: --> parsed 3 - 2 - 4 - 128 - [0,1,67] - 133
[2026-03-12 13:05:13] debug: 	zh:zstack:znp: <-- AREQ: AF - dataConfirm - {"status":0,"endpoint":1,"transid":67}
[2026-03-12 13:05:13] debug: 	zh:zstack:unpi:parser: --- parseNext []
[2026-03-12 13:05:13] debug: 	zh:zstack: sendZclFrameToEndpointInternal 0x001788010916738d:49937/2 (0,0,7)
[2026-03-12 13:05:13] debug: 	zh:zstack:znp: --> SREQ: AF - dataRequest - {"dstaddr":49937,"destendpoint":2,"srcendpoint":1,"clusterid":1024,"transid":68,"options":0,"radius":30,"len":5,"data":{"type":"Buffer","data":[24,147,11,10,0]}}
[2026-03-12 13:05:13] debug: 	zh:zstack:unpi:writer: --> frame [254,15,36,1,17,195,2,1,0,4,68,0,30,5,24,147,11,10,0,42]
[2026-03-12 13:05:13] debug: 	zh:zstack:unpi:parser: <-- [254,1,100,1,0,100]
[2026-03-12 13:05:13] debug: 	zh:zstack:unpi:parser: --- parseNext [254,1,100,1,0,100]
[2026-03-12 13:05:13] debug: 	zh:zstack:unpi:parser: --> parsed 1 - 3 - 4 - 1 - [0] - 100
[2026-03-12 13:05:13] debug: 	zh:zstack:znp: <-- SRSP: AF - dataRequest - {"status":0}
[2026-03-12 13:05:13] debug: 	zh:zstack:unpi:parser: --- parseNext []
[2026-03-12 13:05:13] debug: 	zh:zstack:unpi:parser: <-- [254,3,68,128,0,1,68,130]
[2026-03-12 13:05:13] debug: 	zh:zstack:unpi:parser: --- parseNext [254,3,68,128,0,1,68,130]
[2026-03-12 13:05:13] debug: 	zh:zstack:unpi:parser: --> parsed 3 - 2 - 4 - 128 - [0,1,68] - 130
[2026-03-12 13:05:13] debug: 	zh:zstack:znp: <-- AREQ: AF - dataConfirm - {"status":0,"endpoint":1,"transid":68}
[2026-03-12 13:05:13] debug: 	zh:zstack:unpi:parser: --- parseNext []
[2026-03-12 13:05:13] debug: 	zh:zstack: sendZclFrameToEndpointInternal 0x001788010916738d:49937/2 (0,0,6)
[2026-03-12 13:05:13] debug: 	zh:zstack:znp: --> SREQ: AF - dataRequest - {"dstaddr":49937,"destendpoint":2,"srcendpoint":1,"clusterid":1024,"transid":69,"options":0,"radius":30,"len":5,"data":{"type":"Buffer","data":[24,148,11,10,0]}}
[2026-03-12 13:05:13] debug: 	zh:zstack:unpi:writer: --> frame [254,15,36,1,17,195,2,1,0,4,69,0,30,5,24,148,11,10,0,44]
[2026-03-12 13:05:13] debug: 	zh:zstack:unpi:parser: <-- [254,1,100,1,0,100]
[2026-03-12 13:05:13] debug: 	zh:zstack:unpi:parser: --- parseNext [254,1,100,1,0,100]
[2026-03-12 13:05:13] debug: 	zh:zstack:unpi:parser: --> parsed 1 - 3 - 4 - 1 - [0] - 100
[2026-03-12 13:05:13] debug: 	zh:zstack:znp: <-- SRSP: AF - dataRequest - {"status":0}
[2026-03-12 13:05:13] debug: 	zh:zstack:unpi:parser: --- parseNext []
[2026-03-12 13:05:13] debug: 	zh:zstack:unpi:parser: <-- [254,3,68,128,0,1,69,131]
[2026-03-12 13:05:13] debug: 	zh:zstack:unpi:parser: --- parseNext [254,3,68,128,0,1,69,131]
[2026-03-12 13:05:13] debug: 	zh:zstack:unpi:parser: --> parsed 3 - 2 - 4 - 128 - [0,1,69] - 131
[2026-03-12 13:05:13] debug: 	zh:zstack:znp: <-- AREQ: AF - dataConfirm - {"status":0,"endpoint":1,"transid":69}
[2026-03-12 13:05:13] debug: 	zh:zstack:unpi:parser: --- parseNext []
[2026-03-12 13:05:13] debug: 	zh:zstack: sendZclFrameToEndpointInternal 0x001788010916738d:49937/2 (0,0,5)
[2026-03-12 13:05:13] debug: 	zh:zstack:znp: --> SREQ: AF - dataRequest - {"dstaddr":49937,"destendpoint":2,"srcendpoint":1,"clusterid":1024,"transid":70,"options":0,"radius":30,"len":5,"data":{"type":"Buffer","data":[24,149,11,10,0]}}
[2026-03-12 13:05:13] debug: 	zh:zstack:unpi:writer: --> frame [254,15,36,1,17,195,2,1,0,4,70,0,30,5,24,149,11,10,0,46]
[2026-03-12 13:05:13] debug: 	zh:zstack:unpi:parser: <-- [254,1,100,1,0,100]
[2026-03-12 13:05:13] debug: 	zh:zstack:unpi:parser: --- parseNext [254,1,100,1,0,100]
[2026-03-12 13:05:13] debug: 	zh:zstack:unpi:parser: --> parsed 1 - 3 - 4 - 1 - [0] - 100
[2026-03-12 13:05:13] debug: 	zh:zstack:znp: <-- SRSP: AF - dataRequest - {"status":0}
[2026-03-12 13:05:13] debug: 	zh:zstack:unpi:parser: --- parseNext []
[2026-03-12 13:05:13] debug: 	zh:zstack:unpi:parser: <-- [254,3,68,128,0,1,70,128]
[2026-03-12 13:05:13] debug: 	zh:zstack:unpi:parser: --- parseNext [254,3,68,128,0,1,70,128]
[2026-03-12 13:05:13] debug: 	zh:zstack:unpi:parser: --> parsed 3 - 2 - 4 - 128 - [0,1,70] - 128
[2026-03-12 13:05:13] debug: 	zh:zstack:znp: <-- AREQ: AF - dataConfirm - {"status":0,"endpoint":1,"transid":70}
[2026-03-12 13:05:13] debug: 	zh:zstack:unpi:parser: --- parseNext []
[2026-03-12 13:05:13] debug: 	zh:zstack: sendZclFrameToEndpointInternal 0x001788010916738d:49937/2 (0,0,4)
[2026-03-12 13:05:13] debug: 	zh:zstack:znp: --> SREQ: AF - dataRequest - {"dstaddr":49937,"destendpoint":2,"srcendpoint":1,"clusterid":1024,"transid":71,"options":0,"radius":30,"len":5,"data":{"type":"Buffer","data":[24,150,11,10,0]}}
[2026-03-12 13:05:13] debug: 	zh:zstack:unpi:writer: --> frame [254,15,36,1,17,195,2,1,0,4,71,0,30,5,24,150,11,10,0,44]
[2026-03-12 13:05:14] debug: 	zh:zstack:unpi:parser: <-- [254,1,100,1,0,100]
[2026-03-12 13:05:14] debug: 	zh:zstack:unpi:parser: --- parseNext [254,1,100,1,0,100]
[2026-03-12 13:05:14] debug: 	zh:zstack:unpi:parser: --> parsed 1 - 3 - 4 - 1 - [0] - 100
[2026-03-12 13:05:14] debug: 	zh:zstack:znp: <-- SRSP: AF - dataRequest - {"status":0}
[2026-03-12 13:05:14] debug: 	zh:zstack:unpi:parser: --- parseNext []
[2026-03-12 13:05:14] debug: 	zh:zstack:unpi:parser: <-- [254,3,68,128,0,1,71,129]
[2026-03-12 13:05:14] debug: 	zh:zstack:unpi:parser: --- parseNext [254,3,68,128,0,1,71,129]
[2026-03-12 13:05:14] debug: 	zh:zstack:unpi:parser: --> parsed 3 - 2 - 4 - 128 - [0,1,71] - 129
[2026-03-12 13:05:14] debug: 	zh:zstack:znp: <-- AREQ: AF - dataConfirm - {"status":0,"endpoint":1,"transid":71}
[2026-03-12 13:05:14] debug: 	zh:zstack:unpi:parser: --- parseNext []
[2026-03-12 13:05:14] debug: 	zh:zstack: sendZclFrameToEndpointInternal 0x001788010916738d:49937/2 (0,0,3)
[2026-03-12 13:05:14] debug: 	zh:zstack:znp: --> SREQ: AF - dataRequest - {"dstaddr":49937,"destendpoint":2,"srcendpoint":1,"clusterid":1024,"transid":72,"options":0,"radius":30,"len":5,"data":{"type":"Buffer","data":[24,151,11,10,0]}}
[2026-03-12 13:05:14] debug: 	zh:zstack:unpi:writer: --> frame [254,15,36,1,17,195,2,1,0,4,72,0,30,5,24,151,11,10,0,34]
[2026-03-12 13:05:14] debug: 	zh:zstack:unpi:parser: <-- [254,1,100,1,0,100]
[2026-03-12 13:05:14] debug: 	zh:zstack:unpi:parser: --- parseNext [254,1,100,1,0,100]
[2026-03-12 13:05:14] debug: 	zh:zstack:unpi:parser: --> parsed 1 - 3 - 4 - 1 - [0] - 100
[2026-03-12 13:05:14] debug: 	zh:zstack:znp: <-- SRSP: AF - dataRequest - {"status":0}
[2026-03-12 13:05:14] debug: 	zh:zstack:unpi:parser: --- parseNext []
[2026-03-12 13:05:14] debug: 	zh:zstack:unpi:parser: <-- [254,3,68,128,0,1,72,142]
[2026-03-12 13:05:14] debug: 	zh:zstack:unpi:parser: --- parseNext [254,3,68,128,0,1,72,142]
[2026-03-12 13:05:14] debug: 	zh:zstack:unpi:parser: --> parsed 3 - 2 - 4 - 128 - [0,1,72] - 142
[2026-03-12 13:05:14] debug: 	zh:zstack:znp: <-- AREQ: AF - dataConfirm - {"status":0,"endpoint":1,"transid":72}
[2026-03-12 13:05:14] debug: 	zh:zstack:unpi:parser: --- parseNext []
[2026-03-12 13:05:14] debug: 	zh:zstack: sendZclFrameToEndpointInternal 0x001788010916738d:49937/2 (0,0,2)
[2026-03-12 13:05:14] debug: 	zh:zstack:znp: --> SREQ: AF - dataRequest - {"dstaddr":49937,"destendpoint":2,"srcendpoint":1,"clusterid":1024,"transid":73,"options":0,"radius":30,"len":5,"data":{"type":"Buffer","data":[24,152,11,10,0]}}
[2026-03-12 13:05:14] debug: 	zh:zstack:unpi:writer: --> frame [254,15,36,1,17,195,2,1,0,4,73,0,30,5,24,152,11,10,0,44]
[2026-03-12 13:05:14] debug: 	zh:zstack:unpi:parser: <-- [254,1,100,1,0,100]
[2026-03-12 13:05:14] debug: 	zh:zstack:unpi:parser: --- parseNext [254,1,100,1,0,100]
[2026-03-12 13:05:14] debug: 	zh:zstack:unpi:parser: --> parsed 1 - 3 - 4 - 1 - [0] - 100
[2026-03-12 13:05:14] debug: 	zh:zstack:znp: <-- SRSP: AF - dataRequest - {"status":0}
[2026-03-12 13:05:14] debug: 	zh:zstack:unpi:parser: --- parseNext []
[2026-03-12 13:05:14] debug: 	zh:zstack:unpi:parser: <-- [254,3,68,128,0,1,73,143]
[2026-03-12 13:05:14] debug: 	zh:zstack:unpi:parser: --- parseNext [254,3,68,128,0,1,73,143]
[2026-03-12 13:05:14] debug: 	zh:zstack:unpi:parser: --> parsed 3 - 2 - 4 - 128 - [0,1,73] - 143
[2026-03-12 13:05:14] debug: 	zh:zstack:znp: <-- AREQ: AF - dataConfirm - {"status":0,"endpoint":1,"transid":73}
[2026-03-12 13:05:14] debug: 	zh:zstack:unpi:parser: --- parseNext []
[2026-03-12 13:05:14] debug: 	zh:zstack: sendZclFrameToEndpointInternal 0x001788010916738d:49937/2 (0,0,1)
[2026-03-12 13:05:14] debug: 	zh:zstack:znp: --> SREQ: AF - dataRequest - {"dstaddr":49937,"destendpoint":2,"srcendpoint":1,"clusterid":25,"transid":74,"options":0,"radius":30,"len":4,"data":{"type":"Buffer","data":[25,84,2,152]}}
[2026-03-12 13:05:14] debug: 	zh:zstack:unpi:writer: --> frame [254,14,36,1,17,195,2,1,25,0,74,0,30,4,25,84,2,152,100]
[2026-03-12 13:05:14] debug: 	zh:zstack:unpi:parser: <-- [254,1,100,1,0,100]
[2026-03-12 13:05:14] debug: 	zh:zstack:unpi:parser: --- parseNext [254,1,100,1,0,100]
[2026-03-12 13:05:14] debug: 	zh:zstack:unpi:parser: --> parsed 1 - 3 - 4 - 1 - [0] - 100
[2026-03-12 13:05:14] debug: 	zh:zstack:znp: <-- SRSP: AF - dataRequest - {"status":0}
[2026-03-12 13:05:14] debug: 	zh:zstack:unpi:parser: --- parseNext []
[2026-03-12 13:05:14] debug: 	zh:zstack:unpi:parser: <-- [254,3,68,128,0,1,74,140]
[2026-03-12 13:05:14] debug: 	zh:zstack:unpi:parser: --- parseNext [254,3,68,128,0,1,74,140]
[2026-03-12 13:05:14] debug: 	zh:zstack:unpi:parser: --> parsed 3 - 2 - 4 - 128 - [0,1,74] - 140
[2026-03-12 13:05:14] debug: 	zh:zstack:znp: <-- AREQ: AF - dataConfirm - {"status":0,"endpoint":1,"transid":74}
[2026-03-12 13:05:14] debug: 	zh:zstack:unpi:parser: --- parseNext []
[2026-03-12 13:05:14] debug: 	z2m: Responded to OTA request of 'Hue-Motiondetect' with 'NO_IMAGE_AVAILABLE'
[2026-03-12 13:05:15] debug: 	zh:zstack:unpi:parser: <-- [254,28,68,129,0,0,0,4,17,195,2,1,0,83,0,174,175,131,0,0,8,8,153,10,0,0,33,184,49,53,63,28,240]
[2026-03-12 13:05:15] debug: 	zh:zstack:unpi:parser: --- parseNext [254,28,68,129,0,0,0,4,17,195,2,1,0,83,0,174,175,131,0,0,8,8,153,10,0,0,33,184,49,53,63,28,240]
[2026-03-12 13:05:15] debug: 	zh:zstack:unpi:parser: --> parsed 28 - 2 - 4 - 129 - [0,0,0,4,17,195,2,1,0,83,0,174,175,131,0,0,8,8,153,10,0,0,33,184,49,53,63,28] - 240
[2026-03-12 13:05:15] debug: 	zh:zstack:znp: <-- AREQ: AF - incomingMsg - {"groupid":0,"clusterid":1024,"srcaddr":49937,"srcendpoint":2,"dstendpoint":1,"wasbroadcast":0,"linkquality":83,"securityuse":0,"timestamp":8630190,"transseqnumber":0,"len":8,"data":{"type":"Buffer","data":[8,153,10,0,0,33,184,49]}}
[2026-03-12 13:05:15] debug: 	zh:controller: Received payload: clusterID=1024, address=49937, groupID=0, endpoint=2, destinationEndpoint=1, wasBroadcast=false, linkQuality=83, frame={"header":{"frameControl":{"frameType":0,"manufacturerSpecific":false,"direction":1,"disableDefaultResponse":false,"reservedBits":0},"transactionSequenceNumber":153,"commandIdentifier":10},"payload":[{"attrId":0,"dataType":33,"attrData":12728}],"command":{"ID":10,"name":"report","parameters":[{"name":"attrId","type":9},{"name":"dataType","type":8},{"name":"attrData","type":1000}]}}
[2026-03-12 13:05:15] debug: 	zh:controller:endpoint: ZCL command 0x001788010916738d/2 msIlluminanceMeasurement.defaultRsp({"cmdId":10,"statusCode":0}, {"timeout":10000,"disableResponse":false,"disableRecovery":false,"disableDefaultResponse":true,"direction":1,"reservedBits":0,"transactionSequenceNumber":153,"writeUndiv":false})
[2026-03-12 13:05:15] debug: 	zh:zstack: sendZclFrameToEndpointInternal 0x001788010916738d:49937/2 (0,0,1)
[2026-03-12 13:05:15] debug: 	zh:zstack:znp: --> SREQ: AF - dataRequest - {"dstaddr":49937,"destendpoint":2,"srcendpoint":1,"clusterid":1024,"transid":75,"options":0,"radius":30,"len":5,"data":{"type":"Buffer","data":[24,153,11,10,0]}}
[2026-03-12 13:05:15] debug: 	zh:zstack:unpi:writer: --> frame [254,15,36,1,17,195,2,1,0,4,75,0,30,5,24,153,11,10,0,47]
[2026-03-12 13:05:15] debug: 	zh:zstack:unpi:parser: --- parseNext []
[2026-03-12 13:05:15] debug: 	z2m: Received Zigbee message from 'Hue-Motiondetect', type 'attributeReport', cluster 'msIlluminanceMeasurement', data '{"measuredValue":12728}' from endpoint 2 with groupID 0
[2026-03-12 13:05:15] debug: 	zh:zstack:unpi:parser: <-- [254,1,100,1,0,100,254,3,68,128,0,1,75,141]
[2026-03-12 13:05:15] debug: 	zh:zstack:unpi:parser: --- parseNext [254,1,100,1,0,100,254,3,68,128,0,1,75,141]
[2026-03-12 13:05:15] debug: 	zh:zstack:unpi:parser: --> parsed 1 - 3 - 4 - 1 - [0] - 100
[2026-03-12 13:05:15] debug: 	zh:zstack:znp: <-- SRSP: AF - dataRequest - {"status":0}
[2026-03-12 13:05:15] debug: 	zh:zstack:unpi:parser: --- parseNext [254,3,68,128,0,1,75,141]
[2026-03-12 13:05:15] debug: 	zh:zstack:unpi:parser: --> parsed 3 - 2 - 4 - 128 - [0,1,75] - 141
[2026-03-12 13:05:15] debug: 	zh:zstack:znp: <-- AREQ: AF - dataConfirm - {"status":0,"endpoint":1,"transid":75}
[2026-03-12 13:05:15] debug: 	zh:zstack:unpi:parser: --- parseNext []
[2026-03-12 13:05:25] debug: 	zh:zstack:unpi:parser: <-- [254,28,68,129,0,0,0,4,17,195,2,1,0,87,0,103,33,141,0,0,8,8,154,10,0,0,33,158,49,53,63,28,152]
[2026-03-12 13:05:25] debug: 	zh:zstack:unpi:parser: --- parseNext [254,28,68,129,0,0,0,4,17,195,2,1,0,87,0,103,33,141,0,0,8,8,154,10,0,0,33,158,49,53,63,28,152]
[2026-03-12 13:05:25] debug: 	zh:zstack:unpi:parser: --> parsed 28 - 2 - 4 - 129 - [0,0,0,4,17,195,2,1,0,87,0,103,33,141,0,0,8,8,154,10,0,0,33,158,49,53,63,28] - 152
[2026-03-12 13:05:25] debug: 	zh:zstack:znp: <-- AREQ: AF - incomingMsg - {"groupid":0,"clusterid":1024,"srcaddr":49937,"srcendpoint":2,"dstendpoint":1,"wasbroadcast":0,"linkquality":87,"securityuse":0,"timestamp":9249127,"transseqnumber":0,"len":8,"data":{"type":"Buffer","data":[8,154,10,0,0,33,158,49]}}
[2026-03-12 13:05:25] debug: 	zh:controller: Received payload: clusterID=1024, address=49937, groupID=0, endpoint=2, destinationEndpoint=1, wasBroadcast=false, linkQuality=87, frame={"header":{"frameControl":{"frameType":0,"manufacturerSpecific":false,"direction":1,"disableDefaultResponse":false,"reservedBits":0},"transactionSequenceNumber":154,"commandIdentifier":10},"payload":[{"attrId":0,"dataType":33,"attrData":12702}],"command":{"ID":10,"name":"report","parameters":[{"name":"attrId","type":9},{"name":"dataType","type":8},{"name":"attrData","type":1000}]}}
[2026-03-12 13:05:25] debug: 	zh:controller:endpoint: ZCL command 0x001788010916738d/2 msIlluminanceMeasurement.defaultRsp({"cmdId":10,"statusCode":0}, {"timeout":10000,"disableResponse":false,"disableRecovery":false,"disableDefaultResponse":true,"direction":1,"reservedBits":0,"transactionSequenceNumber":154,"writeUndiv":false})
[2026-03-12 13:05:25] debug: 	zh:zstack: sendZclFrameToEndpointInternal 0x001788010916738d:49937/2 (0,0,1)
[2026-03-12 13:05:25] debug: 	zh:zstack:znp: --> SREQ: AF - dataRequest - {"dstaddr":49937,"destendpoint":2,"srcendpoint":1,"clusterid":1024,"transid":76,"options":0,"radius":30,"len":5,"data":{"type":"Buffer","data":[24,154,11,10,0]}}
[2026-03-12 13:05:25] debug: 	zh:zstack:unpi:writer: --> frame [254,15,36,1,17,195,2,1,0,4,76,0,30,5,24,154,11,10,0,43]
[2026-03-12 13:05:25] debug: 	zh:zstack:unpi:parser: --- parseNext []
[2026-03-12 13:05:25] debug: 	z2m: Received Zigbee message from 'Hue-Motiondetect', type 'attributeReport', cluster 'msIlluminanceMeasurement', data '{"measuredValue":12702}' from endpoint 2 with groupID 0
[2026-03-12 13:05:25] debug: 	zh:zstack:unpi:parser: <-- [254,1,100,1,0,100]
[2026-03-12 13:05:25] debug: 	zh:zstack:unpi:parser: --- parseNext [254,1,100,1,0,100]
[2026-03-12 13:05:25] debug: 	zh:zstack:unpi:parser: --> parsed 1 - 3 - 4 - 1 - [0] - 100
[2026-03-12 13:05:25] debug: 	zh:zstack:znp: <-- SRSP: AF - dataRequest - {"status":0}
[2026-03-12 13:05:25] debug: 	zh:zstack:unpi:parser: --- parseNext []
[2026-03-12 13:05:25] debug: 	zh:zstack:unpi:parser: <-- [254,3,68,128,0,1,76,138]
[2026-03-12 13:05:25] debug: 	zh:zstack:unpi:parser: --- parseNext [254,3,68,128,0,1,76,138]
[2026-03-12 13:05:25] debug: 	zh:zstack:unpi:parser: --> parsed 3 - 2 - 4 - 128 - [0,1,76] - 138
[2026-03-12 13:05:25] debug: 	zh:zstack:znp: <-- AREQ: AF - dataConfirm - {"status":0,"endpoint":1,"transid":76}
[2026-03-12 13:05:25] debug: 	zh:zstack:unpi:parser: --- parseNext []
[2026-03-12 13:05:35] debug: 	zh:zstack:unpi:parser: <-- [254,28,68,129,0,0,0,4,17,195,2,1,0,87,0,167,163,150,0,0,8,8,155,10,0,0,33,184,49,53,63,28,230]
[2026-03-12 13:05:35] debug: 	zh:zstack:unpi:parser: --- parseNext [254,28,68,129,0,0,0,4,17,195,2,1,0,87,0,167,163,150,0,0,8,8,155,10,0,0,33,184,49,53,63,28,230]
[2026-03-12 13:05:35] debug: 	zh:zstack:unpi:parser: --> parsed 28 - 2 - 4 - 129 - [0,0,0,4,17,195,2,1,0,87,0,167,163,150,0,0,8,8,155,10,0,0,33,184,49,53,63,28] - 230
[2026-03-12 13:05:35] debug: 	zh:zstack:znp: <-- AREQ: AF - incomingMsg - {"groupid":0,"clusterid":1024,"srcaddr":49937,"srcendpoint":2,"dstendpoint":1,"wasbroadcast":0,"linkquality":87,"securityuse":0,"timestamp":9872295,"transseqnumber":0,"len":8,"data":{"type":"Buffer","data":[8,155,10,0,0,33,184,49]}}
[2026-03-12 13:05:35] debug: 	zh:controller: Received payload: clusterID=1024, address=49937, groupID=0, endpoint=2, destinationEndpoint=1, wasBroadcast=false, linkQuality=87, frame={"header":{"frameControl":{"frameType":0,"manufacturerSpecific":false,"direction":1,"disableDefaultResponse":false,"reservedBits":0},"transactionSequenceNumber":155,"commandIdentifier":10},"payload":[{"attrId":0,"dataType":33,"attrData":12728}],"command":{"ID":10,"name":"report","parameters":[{"name":"attrId","type":9},{"name":"dataType","type":8},{"name":"attrData","type":1000}]}}
[2026-03-12 13:05:35] debug: 	zh:controller:endpoint: ZCL command 0x001788010916738d/2 msIlluminanceMeasurement.defaultRsp({"cmdId":10,"statusCode":0}, {"timeout":10000,"disableResponse":false,"disableRecovery":false,"disableDefaultResponse":true,"direction":1,"reservedBits":0,"transactionSequenceNumber":155,"writeUndiv":false})
[2026-03-12 13:05:35] debug: 	zh:zstack: sendZclFrameToEndpointInternal 0x001788010916738d:49937/2 (0,0,1)
[2026-03-12 13:05:35] debug: 	zh:zstack:znp: --> SREQ: AF - dataRequest - {"dstaddr":49937,"destendpoint":2,"srcendpoint":1,"clusterid":1024,"transid":77,"options":0,"radius":30,"len":5,"data":{"type":"Buffer","data":[24,155,11,10,0]}}
[2026-03-12 13:05:35] debug: 	zh:zstack:unpi:writer: --> frame [254,15,36,1,17,195,2,1,0,4,77,0,30,5,24,155,11,10,0,43]
[2026-03-12 13:05:35] debug: 	zh:zstack:unpi:parser: --- parseNext []
[2026-03-12 13:05:35] debug: 	z2m: Received Zigbee message from 'Hue-Motiondetect', type 'attributeReport', cluster 'msIlluminanceMeasurement', data '{"measuredValue":12728}' from endpoint 2 with groupID 0
[2026-03-12 13:05:35] debug: 	zh:zstack:unpi:parser: <-- [254,1,100,1,0,100]
[2026-03-12 13:05:35] debug: 	zh:zstack:unpi:parser: --- parseNext [254,1,100,1,0,100]
[2026-03-12 13:05:35] debug: 	zh:zstack:unpi:parser: --> parsed 1 - 3 - 4 - 1 - [0] - 100
[2026-03-12 13:05:35] debug: 	zh:zstack:znp: <-- SRSP: AF - dataRequest - {"status":0}
[2026-03-12 13:05:35] debug: 	zh:zstack:unpi:parser: --- parseNext []
[2026-03-12 13:05:35] debug: 	zh:zstack:unpi:parser: <-- [254,3,68,128,0,1,77,139]
[2026-03-12 13:05:35] debug: 	zh:zstack:unpi:parser: --- parseNext [254,3,68,128,0,1,77,139]
[2026-03-12 13:05:35] debug: 	zh:zstack:unpi:parser: --> parsed 3 - 2 - 4 - 128 - [0,1,77] - 139
[2026-03-12 13:05:35] debug: 	zh:zstack:znp: <-- AREQ: AF - dataConfirm - {"status":0,"endpoint":1,"transid":77}
[2026-03-12 13:05:35] debug: 	zh:zstack:unpi:parser: --- parseNext []
